ключ;бренд;тир;частотность;съёмов_с_позицией;всего_позиций;лучшая_позиция;ТОП10;ТОП3;доменов
leon casino;leon;ВЧ;9509957;5;5;5;2;0;4
аркада казино официальный сайт;arkada;ВЧ;9360080;7;7;19;0;0;6
аркада казино официальный;arkada;ВЧ;9360080;9;9;24;0;0;5
пин ап официальный сайт;pin up;ВЧ;8681880;10;11;7;2;0;9
пин ап официальный;pin up;ВЧ;8681880;15;16;16;0;0;11
кент казино;kent;ВЧ;8014954;7;8;3;3;1;5
kent casino официальный сайт;kent;ВЧ;8014954;8;10;4;5;0;7
kent casino;kent;ВЧ;8014954;8;12;5;5;0;8
кент казино зеркало;kent;ВЧ;8014954;6;6;5;4;0;4
кент казино официальный сайт;kent;ВЧ;8014954;5;7;5;3;0;4
kent casino официальный;kent;ВЧ;8014954;6;11;6;4;0;6
kent казино;kent;ВЧ;8014954;5;8;7;1;0;5
казино кент;kent;ВЧ;8014954;6;7;7;1;0;4
casino mellstroy;mellstroy;ВЧ;6584223;13;15;7;2;0;8
mellstroy казино;mellstroy;ВЧ;6584223;8;9;8;3;0;6
mellstroy casino;mellstroy;ВЧ;6584223;8;9;9;1;0;7
казино меллстрой;mellstroy;ВЧ;6584223;10;13;9;1;0;7
меллстрой казино официальный сайт;mellstroy;ВЧ;6584223;12;16;9;2;0;7
меллстрой казино;mellstroy;ВЧ;6584223;9;10;13;0;0;5
pokerdom зеркало;pokerdom;ВЧ;5967595;13;13;5;2;0;7
зеркало покердом;pokerdom;ВЧ;5967595;7;7;6;1;0;5
покердом вход;pokerdom;ВЧ;5967595;12;16;20;0;0;13
покердом зеркало;pokerdom;ВЧ;5967595;6;6;28;0;0;6
покердом официальный сайт;pokerdom;ВЧ;5967595;7;14;51;0;0;14
казино покердом;pokerdom;ВЧ;5967595;7;7;68;0;0;6
покердом казино;pokerdom;ВЧ;5967595;6;6;75;0;0;5
казино зума играть;zooma;ВЧ;4581141;9;9;4;3;0;7
зума казино играть;zooma;ВЧ;4581141;10;10;5;3;0;7
зума casino;zooma;ВЧ;4581141;8;8;7;1;0;6
зума казино;zooma;ВЧ;4581141;5;5;7;1;0;4
зума казино регистрация;zooma;ВЧ;4581141;7;7;7;2;0;4
zooma казино;zooma;ВЧ;4581141;5;5;8;2;0;4
казино зума;zooma;ВЧ;4581141;5;6;8;1;0;5
zooma casino;zooma;ВЧ;4581141;5;5;11;0;0;4
зума казино официальный сайт;zooma;ВЧ;4581141;7;8;14;0;0;5
atom casino официальный сайт;atom;ВЧ;4158849;14;18;4;3;0;10
atom casino;atom;ВЧ;4158849;6;8;6;1;0;5
атом казино официальный сайт;atom;ВЧ;4158849;13;18;6;4;0;10
atom казино;atom;ВЧ;4158849;9;9;7;2;0;7
атом казино;atom;ВЧ;4158849;9;9;7;1;0;6
атом казино официальный;atom;ВЧ;4158849;12;15;7;2;0;9
казино atom;atom;ВЧ;4158849;9;10;7;3;0;6
casino atom;atom;ВЧ;4158849;9;11;10;1;0;7
казино атом;atom;ВЧ;4158849;11;11;12;0;0;8
атом казино вход;atom;ВЧ;4158849;26;35;16;0;0;23
казино мотор;motor;ВЧ;3776796;13;13;6;1;0;10
мотор казино зеркало;motor;ВЧ;3776796;11;12;6;2;0;6
casino motor;motor;ВЧ;3776796;7;7;8;1;0;4
мотор казино регистрация;motor;ВЧ;3776796;12;13;9;1;0;8
motor casino;motor;ВЧ;3776796;10;10;10;2;0;6
мотор казино;motor;ВЧ;3776796;14;14;10;1;0;9
мотор казино официальный;motor;ВЧ;3776796;10;11;11;0;0;8
мотор казино вход;motor;ВЧ;3776796;8;8;16;0;0;5
мотор казино официальный сайт;motor;ВЧ;3776796;5;6;24;0;0;6
казино комета;kometa;ВЧ;3467104;9;9;4;1;0;5
casino kometa;kometa;ВЧ;3467104;6;6;10;2;0;4
комета казино официальный сайт;kometa;ВЧ;3467104;9;9;10;1;0;6
kometa casino;kometa;ВЧ;3467104;9;9;11;0;0;5
комета казино официальный;kometa;ВЧ;3467104;7;8;11;0;0;6
казино kometa;kometa;ВЧ;3467104;5;6;13;0;0;4
комета казино онлайн;kometa;ВЧ;3467104;6;6;13;0;0;3
kometa казино;kometa;ВЧ;3467104;5;5;14;0;0;3
комета казино;kometa;ВЧ;3467104;5;5;16;0;0;3
куш казино;kush;ВЧ;3358528;8;10;3;3;2;7
casino куш;kush;ВЧ;3358528;8;11;4;5;0;9
куш казино официальный сайт;kush;ВЧ;3358528;19;25;5;5;0;17
casino kush;kush;ВЧ;3358528;9;9;7;4;0;7
казино куш;kush;ВЧ;3358528;9;10;9;1;0;8
kush casino;kush;ВЧ;3358528;8;9;11;0;0;7
казино kush;kush;ВЧ;3358528;7;8;12;0;0;8
kush казино;kush;ВЧ;3358528;10;12;13;0;0;10
куш казино зеркало;kush;ВЧ;3358528;9;9;13;0;0;7
ева казино промокод;eva;ВЧ;3167311;10;10;17;0;0;6
play fortuna;play fortuna;ВЧ;3123282;5;5;3;1;1;3
плей фортуна официальный;play fortuna;ВЧ;3123282;12;12;4;6;0;6
плей фортуна;play fortuna;ВЧ;3123282;6;6;9;1;0;4
плей фортуна официальный сайт;play fortuna;ВЧ;3123282;5;5;10;1;0;4
daddy casino вход;daddy;ВЧ;2944736;9;12;3;1;1;9
daddy casino официальный сайт;daddy;ВЧ;2944736;18;25;3;2;1;19
дэдди казино вход;daddy;ВЧ;2944736;20;28;4;5;0;19
daddy казино;daddy;ВЧ;2944736;9;13;5;4;0;9
дэдди казино;daddy;ВЧ;2944736;6;7;8;2;0;7
казино дэдди;daddy;ВЧ;2944736;6;8;8;2;0;5
мартин казино;martin;ВЧ;2830958;5;8;1;4;2;4
casino martin;martin;ВЧ;2830958;5;5;3;3;1;4
martin casino;martin;ВЧ;2830958;8;8;3;3;1;6
мартин казино официальный;martin;ВЧ;2830958;20;25;3;2;1;18
мартин казино регистрация;martin;ВЧ;2830958;10;12;7;2;0;6
мартин казино официальный сайт;martin;ВЧ;2830958;27;41;9;2;0;30
мартин казино вход;martin;ВЧ;2830958;7;9;73;0;0;8
banda casino официальный сайт;banda;ВЧ;2767327;35;57;4;2;0;40
casino banda;banda;ВЧ;2767327;13;15;5;1;0;13
банда казино играть;banda;ВЧ;2767327;8;9;6;2;0;6
banda казино;banda;ВЧ;2767327;9;9;7;1;0;8
банда казино официальный;banda;ВЧ;2767327;14;18;9;2;0;14
банда казино зеркало;banda;ВЧ;2767327;5;5;11;0;0;4
banda casino;banda;ВЧ;2767327;14;15;12;0;0;14
банда казино официальный сайт;banda;ВЧ;2767327;20;25;12;0;0;19
биф казино;beef;ВЧ;2743713;16;17;6;1;0;11
биф казино сайт;beef;ВЧ;2743713;32;41;7;1;0;25
казино beef;beef;ВЧ;2743713;21;23;7;1;0;16
биф казино онлайн;beef;ВЧ;2743713;41;69;8;1;0;45
казино биф;beef;ВЧ;2743713;24;34;8;1;0;21
beef casino;beef;ВЧ;2743713;16;19;10;1;0;12
beef казино;beef;ВЧ;2743713;13;16;11;0;0;11
casino beef;beef;ВЧ;2743713;10;10;18;0;0;6
beef casino официальный сайт;beef;ВЧ;2743713;45;70;20;0;0;46
биф казино официальный сайт;beef;ВЧ;2743713;34;57;22;0;0;42
стейк зеркало;stake;ВЧ;2723742;7;10;12;0;0;10
стейк казино официальный сайт;stake;ВЧ;2723742;16;17;49;0;0;10
стейк казино онлайн;stake;ВЧ;2723742;6;9;57;0;0;5
казино stake;stake;ВЧ;2723742;5;5;75;0;0;4
кактус казино вход;cactus;ВЧ;2599593;26;29;2;8;1;18
кактус казино;cactus;ВЧ;2599593;19;21;3;7;1;17
кактус казино зеркало;cactus;ВЧ;2599593;21;24;3;10;1;20
кактус казино регистрация;cactus;ВЧ;2599593;29;32;3;10;2;22
cactus casino зеркало;cactus;ВЧ;2599593;15;15;4;3;0;10
cactus казино;cactus;ВЧ;2599593;22;26;4;11;0;17
кактус казино официальный сайт;cactus;ВЧ;2599593;25;33;4;5;0;29
cactus casino;cactus;ВЧ;2599593;15;16;5;6;0;11
casino cactus;cactus;ВЧ;2599593;10;12;5;6;0;9
казино кактус;cactus;ВЧ;2599593;24;27;5;10;0;20
клуб вулкан лев;lev;ВЧ;2488641;7;7;41;0;0;6
гет икс казино регистрация;casino x;ВЧ;2285549;39;55;4;1;0;44
мани икс казино регистрация;casino x;ВЧ;2285549;5;5;4;1;0;4
гет икс казино;casino x;ВЧ;2285549;24;31;6;4;0;26
казино гет икс;casino x;ВЧ;2285549;41;53;8;2;0;34
мани икс казино;casino x;ВЧ;2285549;5;5;8;1;0;3
гет икс казино официальный сайт;casino x;ВЧ;2285549;24;31;9;1;0;28
admiral x casino;casino x;ВЧ;2285549;42;78;10;1;0;56
мани икс казино официальный сайт;casino x;ВЧ;2285549;11;15;11;0;0;13
гет икс казино зеркало;casino x;ВЧ;2285549;19;20;14;0;0;16
флагман казино зеркало;flagman;ВЧ;1982315;6;6;4;1;0;4
flagman казино;flagman;ВЧ;1982315;6;7;6;2;0;5
флагман казино официальный сайт;flagman;ВЧ;1982315;5;5;8;1;0;3
флагман казино регистрация;flagman;ВЧ;1982315;10;15;10;1;0;12
феникс казино;fenix;ВЧ;1743515;5;5;11;0;0;4
феникс казино вход;fenix;ВЧ;1743515;5;5;14;0;0;5
феникс казино зеркало;fenix;ВЧ;1743515;7;8;14;0;0;5
феникс казино официальный сайт;fenix;ВЧ;1743515;5;5;19;0;0;4
сукааа официальный сайт;sykaaa;ВЧ;1634182;20;25;2;5;4;18
сукааа зеркало;sykaaa;ВЧ;1634182;13;15;3;6;2;13
сукааа;sykaaa;ВЧ;1634182;24;26;5;10;0;19
казино сукааа;sykaaa;ВЧ;1634182;9;10;9;3;0;6
сукааа казино;sykaaa;ВЧ;1634182;5;5;10;1;0;3
sykaaa;sykaaa;ВЧ;1634182;5;5;11;0;0;4
clubnika казино;clubnika;ВЧ;1606828;7;9;2;1;1;8
клубника казино официальный сайт;clubnika;ВЧ;1606828;10;13;3;3;1;9
казино клубника;clubnika;ВЧ;1606828;8;11;4;3;0;7
casino clubnika;clubnika;ВЧ;1606828;7;8;6;4;0;5
казино clubnika;clubnika;ВЧ;1606828;5;7;6;1;0;6
казино клубника онлайн;clubnika;ВЧ;1606828;11;12;6;3;0;9
клубника казино;clubnika;ВЧ;1606828;10;17;6;1;0;9
clubnika casino;clubnika;ВЧ;1606828;6;7;7;3;0;4
казино клубника зеркало;clubnika;ВЧ;1606828;8;8;73;0;0;5
888starz bet скачать;888starz;ВЧ;1509168;22;29;2;16;4;23
скачать 888starz;888starz;ВЧ;1509168;27;31;2;17;2;20
888 starz;888starz;ВЧ;1509168;23;28;5;3;0;21
888 старз;888starz;ВЧ;1509168;29;34;5;7;0;22
888starz;888starz;ВЧ;1509168;14;18;5;1;0;14
888 starz официальный сайт;888starz;ВЧ;1509168;45;87;6;3;0;47
888starz официальный сайт;888starz;ВЧ;1509168;42;78;7;4;0;39
888старз;888starz;ВЧ;1509168;22;26;7;4;0;19
ирвин казино;irwin;ВЧ;1464493;6;6;4;2;0;4
казино ирвин;irwin;ВЧ;1464493;6;6;6;2;0;4
irwin casino;irwin;ВЧ;1464493;8;9;7;2;0;6
irwin казино;irwin;ВЧ;1464493;12;12;8;2;0;6
ирвин казино официальный;irwin;ВЧ;1464493;7;7;8;1;0;5
казино irwin;irwin;ВЧ;1464493;9;10;8;2;0;5
irwin casino официальный;irwin;ВЧ;1464493;6;7;36;0;0;5
joycasino регистрация;joycasino;ВЧ;1427372;6;6;10;1;0;3
винлайн скачать;winline;ВЧ;1420058;10;14;7;1;0;13
скачать винлайн;winline;ВЧ;1420058;7;8;11;0;0;6
эльдорадо казино;eldorado;ВЧ;1343727;8;9;20;0;0;7
казино эльдорадо;eldorado;ВЧ;1343727;10;10;33;0;0;8
casino eldorado;eldorado;ВЧ;1343727;18;26;34;0;0;21
eldorado казино;eldorado;ВЧ;1343727;19;25;48;0;0;20
эльдорадо казино официальный сайт;eldorado;ВЧ;1343727;12;15;60;0;0;14
казино эльдорадо официальный сайт;eldorado;ВЧ;1343727;22;25;64;0;0;19
эльдорадо казино официальный;eldorado;ВЧ;1343727;12;12;69;0;0;9
eldorado casino;eldorado;ВЧ;1343727;7;9;78;0;0;9
эльдорадо казино зеркало;eldorado;ВЧ;1343727;14;15;79;0;0;13
fresh casino официальный сайт вход в личный кабинет;fresh;ВЧ;1257971;15;22;9;1;0;19
джет казино;jet;ВЧ;1233592;5;5;11;0;0;5
казино jet;jet;ВЧ;1233592;5;5;14;0;0;3
казино джет;jet;ВЧ;1233592;5;5;15;0;0;5
лаки казино;laki;ВЧ;1211936;16;22;2;2;1;20
казино лаки бир;laki;ВЧ;1211936;26;39;3;5;1;27
лаки бир казино;laki;ВЧ;1211936;40;66;6;9;0;46
казино лаки;laki;ВЧ;1211936;9;9;7;1;0;7
лаки бир казино luckybear-1;laki;ВЧ;1211936;5;5;15;0;0;4
голд казино;gold;ВЧ;1184091;12;14;2;9;3;9
играть казино голд;gold;ВЧ;1184091;21;25;2;6;1;20
казино голд зеркало;gold;ВЧ;1184091;16;19;2;10;3;14
онлайн казино голд;gold;ВЧ;1184091;23;29;2;10;3;19
casino gold;gold;ВЧ;1184091;13;14;3;9;1;13
gold casino;gold;ВЧ;1184091;13;14;3;6;1;11
голд казино бонус;gold;ВЧ;1184091;32;46;3;10;2;33
казино голд играть на деньги;gold;ВЧ;1184091;40;60;3;9;1;44
казино голд официальный сайт;gold;ВЧ;1184091;45;76;3;6;1;59
казино голд;gold;ВЧ;1184091;14;15;4;9;0;11
свит казино;sweet;ВЧ;1160494;15;20;2;7;2;16
casino sweet;sweet;ВЧ;1160494;27;37;3;8;1;26
sweet казино;sweet;ВЧ;1160494;7;8;3;3;1;6
sweet casino;sweet;ВЧ;1160494;26;33;4;5;0;26
казино свит;sweet;ВЧ;1160494;7;9;4;5;0;6
pari casino;pari;ВЧ;1151278;42;77;1;25;12;52
пари казино;pari;ВЧ;1151278;40;64;3;14;1;49
вован казино;vovan;ВЧ;1104557;18;22;2;9;4;17
вован казино регистрация;vovan;ВЧ;1104557;40;64;2;12;6;47
казино вован;vovan;ВЧ;1104557;19;24;2;8;3;16
casino vovan;vovan;ВЧ;1104557;17;19;3;7;1;14
вован казино играть;vovan;ВЧ;1104557;24;29;3;15;1;21
вован казино официальный сайт;vovan;ВЧ;1104557;27;34;3;2;1;27
vovan казино;vovan;ВЧ;1104557;12;16;4;4;0;15
вован казино вход;vovan;ВЧ;1104557;22;25;4;8;0;19
вован casino;vovan;ВЧ;1104557;15;17;5;3;0;13
vovan casino;vovan;ВЧ;1104557;10;11;7;2;0;11
либет казино официальный сайт;leebet;ВЧ;1048628;53;87;2;3;1;62
либет казино зеркало;leebet;ВЧ;1048628;16;21;3;5;1;15
либет казино играть;leebet;ВЧ;1048628;36;49;3;11;3;33
leebet casino;leebet;ВЧ;1048628;16;19;4;4;0;14
казино либет;leebet;ВЧ;1048628;19;26;4;8;0;22
либет казино вход;leebet;ВЧ;1048628;21;26;4;4;0;17
leebet казино;leebet;ВЧ;1048628;23;26;5;2;0;19
казино leebet;leebet;ВЧ;1048628;26;33;5;4;0;21
либет казино;leebet;ВЧ;1048628;16;20;5;10;0;15
casino leebet;leebet;ВЧ;1048628;19;23;8;2;0;14
ауф казино официальный;auf;СЧ;943712;14;19;2;6;3;11
ауф казино официальный сайт;auf;СЧ;943712;19;30;2;5;3;22
auf casino зеркало;auf;СЧ;943712;8;9;4;3;0;7
auf казино;auf;СЧ;943712;6;7;4;5;0;6
casino auf;auf;СЧ;943712;7;7;4;3;0;4
казино auf;auf;СЧ;943712;5;5;4;3;0;4
казино ауф;auf;СЧ;943712;10;10;4;4;0;8
ауф казино зеркало;auf;СЧ;943712;6;7;5;1;0;7
auf casino;auf;СЧ;943712;14;17;6;7;0;11
olimp casino;olimp;СЧ;935865;11;11;5;4;0;6
олимп казино официальный сайт;olimp;СЧ;935865;6;7;8;2;0;6
казино олимп;olimp;СЧ;935865;8;8;13;0;0;4
адмирал х казино играть;admiralx;СЧ;918327;56;155;1;1;1;110
адмирал х регистрация;admiralx;СЧ;918327;64;206;3;3;2;133
адмирал х;admiralx;СЧ;918327;38;117;4;2;0;75
адмирал х казино;admiralx;СЧ;918327;53;117;6;1;0;87
адмирал х казино зеркало;admiralx;СЧ;918327;42;90;6;1;0;62
казино адмирал х;admiralx;СЧ;918327;54;120;6;1;0;78
официальный сайт адмирал х;admiralx;СЧ;918327;48;117;24;0;0;81
адмирал х зеркало;admiralx;СЧ;918327;48;105;32;0;0;72
volna casino;volna;СЧ;883127;19;19;4;10;0;13
casino volna;volna;СЧ;883127;12;13;5;3;0;9
казино volna;volna;СЧ;883127;14;15;5;4;0;9
volna казино;volna;СЧ;883127;16;17;6;10;0;10
казино волна;volna;СЧ;883127;9;9;8;1;0;6
волна казино;volna;СЧ;883127;12;13;9;1;0;9
волна личный кабинет;volna;СЧ;883127;7;13;63;0;0;12
турбо казино официальный сайт;turbo;СЧ;879589;41;63;10;1;0;41
казино turbo;turbo;СЧ;879589;28;35;13;0;0;25
casino turbo;turbo;СЧ;879589;24;26;14;0;0;21
turbo casino;turbo;СЧ;879589;17;20;14;0;0;15
турбо казино;turbo;СЧ;879589;13;14;14;0;0;12
казино турбо;turbo;СЧ;879589;10;10;15;0;0;9
turbo казино;turbo;СЧ;879589;19;21;16;0;0;19
бабосс казино играть;baboss;СЧ;845670;17;23;1;8;5;17
baboss casino;baboss;СЧ;845670;8;8;2;5;1;7
casino baboss;baboss;СЧ;845670;10;10;3;4;1;8
бабосс казино;baboss;СЧ;845670;10;14;3;1;1;11
бабосс казино официальный сайт;baboss;СЧ;845670;17;24;3;4;3;16
казино бабосс;baboss;СЧ;845670;9;11;3;3;2;9
baboss казино;baboss;СЧ;845670;14;15;4;7;0;12
бабосс казино сайт;baboss;СЧ;845670;7;8;4;4;0;7
казино baboss;baboss;СЧ;845670;10;13;5;4;0;10
baboss;baboss;СЧ;845670;56;100;7;3;0;82
хайп казино официальный сайт;hype;СЧ;825447;23;29;2;2;1;23
hype казино;hype;СЧ;825447;7;8;3;5;1;7
хайп казино;hype;СЧ;825447;6;8;3;2;2;4
казино hype;hype;СЧ;825447;8;10;4;7;0;5
казино хайп;hype;СЧ;825447;6;7;4;2;0;5
casino hype;hype;СЧ;825447;7;8;5;2;0;5
hype casino;hype;СЧ;825447;7;8;5;2;0;6
хайп казино официальный;hype;СЧ;825447;10;11;5;2;0;9
раменбет официальный;ramenbet;СЧ;812629;40;59;5;2;0;42
раменбет;ramenbet;СЧ;812629;13;15;8;3;0;11
раменбет официальный сайт;ramenbet;СЧ;812629;34;46;8;2;0;30
ramenbet;ramenbet;СЧ;812629;9;9;11;0;0;8
раменбет казино;ramenbet;СЧ;812629;5;5;37;0;0;4
спинто казино играть;spinto;СЧ;799938;29;36;2;5;2;30
spinto казино;spinto;СЧ;799938;10;10;3;3;2;8
казино spinto;spinto;СЧ;799938;15;15;4;2;0;11
спинто казино официальный сайт;spinto;СЧ;799938;34;51;4;5;0;43
casino spinto;spinto;СЧ;799938;8;9;5;4;0;6
spinto casino;spinto;СЧ;799938;10;10;5;4;0;8
спинто казино;spinto;СЧ;799938;17;17;5;3;0;14
спинто казино регистрация;spinto;СЧ;799938;25;30;5;3;0;27
спинто казино официальный;spinto;СЧ;799938;19;22;6;2;0;19
казино спинто;spinto;СЧ;799938;20;23;7;3;0;19
casino loft;loft;СЧ;767939;12;13;2;6;2;9
лофт казино официальный сайт;loft;СЧ;767939;49;103;2;8;2;78
казино лофт;loft;СЧ;767939;9;9;4;5;0;7
лофт казино сайт;loft;СЧ;767939;19;22;4;5;0;17
loft casino;loft;СЧ;767939;15;16;5;4;0;12
лофт казино;loft;СЧ;767939;9;10;5;5;0;7
рокс казино официальный сайт;rox;СЧ;746373;13;16;9;1;0;14
анлим казино официальный сайт;unlim casino;СЧ;723165;40;78;2;2;1;59
анлим казино регистрация;unlim casino;СЧ;723165;40;62;6;2;0;46
казино анлим;unlim casino;СЧ;723165;12;13;7;4;0;11
анлим казино;unlim casino;СЧ;723165;24;31;8;5;0;25
анлим казино зеркало;unlim casino;СЧ;723165;13;13;11;0;0;11
casino unlim;unlim casino;СЧ;723165;10;17;12;0;0;12
unlim casino;unlim casino;СЧ;723165;10;14;13;0;0;11
unlim casino зеркало;unlim casino;СЧ;723165;7;7;55;0;0;6
нью ретро казино зеркало;new retro;СЧ;718552;38;51;2;9;1;38
new retro casino зеркало;new retro;СЧ;718552;10;11;4;1;0;8
new retro casino официальный сайт;new retro;СЧ;718552;39;74;4;6;0;58
казино нью ретро;new retro;СЧ;718552;43;76;4;7;0;60
нью ретро казино;new retro;СЧ;718552;29;66;4;7;0;49
нью ретро казино сайт;new retro;СЧ;718552;51;97;4;10;0;72
ретро нью казино;new retro;СЧ;718552;44;64;4;9;0;53
new retro casino;new retro;СЧ;718552;21;24;5;8;0;19
new retro казино;new retro;СЧ;718552;23;27;5;6;0;20
new retro;new retro;СЧ;718552;21;27;42;0;0;16
мэд казино регистрация;mad;СЧ;712309;38;63;5;2;0;46
мэд казино вход;mad;СЧ;712309;13;13;6;2;0;10
мэд казино зеркало;mad;СЧ;712309;15;20;7;2;0;14
мэд казино официальный сайт;mad;СЧ;712309;11;13;9;1;0;10
гизбо;gizbo;НЧ;692147;38;46;3;4;2;30
гизбо казино официальный сайт;gizbo;НЧ;692147;23;36;3;6;2;23
гизбо казино;gizbo;НЧ;692147;11;13;4;7;0;10
казино гизбо;gizbo;НЧ;692147;12;13;4;4;0;10
casino gizbo;gizbo;НЧ;692147;9;9;6;2;0;9
gizbo;gizbo;НЧ;692147;19;22;6;5;0;13
gizbo казино;gizbo;НЧ;692147;9;9;6;5;0;9
казино gizbo;gizbo;НЧ;692147;16;17;6;5;0;13
гизбо казино зеркало;gizbo;НЧ;692147;10;10;7;1;0;9
gizbo casino;gizbo;НЧ;692147;5;5;9;1;0;3
мани икс;money x;НЧ;686341;7;7;10;1;0;5
маней икс;money x;НЧ;686341;7;7;14;0;0;5
мане икс;money x;НЧ;686341;6;6;66;0;0;3
криптобосс;cryptoboss;НЧ;663325;14;19;2;1;1;16
криптобосс зеркало;cryptoboss;НЧ;663325;13;15;3;1;1;13
криптобосс казино официальный сайт;cryptoboss;НЧ;663325;20;24;3;10;3;16
cryptoboss;cryptoboss;НЧ;663325;13;16;4;4;0;11
казино криптобосс;cryptoboss;НЧ;663325;6;7;4;4;0;6
casino cryptoboss;cryptoboss;НЧ;663325;10;11;5;3;0;8
криптобосс казино;cryptoboss;НЧ;663325;9;9;5;6;0;6
cryptoboss казино;cryptoboss;НЧ;663325;5;5;7;1;0;4
cryptoboss casino;cryptoboss;НЧ;663325;12;12;8;2;0;7
казино cryptoboss;cryptoboss;НЧ;663325;8;8;9;2;0;5
kraken casino;kraken;НЧ;662363;26;37;4;12;0;23
кракен казино;kraken;НЧ;662363;23;39;4;10;0;23
кракен ссылка;kraken;НЧ;662363;10;14;61;0;0;10
твин казино игровые автоматы;twin;НЧ;644844;9;11;2;6;2;6
твин казино промокод;twin;НЧ;644844;38;61;2;8;6;47
казино твин;twin;НЧ;644844;8;9;3;7;1;6
твин казино бонус;twin;НЧ;644844;25;38;3;9;1;24
твин казино официальный;twin;НЧ;644844;5;7;3;4;2;5
твин казино официальный сайт;twin;НЧ;644844;8;8;6;3;0;8
starda;starda;НЧ;633393;12;12;7;3;0;9
казино starda;starda;НЧ;633393;8;8;8;1;0;4
старда;starda;НЧ;633393;5;5;8;1;0;3
starda казино;starda;НЧ;633393;14;14;10;1;0;10
casino starda;starda;НЧ;633393;7;7;11;0;0;4
старда казино официальный;starda;НЧ;633393;5;5;11;0;0;3
starda casino официальный;starda;НЧ;633393;7;7;12;0;0;5
monro casino;monro;НЧ;629511;13;19;5;2;0;10
monro казино;monro;НЧ;629511;20;28;6;1;0;18
казино монро;monro;НЧ;629511;14;21;6;1;0;15
casino monro;monro;НЧ;629511;21;32;8;1;0;26
монро казино;monro;НЧ;629511;10;11;8;1;0;8
монро казино официальный;monro;НЧ;629511;23;34;10;1;0;32
монро казино официальный сайт;monro;НЧ;629511;43;83;10;2;0;56
казино monro;monro;НЧ;629511;15;20;12;0;0;15
casino getx;getx;НЧ;623534;31;35;5;4;0;25
getx казино;getx;НЧ;623534;42;55;5;2;0;38
казино getx;getx;НЧ;623534;40;53;5;3;0;40
гет икс официальный сайт;getx;НЧ;623534;36;56;7;3;0;41
гет икс;getx;НЧ;623534;22;34;8;3;0;24
getx casino;getx;НЧ;623534;31;38;10;1;0;24
getx;getx;НЧ;623534;17;23;11;0;0;17
up-x скачать официальный сайт;up-x;НЧ;609909;12;13;5;3;0;12
сайт up-x;up-x;НЧ;609909;6;8;8;1;0;5
up-x официальный сайт;up-x;НЧ;609909;9;11;69;0;0;8
up-x зеркало официальный сайт;up-x;НЧ;609909;5;5;81;0;0;3
казино джеттон;jetton;НЧ;589877;13;14;2;2;1;11
казино jetton;jetton;НЧ;589877;8;8;6;2;0;5
джеттон;jetton;НЧ;589877;18;26;9;2;0;17
casino jetton;jetton;НЧ;589877;6;7;10;1;0;6
джеттон казино;jetton;НЧ;589877;11;13;11;0;0;9
jetton казино;jetton;НЧ;589877;6;6;12;0;0;4
jetton casino;jetton;НЧ;589877;6;7;14;0;0;4
jetton casino официальный сайт;jetton;НЧ;589877;17;21;15;0;0;17
jetton;jetton;НЧ;589877;7;10;31;0;0;7
slotozal зеркало;slotozal;НЧ;551631;18;22;2;4;1;17
slotozal casino;slotozal;НЧ;551631;8;10;4;1;0;9
казино slotozal;slotozal;НЧ;551631;14;15;4;4;0;9
казино слотозал;slotozal;НЧ;551631;9;15;6;2;0;10
слотозал казино;slotozal;НЧ;551631;11;18;6;5;0;11
слотозал официальный сайт;slotozal;НЧ;551631;10;14;6;2;0;10
slotozal казино;slotozal;НЧ;551631;9;11;7;1;0;8
slotozal;slotozal;НЧ;551631;10;12;9;2;0;9
casino slotozal;slotozal;НЧ;551631;10;15;12;0;0;11
казино вулкан 24;vulkan 24;НЧ;548217;27;44;2;1;1;38
vulkan 24;vulkan 24;НЧ;548217;22;28;3;2;1;23
вулкан 24 онлайн;vulkan 24;НЧ;548217;19;23;3;3;1;17
играть вулкан 24;vulkan 24;НЧ;548217;52;118;3;7;1;79
вулкан 24;vulkan 24;НЧ;548217;14;19;7;1;0;14
vulkan 24 казино;vulkan 24;НЧ;548217;31;54;12;0;0;45
вулкан 24 казино;vulkan 24;НЧ;548217;33;56;13;0;0;49
игровые автоматы вулкан 24;vulkan 24;НЧ;548217;26;42;15;0;0;38
вулкан 24 казино сайт;vulkan 24;НЧ;548217;30;52;17;0;0;45
клуб вулкан 24;vulkan 24;НЧ;548217;7;9;21;0;0;7
вулкан 24 официальный сайт;vulkan 24;НЧ;548217;13;18;72;0;0;16
casino million;million;НЧ;546030;14;14;4;8;0;11
million casino;million;НЧ;546030;8;8;4;4;0;7
казино million;million;НЧ;546030;7;7;7;2;0;5
казино миллион демо игра;million;НЧ;546030;17;19;17;0;0;14
болливуд казино регистрация;bollywood;НЧ;545956;45;80;1;8;4;59
болливуд казино официальный сайт;bollywood;НЧ;545956;16;19;2;6;2;13
казино bollywood;bollywood;НЧ;545956;19;24;2;8;2;16
bollywood казино;bollywood;НЧ;545956;14;16;3;5;1;13
болливуд казино зеркало;bollywood;НЧ;545956;17;24;3;10;2;17
казино болливуд официальный сайт;bollywood;НЧ;545956;22;25;3;7;3;17
bollywood casino;bollywood;НЧ;545956;16;18;4;4;0;13
casino bollywood;bollywood;НЧ;545956;14;14;4;5;0;11
болливуд казино;bollywood;НЧ;545956;21;26;5;7;0;16
казино болливуд;bollywood;НЧ;545956;16;19;5;5;0;15
казино вулкан платинум;vulkan platinum;НЧ;529970;26;35;2;5;1;29
вулкан платинум;vulkan platinum;НЧ;529970;17;18;5;3;0;16
vulkan platinum;vulkan platinum;НЧ;529970;18;21;6;3;0;15
вулкан платинум казино официальный сайт;vulkan platinum;НЧ;529970;36;65;6;2;0;55
vulkan platinum casino;vulkan platinum;НЧ;529970;29;44;7;2;0;40
вулкан платинум казино;vulkan platinum;НЧ;529970;33;47;7;5;0;35
casino vulkan platinum;vulkan platinum;НЧ;529970;34;53;10;1;0;46
vulkan platinum казино;vulkan platinum;НЧ;529970;29;40;10;1;0;33
казино vulkan platinum;vulkan platinum;НЧ;529970;33;40;11;0;0;33
vulkan platinum casino онлайн;vulkan platinum;НЧ;529970;22;31;16;0;0;26
casino booi;booi;НЧ;517549;6;7;5;3;0;6
booi casino;booi;НЧ;517549;8;8;7;4;0;7
буй казино;booi;НЧ;517549;12;12;7;4;0;9
казино booi;booi;НЧ;517549;7;7;7;1;0;6
казино буй;booi;НЧ;517549;5;5;8;1;0;4
booi;booi;НЧ;517549;8;9;18;0;0;6
lex casino официальный;lex;НЧ;510265;6;6;10;1;0;5
lex casino официальный сайт;lex;НЧ;510265;7;7;11;0;0;6
казино лекс;lex;НЧ;510265;5;5;11;0;0;4
лекс казино официальный сайт;lex;НЧ;510265;12;13;12;0;0;7
лекс казино официальный;lex;НЧ;510265;6;6;19;0;0;6
иззи казино официальный сайт;izzi;НЧ;505151;55;97;5;4;0;65
casino izzi;izzi;НЧ;505151;31;43;6;5;0;31
izzi casino;izzi;НЧ;505151;24;30;6;2;0;22
иззи казино зеркало;izzi;НЧ;505151;19;21;7;4;0;13
izzi casino зеркало;izzi;НЧ;505151;33;44;9;2;0;33
казино izzi;izzi;НЧ;505151;35;49;9;1;0;38
казино иззи;izzi;НЧ;505151;20;22;9;2;0;16
иззи казино;izzi;НЧ;505151;18;22;10;1;0;17
izzi казино;izzi;НЧ;505151;37;62;11;0;0;50
izzi;izzi;НЧ;505151;11;11;20;0;0;6
казино marathon;marathon;НЧ;492834;52;127;2;16;3;101
casino marathon;marathon;НЧ;492834;50;113;3;13;1;94
marathon casino;marathon;НЧ;492834;51;132;3;16;1;102
marathon казино;marathon;НЧ;492834;36;92;3;15;3;71
казино марафон;marathon;НЧ;492834;40;97;3;7;1;72
марафон казино;marathon;НЧ;492834;54;123;3;6;1;92
casino honey money;honey money;НЧ;484646;11;16;2;6;1;11
honey money casino;honey money;НЧ;484646;14;16;2;3;1;13
honey money casino официальный сайт;honey money;НЧ;484646;26;42;2;11;4;32
казино honey money;honey money;НЧ;484646;21;28;2;9;2;20
казино хани мани;honey money;НЧ;484646;41;69;2;6;2;58
хани мани казино зеркало;honey money;НЧ;484646;34;50;2;4;4;41
хани мани казино официальный сайт;honey money;НЧ;484646;50;90;2;8;4;72
honey money казино;honey money;НЧ;484646;17;18;3;9;1;16
honey money casino зеркало;honey money;НЧ;484646;10;16;4;3;0;12
хани мани казино;honey money;НЧ;484646;27;32;6;3;0;26
luckybear casino официальный сайт;luckybear;НЧ;477360;38;65;8;3;0;50
казино лакибир;luckybear;НЧ;477360;36;63;8;1;0;44
luckybear casino;luckybear;НЧ;477360;18;19;11;0;0;13
luckybear казино;luckybear;НЧ;477360;9;10;11;0;0;8
casino luckybear;luckybear;НЧ;477360;18;22;13;0;0;20
лакибир казино;luckybear;НЧ;477360;26;35;14;0;0;30
казино luckybear;luckybear;НЧ;477360;13;16;16;0;0;14
лакибир;luckybear;НЧ;477360;35;63;31;0;0;51
джозз казино вход;jozz;НЧ;466878;24;30;2;7;3;24
джозз казино играть;jozz;НЧ;466878;31;36;2;9;2;24
jozz казино;jozz;НЧ;466878;21;23;3;7;1;17
джозз казино;jozz;НЧ;466878;20;25;3;6;1;17
казино джозз вход;jozz;НЧ;466878;16;17;3;6;2;11
казино джозз;jozz;НЧ;466878;13;13;4;4;0;8
casino jozz;jozz;НЧ;466878;6;7;6;1;0;6
казино jozz;jozz;НЧ;466878;14;16;6;3;0;13
jozz casino;jozz;НЧ;466878;7;7;8;2;0;7
casino jozz бесплатно;jozz;НЧ;466878;12;13;10;1;0;10
friends казино;friends;НЧ;458627;10;10;6;3;0;7
френдс казино официальный сайт;friends;НЧ;458627;29;45;6;2;0;30
казино friends;friends;НЧ;458627;7;7;8;2;0;5
casino friends;friends;НЧ;458627;10;11;10;1;0;10
френдс казино;friends;НЧ;458627;13;14;10;1;0;11
казино френдс;friends;НЧ;458627;13;14;13;0;0;10
friends casino;friends;НЧ;458627;7;8;14;0;0;7
friends casino официальный сайт;friends;НЧ;458627;25;38;17;0;0;33
friends casino зеркало;friends;НЧ;458627;13;19;63;0;0;18
фонтан казино играть;fontan;НЧ;456403;9;9;5;1;0;8
фонтан казино официальный сайт;fontan;НЧ;456403;18;24;6;2;0;19
casino fontan;fontan;НЧ;456403;6;8;9;1;0;5
фонтан казино зеркало;fontan;НЧ;456403;6;6;9;1;0;3
fontan казино;fontan;НЧ;456403;7;10;11;0;0;7
фонтан казино сайт;fontan;НЧ;456403;8;8;11;0;0;6
казино фонтан;fontan;НЧ;456403;5;5;18;0;0;3
фонтан казино;fontan;НЧ;456403;5;5;18;0;0;4
винити казино играть;winity;НЧ;416134;23;29;2;7;1;22
винити казино официальный;winity;НЧ;416134;22;33;2;4;1;28
винити казино зеркало;winity;НЧ;416134;28;32;3;10;2;26
казино винити;winity;НЧ;416134;15;17;4;4;0;13
винити казино официальный сайт;winity;НЧ;416134;25;35;5;2;0;27
winity казино;winity;НЧ;416134;5;6;6;1;0;6
трикс казик;trix;НЧ;413941;53;109;1;8;3;81
казино trix;trix;НЧ;413941;12;12;2;5;2;8
trix казино;trix;НЧ;413941;10;11;3;4;1;9
казино трикс;trix;НЧ;413941;19;21;3;6;1;15
трикс казино;trix;НЧ;413941;16;16;3;7;1;12
trix casino;trix;НЧ;413941;12;13;4;3;0;10
трикс казино официальный сайт;trix;НЧ;413941;19;21;6;1;0;20
casino trix;trix;НЧ;413941;8;9;7;1;0;7
трикс;trix;НЧ;413941;8;8;25;0;0;7
trix;trix;НЧ;413941;6;11;31;0;0;11
pokerok casino;pokerok;НЧ;401190;14;15;5;4;0;13
pokerok казино;pokerok;НЧ;401190;7;7;5;5;0;5
казино pokerok;pokerok;НЧ;401190;12;16;5;4;0;14
покерок скачать;pokerok;НЧ;401190;6;6;6;1;0;4
casino pokerok;pokerok;НЧ;401190;15;17;7;4;0;13
казино покерок;pokerok;НЧ;401190;12;14;8;4;0;8
покерок казино;pokerok;НЧ;401190;13;15;8;2;0;12
покерок официальный сайт;pokerok;НЧ;401190;11;14;11;0;0;12
pokerok;pokerok;НЧ;401190;8;9;37;0;0;7
покерок;pokerok;НЧ;401190;7;7;75;0;0;5
avocado casino;avocado;НЧ;393148;38;59;2;6;2;47
avocado казино;avocado;НЧ;393148;28;41;3;7;1;35
casino avocado;avocado;НЧ;393148;35;58;3;7;2;51
авокадо казино;avocado;НЧ;393148;35;55;3;8;1;45
авокадо казино официальный сайт;avocado;НЧ;393148;38;62;3;6;2;53
авокадо казино сайт;avocado;НЧ;393148;44;79;3;11;2;64
казино авокадо;avocado;НЧ;393148;42;68;3;11;2;53
авокадо официальный сайт казино;avocado;НЧ;393148;30;50;4;12;0;37
битц казино регистрация;bitz;НЧ;387232;51;101;1;16;8;86
битц казино зеркало;bitz;НЧ;387232;27;49;2;12;4;42
битц казино;bitz;НЧ;387232;47;103;3;7;1;72
сайт bitz casino;bitz;НЧ;387232;32;56;3;3;1;43
bitz казино;bitz;НЧ;387232;40;54;4;2;0;38
битц казино бонус;bitz;НЧ;387232;63;126;4;5;0;84
bitz casino;bitz;НЧ;387232;34;46;6;6;0;33
казино bitz;bitz;НЧ;387232;29;39;7;3;0;30
casino bitz;bitz;НЧ;387232;29;42;8;5;0;28
bitz casino бонус;bitz;НЧ;387232;42;71;12;0;0;50
bounty casino;bounty;НЧ;386701;34;41;6;3;0;28
казино баунти играть;bounty;НЧ;386701;45;98;6;1;0;66
casino bounty;bounty;НЧ;386701;20;22;7;3;0;18
баунти казино официальный сайт;bounty;НЧ;386701;47;110;8;1;0;78
bounty casino официальный сайт;bounty;НЧ;386701;35;71;9;2;0;56
казино баунти;bounty;НЧ;386701;13;13;12;0;0;12
казино баунти официальный сайт;bounty;НЧ;386701;54;103;12;0;0;68
казино bounty;bounty;НЧ;386701;17;18;13;0;0;14
bounty казино;bounty;НЧ;386701;25;29;14;0;0;26
баунти казино;bounty;НЧ;386701;27;33;20;0;0;26
мерс казино играть;mers;НЧ;383400;43;76;1;2;2;58
мерс казино;mers;НЧ;383400;5;5;3;1;1;5
казино мерс;mers;НЧ;383400;9;14;4;2;0;13
casino mers;mers;НЧ;383400;5;5;5;2;0;4
мерс казино официальный сайт;mers;НЧ;383400;36;56;30;0;0;46
мерс казино сайт;mers;НЧ;383400;23;33;66;0;0;26
casino frank;frank;НЧ;365762;33;45;1;10;3;39
frank casino;frank;НЧ;365762;25;30;1;12;1;20
frank казино;frank;НЧ;365762;31;45;1;10;1;37
казино frank;frank;НЧ;365762;35;42;1;18;7;34
сайт франк казино;frank;НЧ;365762;28;42;2;10;2;35
франк казино;frank;НЧ;365762;24;27;2;14;1;23
франк казино играть;frank;НЧ;365762;45;68;2;18;6;50
франк казино сайт;frank;НЧ;365762;38;72;2;5;1;54
казино франк;frank;НЧ;365762;26;43;3;16;1;35
шот казино;shot;НЧ;359503;5;6;2;2;2;5
дрип казино зеркало;drip;НЧ;352636;6;7;2;5;3;5
дрип казино официальный;drip;НЧ;352636;16;20;2;7;1;13
онлайн казино дрип;drip;НЧ;352636;9;9;2;7;6;6
casino drip;drip;НЧ;352636;9;10;3;4;1;8
дрип казино;drip;НЧ;352636;12;15;3;9;1;10
дрип казино официальный сайт;drip;НЧ;352636;21;24;3;6;1;18
казино дрип;drip;НЧ;352636;9;13;4;6;0;9
drip casino;drip;НЧ;352636;9;9;6;5;0;8
drip казино;drip;НЧ;352636;8;9;6;6;0;7
казино drip;drip;НЧ;352636;6;7;6;5;0;5
казино спинбеттер;spinbetter;НЧ;311379;36;60;3;2;1;47
спинбеттер;spinbetter;НЧ;311379;20;25;4;1;0;21
спинбеттер казино зеркало;spinbetter;НЧ;311379;11;13;4;1;0;9
спинбеттер казино;spinbetter;НЧ;311379;21;32;5;2;0;27
казино spinbetter;spinbetter;НЧ;311379;20;31;7;4;0;25
spinbetter казино;spinbetter;НЧ;311379;24;40;8;1;0;29
casino spinbetter;spinbetter;НЧ;311379;17;21;11;0;0;14
spinbetter casino;spinbetter;НЧ;311379;22;31;12;0;0;26
spinbetter;spinbetter;НЧ;311379;13;18;19;0;0;13
spinbetter зеркало;spinbetter;НЧ;311379;8;12;36;0;0;8
битзамо казино играть;bitzamo;НЧ;303033;56;127;1;7;3;92
битзамо казино;bitzamo;НЧ;303033;57;117;5;7;0;81
битзамо казино сайт;bitzamo;НЧ;303033;44;83;5;4;0;56
казино битзамо;bitzamo;НЧ;303033;42;80;5;5;0;56
bitzamo casino официальный сайт;bitzamo;НЧ;303033;29;40;6;2;0;31
битзамо;bitzamo;НЧ;303033;43;72;6;5;0;58
казино bitzamo;bitzamo;НЧ;303033;20;24;6;3;0;21
bitzamo казино;bitzamo;НЧ;303033;29;35;7;3;0;26
casino bitzamo;bitzamo;НЧ;303033;23;33;8;2;0;23
bitzamo casino;bitzamo;НЧ;303033;33;53;18;0;0;41
why казино;why;НЧ;300804;29;42;2;8;3;32
why casino;why;НЧ;300804;26;36;3;8;3;27
вай казино;why;НЧ;300804;27;36;3;7;2;27
вай казино официальный;why;НЧ;300804;33;44;3;10;1;39
casino onion;onion;НЧ;296267;51;107;1;9;3;76
onion казино;onion;НЧ;296267;54;117;1;14;4;76
онион казино зеркало;onion;НЧ;296267;49;102;1;12;5;74
онион казино официальный сайт;onion;НЧ;296267;50;122;1;11;7;81
onion casino;onion;НЧ;296267;46;90;2;11;1;61
onion casino официальный сайт;onion;НЧ;296267;55;130;2;7;1;86
казино onion;onion;НЧ;296267;60;128;2;13;4;84
казино онион;onion;НЧ;296267;57;118;2;12;4;79
onion casino вход;onion;НЧ;296267;29;61;3;10;1;40
онион казино;onion;НЧ;296267;47;89;3;10;1;64
буст казино;boost;НЧ;285250;11;13;1;5;2;10
boost казино;boost;НЧ;285250;8;8;2;4;1;6
казино буст;boost;НЧ;285250;8;11;2;4;2;9
boost casino;boost;НЧ;285250;9;9;4;2;0;9
legzo казино;legzo;НЧ;271650;19;20;3;4;1;17
легзо казино;legzo;НЧ;271650;22;28;3;5;1;20
casino legzo;legzo;НЧ;271650;13;14;4;5;0;11
legzo casino;legzo;НЧ;271650;8;8;4;4;0;7
легзо казино регистрация;legzo;НЧ;271650;21;32;4;5;0;27
казино легзо;legzo;НЧ;271650;28;39;5;6;0;32
легзо;legzo;НЧ;271650;36;59;5;9;0;43
легзо казино официальный сайт;legzo;НЧ;271650;30;45;5;8;0;35
казино legzo;legzo;НЧ;271650;9;9;6;4;0;8
казино тонплей;tonplay;НЧ;269355;50;96;6;2;0;71
тонплей казино;tonplay;НЧ;269355;45;91;6;3;0;73
tonplay казино;tonplay;НЧ;269355;7;7;8;2;0;7
казино tonplay;tonplay;НЧ;269355;13;13;9;3;0;8
tonplay;tonplay;НЧ;269355;24;37;13;0;0;31
tonplay отзывы;tonplay;НЧ;269355;34;74;46;0;0;51
tonplay tg;tonplay;НЧ;269355;16;16;49;0;0;10
вулкан клуб онлайн;club vulkan;НЧ;265726;11;13;82;0;0;12
лутран казино официальный сайт;lootrun;НЧ;262441;46;99;2;5;2;75
лутран казино официальный;lootrun;НЧ;262441;42;81;3;6;2;66
casino lootrun;lootrun;НЧ;262441;14;18;4;3;0;16
lootrun casino;lootrun;НЧ;262441;14;18;4;2;0;15
lootrun казино;lootrun;НЧ;262441;24;34;4;6;0;28
казино lootrun;lootrun;НЧ;262441;26;41;4;7;0;34
казино лутран;lootrun;НЧ;262441;30;57;4;12;0;46
лутран;lootrun;НЧ;262441;40;73;5;7;0;56
лутран казино;lootrun;НЧ;262441;24;36;5;6;0;28
lootrun;lootrun;НЧ;262441;14;15;13;0;0;11
betwinner казино;betwinner;НЧ;261273;12;19;2;3;2;17
betwinner скачать;betwinner;НЧ;261273;16;25;2;3;1;21
бетвиннер казино;betwinner;НЧ;261273;13;18;3;1;1;16
казино betwinner;betwinner;НЧ;261273;14;24;3;4;1;22
казино бетвиннер;betwinner;НЧ;261273;13;16;4;3;0;12
betwinner casino;betwinner;НЧ;261273;24;38;8;1;0;34
casino betwinner;betwinner;НЧ;261273;24;35;9;1;0;30
скачать betwinner;betwinner;НЧ;261273;12;13;10;1;0;10
casino nomad;nomad;НЧ;258600;17;21;1;7;1;16
казино номад;nomad;НЧ;258600;34;56;1;10;3;42
номад казино вход;nomad;НЧ;258600;49;107;1;5;2;78
номад казино зеркало;nomad;НЧ;258600;38;71;1;4;3;60
номад казино официальный сайт;nomad;НЧ;258600;42;70;1;4;2;54
nomad казино;nomad;НЧ;258600;25;41;2;6;3;30
номад казино;nomad;НЧ;258600;28;42;2;4;2;31
казино nomad;nomad;НЧ;258600;33;52;3;3;1;43
nomad casino;nomad;НЧ;258600;16;21;5;4;0;19
parimatch casino;parimatch;НЧ;251400;17;35;5;1;0;33
casino parimatch;parimatch;НЧ;251400;22;45;6;1;0;40
казино parimatch;parimatch;НЧ;251400;16;31;6;1;0;30
казино париматч;parimatch;НЧ;251400;20;45;6;1;0;41
parimatch казино;parimatch;НЧ;251400;19;32;13;0;0;30
париматч казино;parimatch;НЧ;251400;12;26;51;0;0;26
onlybets casino;onlybets;НЧ;249065;24;27;1;11;6;25
онлибетс;onlybets;НЧ;249065;63;195;1;31;5;151
онлибетс casino;onlybets;НЧ;249065;65;154;1;21;6;104
онлибетс казино сайт;onlybets;НЧ;249065;60;136;1;21;7;99
casino onlybets;onlybets;НЧ;249065;50;116;2;16;5;82
казино onlybets;onlybets;НЧ;249065;50;122;2;12;3;92
казино онлибетс;onlybets;НЧ;249065;58;136;2;26;9;107
онлибетс казино;onlybets;НЧ;249065;50;111;2;18;6;89
onlybets казино;onlybets;НЧ;249065;53;116;3;12;2;89
onlybets;onlybets;НЧ;249065;39;79;4;9;0;63
макслайн вход;maxline;НЧ;248208;44;88;3;2;1;63
макслайн казино;maxline;НЧ;248208;28;50;3;6;2;41
casino maxline;maxline;НЧ;248208;18;22;4;7;0;16
maxline casino;maxline;НЧ;248208;27;45;4;7;0;38
maxline казино;maxline;НЧ;248208;19;31;4;6;0;24
казино maxline;maxline;НЧ;248208;26;33;4;14;0;22
казино макслайн;maxline;НЧ;248208;29;52;4;7;0;42
макслайн;maxline;НЧ;248208;12;15;7;1;0;13
maxline;maxline;НЧ;248208;16;23;37;0;0;19
макслайн.бай;maxline;НЧ;248208;8;9;75;0;0;8
казино слотт;slott;НЧ;238233;16;18;2;1;1;16
slott casino зеркало;slott;НЧ;238233;7;9;3;5;1;8
slott казино;slott;НЧ;238233;20;23;3;6;1;18
казино slott;slott;НЧ;238233;11;11;3;3;1;7
slott casino официальный сайт;slott;НЧ;238233;14;19;4;4;0;18
казино слотт официальный сайт;slott;НЧ;238233;19;22;4;3;0;21
slott casino;slott;НЧ;238233;6;7;6;3;0;7
сайт казино слотт;slott;НЧ;238233;17;19;6;5;0;16
casino slott;slott;НЧ;238233;10;11;7;3;0;10
слотт казино;slott;НЧ;238233;18;20;7;3;0;16
betera казино;betera;НЧ;226360;13;15;1;5;2;12
betera casino;betera;НЧ;226360;12;12;2;5;2;10
казино betera;betera;НЧ;226360;11;11;2;3;1;9
casino betera;betera;НЧ;226360;17;27;3;4;1;23
бетера вход;betera;НЧ;226360;51;92;4;9;0;62
казино бетера;betera;НЧ;226360;11;12;4;4;0;8
бетера казино;betera;НЧ;226360;17;19;5;3;0;15
бетера;betera;НЧ;226360;9;11;17;0;0;7
чемпион слотс бонусы;champion slots;НЧ;223655;41;84;2;3;2;67
champion slots приложение;champion slots;НЧ;223655;67;258;3;25;1;167
champion slots казино;champion slots;НЧ;223655;34;56;4;6;0;46
чемпион слотс;champion slots;НЧ;223655;53;99;4;5;0;71
champion slots casino;champion slots;НЧ;223655;29;48;5;5;0;34
казино champion slots;champion slots;НЧ;223655;33;50;6;2;0;42
champion slots бонусы;champion slots;НЧ;223655;48;81;7;2;0;63
казино чемпион слотс;champion slots;НЧ;223655;54;131;7;9;0;99
чемпион слотс казино;champion slots;НЧ;223655;49;101;7;8;0;69
champion slots;champion slots;НЧ;223655;32;57;9;2;0;39
grizzly casino зеркало;grizzly;НЧ;220024;13;17;2;6;4;14
гризли казино;grizzly;НЧ;220024;13;14;2;6;4;12
casino grizzly;grizzly;НЧ;220024;9;11;3;6;2;10
grizzly казино;grizzly;НЧ;220024;13;14;3;7;2;10
казино grizzly;grizzly;НЧ;220024;12;16;3;10;3;12
казино гризли;grizzly;НЧ;220024;13;16;3;8;1;13
grizzly casino;grizzly;НЧ;220024;8;9;4;3;0;8
гудвин казино официальный сайт;goodwin;НЧ;206499;32;46;1;8;3;34
гудвин казино сайт;goodwin;НЧ;206499;32;52;1;6;4;42
гудвин казино;goodwin;НЧ;206499;24;36;2;8;1;25
goodwin casino;goodwin;НЧ;206499;15;22;4;4;0;20
казино гудвин;goodwin;НЧ;206499;27;33;4;6;0;27
скачать казино brillx;brillx;НЧ;195912;55;104;2;28;9;85
brillx casino официальный сайт;brillx;НЧ;195912;36;57;4;5;0;39
казино brillx;brillx;НЧ;195912;9;10;4;3;0;9
brillx;brillx;НЧ;195912;28;35;6;3;0;31
brillx регистрация;brillx;НЧ;195912;25;35;6;4;0;28
casino brillx;brillx;НЧ;195912;9;10;6;4;0;9
brillx casino;brillx;НЧ;195912;11;14;7;6;0;12
brillx вывод средств;brillx;НЧ;195912;10;11;44;0;0;10
бигсбет казино играть;bigsbet;НЧ;195187;9;10;1;7;4;9
bigsbet казино;bigsbet;НЧ;195187;17;21;3;7;2;15
casino bigsbet;bigsbet;НЧ;195187;25;34;3;7;2;27
бигсбет;bigsbet;НЧ;195187;60;140;3;17;4;107
бигсбет казино сайт;bigsbet;НЧ;195187;47;89;3;6;1;67
казино bigsbet;bigsbet;НЧ;195187;10;12;3;6;1;11
bigsbet;bigsbet;НЧ;195187;31;43;4;10;0;38
bigsbet casino;bigsbet;НЧ;195187;21;29;4;9;0;22
казино бигсбет;bigsbet;НЧ;195187;38;86;4;7;0;58
бигсбет казино;bigsbet;НЧ;195187;45;97;9;3;0;72
dbbet casino;dbbet;НЧ;193136;12;13;2;10;1;9
casino dbbet;dbbet;НЧ;193136;12;14;3;8;1;11
дббет казино;dbbet;НЧ;193136;26;28;3;11;1;20
дббет казино вход;dbbet;НЧ;193136;23;28;3;11;3;23
дббет казино зеркало;dbbet;НЧ;193136;20;25;3;15;2;16
казино дббет зеркало;dbbet;НЧ;193136;19;22;3;16;1;18
dbbet казино;dbbet;НЧ;193136;11;11;4;5;0;8
казино dbbet;dbbet;НЧ;193136;11;11;4;6;0;7
дббет;dbbet;НЧ;193136;51;78;5;13;0;60
казино дббет;dbbet;НЧ;193136;20;22;5;10;0;16
kilogram casino официальный;kilogram;НЧ;183423;34;41;1;7;2;30
kilogram casino официальный сайт;kilogram;НЧ;183423;31;42;1;12;4;33
килограм казино официальный сайт зеркало kilogramcasino;kilogram;НЧ;183423;29;40;1;14;2;30
kilogram casino зеркало сайта;kilogram;НЧ;183423;22;27;2;4;1;21
kilogram casino регистрация;kilogram;НЧ;183423;61;123;2;15;3;84
casino kilogram;kilogram;НЧ;183423;22;26;3;13;1;20
kilogram casino;kilogram;НЧ;183423;32;40;3;14;2;31
kilogram casino зеркало;kilogram;НЧ;183423;26;37;3;6;1;23
kilogram казино;kilogram;НЧ;183423;35;51;3;8;1;35
казино kilogram;kilogram;НЧ;183423;27;34;4;4;0;25
fairspin casino официальный сайт;fairspin;НЧ;169680;38;75;3;9;4;51
casino fairspin;fairspin;НЧ;169680;12;12;4;6;0;10
fairspin casino;fairspin;НЧ;169680;16;19;4;7;0;15
fairspin казино;fairspin;НЧ;169680;25;33;4;4;0;28
казино fairspin;fairspin;НЧ;169680;26;34;4;10;0;26
fairspin;fairspin;НЧ;169680;21;24;9;1;0;19
казино вегаси официальный сайт;vegasy;НЧ;166578;52;88;1;18;11;65
casino vegasy;vegasy;НЧ;166578;11;14;2;4;1;12
вегаси казино;vegasy;НЧ;166578;28;42;2;7;2;34
игровые автоматы vegasy casino;vegasy;НЧ;166578;11;13;2;4;2;11
казино вегаси;vegasy;НЧ;166578;44;66;2;15;2;45
vegasy casino;vegasy;НЧ;166578;8;10;3;5;1;7
vegasy казино;vegasy;НЧ;166578;11;16;3;11;2;11
вегаси казино зеркало;vegasy;НЧ;166578;14;14;3;6;2;11
казино vegasy;vegasy;НЧ;166578;21;25;3;6;1;18
казино вегаси зеркало;vegasy;НЧ;166578;18;18;3;5;1;15
вольта казино вход;volta;НЧ;164590;36;65;1;19;7;48
казино вольта;volta;НЧ;164590;25;40;1;13;4;27
casino volta;volta;НЧ;164590;15;23;2;4;3;22
volta casino;volta;НЧ;164590;21;31;2;7;4;26
volta casino вход;volta;НЧ;164590;21;27;2;5;2;23
volta казино;volta;НЧ;164590;20;29;2;8;3;22
вольта казино;volta;НЧ;164590;15;21;2;6;2;18
казино volta;volta;НЧ;164590;13;18;2;6;2;16
казино вольта зеркало;volta;НЧ;164590;11;12;4;3;0;9
казино слотгеймс;slotgames;НЧ;163075;42;90;1;9;4;65
слотгеймс зеркало;slotgames;НЧ;163075;47;89;1;16;10;70
слотгеймс казино;slotgames;НЧ;163075;45;90;1;12;3;61
слотгеймс регистрация;slotgames;НЧ;163075;43;78;1;28;15;70
casino slotgames;slotgames;НЧ;163075;5;5;5;1;0;4
слотгеймс;slotgames;НЧ;163075;34;58;5;5;0;45
slotgames casino;slotgames;НЧ;163075;5;5;10;1;0;5
crystalslot;crystalslot;НЧ;157215;37;61;1;9;5;45
crystalslot играть онлайн;crystalslot;НЧ;157215;38;71;1;20;10;55
казино кристалслот официальный;crystalslot;НЧ;157215;41;74;1;12;7;50
кристалслот казино регистрация;crystalslot;НЧ;157215;75;164;1;19;10;113
casino crystalslot;crystalslot;НЧ;157215;29;37;2;8;3;31
crystalslot casino;crystalslot;НЧ;157215;37;59;2;4;2;50
crystalslot казино;crystalslot;НЧ;157215;33;56;2;13;4;44
казино crystalslot;crystalslot;НЧ;157215;36;72;2;10;2;56
казино кристалслот;crystalslot;НЧ;157215;21;23;2;6;3;20
кристалслот казино;crystalslot;НЧ;157215;25;28;2;10;3;23
aurora casino;aurora casino;НЧ;150220;25;36;1;13;8;32
аврора казино;aurora casino;НЧ;150220;36;56;1;15;6;42
аврора казино вход;aurora casino;НЧ;150220;38;59;1;9;6;51
аврора казино зеркало;aurora casino;НЧ;150220;38;59;1;22;9;50
аврора казино играть;aurora casino;НЧ;150220;48;84;1;18;6;67
аврора казино официальный;aurora casino;НЧ;150220;46;74;1;7;5;61
аврора казино официальный сайт;aurora casino;НЧ;150220;45;87;1;8;6;66
аврора казино регистрация;aurora casino;НЧ;150220;47;74;1;18;9;63
казино аврора;aurora casino;НЧ;150220;17;26;1;7;4;24
казино аврора зеркало;aurora casino;НЧ;150220;34;49;1;10;4;42
enomo casino официальный;enomo;НЧ;144249;30;45;1;11;6;39
enomo casino зеркало;enomo;НЧ;144249;35;42;2;11;5;33
enomo casino официальный сайт;enomo;НЧ;144249;31;47;2;6;3;42
casino enomo;enomo;НЧ;144249;18;18;3;7;1;17
enomo casino;enomo;НЧ;144249;23;29;3;8;1;26
enomo казино;enomo;НЧ;144249;27;38;3;8;1;34
казино enomo;enomo;НЧ;144249;28;35;3;5;1;30
enomo;enomo;НЧ;144249;56;112;4;9;0;86
tippy casino бонус;tippy;НЧ;142815;66;148;1;8;4;96
типпи казино официальный сайт;tippy;НЧ;142815;35;45;1;13;8;34
tippy casino;tippy;НЧ;142815;16;18;2;12;5;14
tippy casino зеркало;tippy;НЧ;142815;11;12;2;6;4;8
tippy казино;tippy;НЧ;142815;16;17;2;10;2;11
казино типпи;tippy;НЧ;142815;19;26;2;15;3;19
типпи казино;tippy;НЧ;142815;21;27;2;12;2;18
casino tippy;tippy;НЧ;142815;12;12;3;10;2;9
типпи казино зеркало;tippy;НЧ;142815;14;17;3;6;2;13
казино tippy;tippy;НЧ;142815;10;11;5;7;0;8
vulkan vegas казино;vulkan vegas;НЧ;140196;46;59;1;12;3;43
казино vulkan vegas;vulkan vegas;НЧ;140196;48;74;1;13;1;57
вулкан вегас слоты;vulkan vegas;НЧ;140196;49;113;2;14;9;78
казино вулкан вегас;vulkan vegas;НЧ;140196;59;120;2;14;2;86
casino vulkan vegas;vulkan vegas;НЧ;140196;49;81;3;8;4;59
вулкан вегас;vulkan vegas;НЧ;140196;51;107;3;8;1;80
вулкан вегас казино;vulkan vegas;НЧ;140196;54;121;3;14;1;89
vulkan vegas;vulkan vegas;НЧ;140196;40;63;4;11;0;50
vulkan vegas casino;vulkan vegas;НЧ;140196;50;86;4;14;0;68
вулкан вегас казино официальный сайт;vulkan vegas;НЧ;140196;50;99;4;6;0;75
голдфишка казино регистрация;goldfishka;НЧ;136700;24;36;1;11;6;33
голдфишка казино онлайн;goldfishka;НЧ;136700;31;50;2;6;4;47
голдфишка официальный сайт;goldfishka;НЧ;136700;44;92;2;4;2;67
казино голдфишка;goldfishka;НЧ;136700;13;15;2;2;1;15
goldfishka;goldfishka;НЧ;136700;21;28;3;2;1;26
голдфишка казино;goldfishka;НЧ;136700;9;10;3;2;1;8
casino goldfishka;goldfishka;НЧ;136700;21;34;4;2;0;30
голдфишка;goldfishka;НЧ;136700;21;24;4;3;0;21
goldfishka casino;goldfishka;НЧ;136700;18;22;7;3;0;17
казино goldfishka;goldfishka;НЧ;136700;16;23;8;2;0;23
битстарз казино зеркало;bitstarz;НЧ;133117;27;36;2;6;1;29
битстарз казино регистрация;bitstarz;НЧ;133117;59;115;2;26;5;81
казино битстарз зеркало;bitstarz;НЧ;133117;27;45;2;13;8;38
bitstarz;bitstarz;НЧ;133117;44;102;6;1;0;69
казино битстарз;bitstarz;НЧ;133117;44;89;6;2;0;61
bitstarz casino;bitstarz;НЧ;133117;41;64;10;1;0;49
битстарз казино;bitstarz;НЧ;133117;41;73;10;1;0;55
казино bitstarz;bitstarz;НЧ;133117;37;76;10;1;0;60
bitstarz казино;bitstarz;НЧ;133117;37;56;11;0;0;46
casino bitstarz;bitstarz;НЧ;133117;38;71;18;0;0;58
fraga casino зеркало;fraga;НЧ;130194;7;7;1;4;2;5
fraga casino официальный сайт;fraga;НЧ;130194;15;16;1;6;5;13
fraga казино;fraga;НЧ;130194;9;10;1;6;1;8
фрага казино официальный сайт;fraga;НЧ;130194;19;26;1;6;2;22
fraga casino;fraga;НЧ;130194;10;12;2;8;1;10
casino fraga;fraga;НЧ;130194;15;19;3;8;1;15
казино фрага;fraga;НЧ;130194;17;19;3;4;1;15
фрага казино;fraga;НЧ;130194;22;32;3;8;1;25
казино fraga;fraga;НЧ;130194;14;16;4;3;0;13
фрага казино зеркало;fraga;НЧ;130194;9;9;9;2;0;8
лилбет казино зеркало;lilbet;НЧ;129347;12;14;1;2;1;12
лилбет казино регистрация;lilbet;НЧ;129347;49;79;2;3;1;54
лилбет казино вход;lilbet;НЧ;129347;33;41;4;2;0;32
casino lilbet;lilbet;НЧ;129347;6;7;5;2;0;7
lilbet casino;lilbet;НЧ;129347;22;26;5;3;0;21
лилбет;lilbet;НЧ;129347;43;70;5;6;0;58
лилбет казино;lilbet;НЧ;129347;32;41;5;1;0;31
lilbet казино;lilbet;НЧ;129347;6;6;7;1;0;6
казино лилбет;lilbet;НЧ;129347;25;32;8;2;0;24
казино вайб;vibe;НЧ;114695;28;46;1;14;7;39
vibe casino;vibe;НЧ;114695;13;20;11;0;0;16
luckyduck casino официальный сайт;luckyduck;НЧ;113170;39;88;1;17;9;59
casino luckyduck;luckyduck;НЧ;113170;37;68;2;12;4;46
luckyduck casino;luckyduck;НЧ;113170;35;63;2;14;3;45
лакидак казино вход;luckyduck;НЧ;113170;49;89;2;18;7;63
казино luckyduck;luckyduck;НЧ;113170;40;68;3;13;1;53
казино лакидак;luckyduck;НЧ;113170;32;42;3;14;2;30
лакидак казино;luckyduck;НЧ;113170;24;36;3;15;1;26
luckyduck казино;luckyduck;НЧ;113170;35;57;4;18;0;41
luckyduck;luckyduck;НЧ;113170;28;45;15;0;0;31
лакидак;luckyduck;НЧ;113170;26;45;37;0;0;31
вулкан россия казино;vulkan russia;НЧ;99960;9;14;44;0;0;12
казино вулкан россия;vulkan russia;НЧ;99960;8;9;55;0;0;8
вулкан россия;vulkan russia;НЧ;99960;10;13;68;0;0;12
казино вулкан россия официальный сайт;vulkan russia;НЧ;99960;7;8;81;0;0;8
вулкан россия казино официальный сайт;vulkan russia;НЧ;99960;9;11;84;0;0;10
казино лаккли официальный сайт скачать;lukkly;НЧ;99267;69;143;1;62;34;108
лаккли бк зеркало сайта работающее на сегодня;lukkly;НЧ;99267;67;138;1;48;18;105
лаккли игровые автоматы официальный сайт вход на сайт;lukkly;НЧ;99267;39;60;1;26;17;51
лаккли казино официальный сайт скачать бесплатно;lukkly;НЧ;99267;82;189;1;61;34;135
скачать казино лаккли официальный сайт;lukkly;НЧ;99267;78;163;1;65;31;121
lukkly;lukkly;НЧ;99267;21;27;2;6;3;24
lukkly казино онлайн;lukkly;НЧ;99267;20;24;2;8;4;20
казино лаккли;lukkly;НЧ;99267;33;66;2;19;6;54
лаккли казино;lukkly;НЧ;99267;31;51;2;15;5;48
lukkly казино сайт;lukkly;НЧ;99267;13;18;3;6;2;17
shuffle casino официальный сайт;shuffle;НЧ;93024;10;11;2;2;1;10
shuffle casino бонус;shuffle;НЧ;93024;30;43;9;1;0;35
shuffle casino регистрация;shuffle;НЧ;93024;29;45;9;1;0;37
шаффл казино;shuffle;НЧ;93024;9;10;13;0;0;9
бонсай казино;bonsai;НЧ;90704;39;52;1;17;6;39
бонсай казино зеркало;bonsai;НЧ;90704;27;40;1;13;8;34
бонсай казино онлайн;bonsai;НЧ;90704;49;81;1;28;13;65
бонсай казино сайт;bonsai;НЧ;90704;28;37;1;17;15;32
казино бонсай;bonsai;НЧ;90704;42;54;1;17;10;44
bonsai casino зеркало;bonsai;НЧ;90704;13;15;2;1;1;12
bonsai казино зеркало;bonsai;НЧ;90704;15;19;2;4;2;18
бонсай казино официальный сайт;bonsai;НЧ;90704;30;43;2;8;4;40
виваро казино;vivaro;НЧ;85027;19;26;1;9;3;23
казино vivaro;vivaro;НЧ;85027;31;42;2;20;5;27
casino vivaro;vivaro;НЧ;85027;24;29;3;8;1;26
vivaro casino;vivaro;НЧ;85027;16;21;3;5;1;16
vivaro казино;vivaro;НЧ;85027;24;32;3;11;2;26
vivaro.am casino;vivaro;НЧ;85027;19;25;4;7;0;22
казино виваро;vivaro;НЧ;85027;18;22;4;9;0;20
виваро;vivaro;НЧ;85027;10;14;16;0;0;12
vivaro;vivaro;НЧ;85027;8;13;20;0;0;12
vivaro.am;vivaro;НЧ;85027;11;16;58;0;0;12
weiss casino скачать;weiss;НЧ;84120;62;150;1;3;1;109
weiss casino вход;weiss;НЧ;84120;6;6;2;1;1;6
казино weiss регистрация;weiss;НЧ;84120;45;62;2;1;1;45
weiss casino регистрация;weiss;НЧ;84120;32;44;3;2;1;34
everum;everum;НЧ;76024;69;151;1;26;11;109
everum casino вход;everum;НЧ;76024;34;45;1;14;8;36
everum казино регистрация;everum;НЧ;76024;47;76;1;18;10;61
казино эверум;everum;НЧ;76024;38;57;1;19;4;46
эверум казино зеркало;everum;НЧ;76024;34;57;1;19;8;46
casino everum;everum;НЧ;76024;22;33;2;10;3;30
everum casino;everum;НЧ;76024;29;51;2;16;2;42
everum казино;everum;НЧ;76024;30;50;2;16;4;40
everum казино зеркало;everum;НЧ;76024;25;40;2;16;8;31
эверум казино;everum;НЧ;76024;26;42;2;11;4;36
официальный джекпокер;jackpoker;НЧ;66822;47;85;3;18;2;74
джекпокер официальный сайт на русском;jackpoker;НЧ;66822;46;76;4;13;0;65
jackpoker играть;jackpoker;НЧ;66822;42;91;5;3;0;69
джекпокер зеркало;jackpoker;НЧ;66822;43;67;5;13;0;51
джекпокер официальный сайт;jackpoker;НЧ;66822;40;65;5;12;0;57
jackpoker вход зеркало;jackpoker;НЧ;66822;36;52;7;8;0;45
jackpoker зеркало работающее;jackpoker;НЧ;66822;18;22;7;3;0;19
jackpoker;jackpoker;НЧ;66822;27;50;9;1;0;45
jackpoker официальный сайт зеркало;jackpoker;НЧ;66822;17;20;13;0;0;19
jackpoker зеркало;jackpoker;НЧ;66822;10;11;18;0;0;10
vulkan stars регистрация;vulkan stars;НЧ;64010;36;68;2;25;4;54
вулкан старс регистрация;vulkan stars;НЧ;64010;62;136;2;38;8;100
вулкан старс казино;vulkan stars;НЧ;64010;59;119;3;17;1;91
вулкан старс казино зеркало;vulkan stars;НЧ;64010;50;104;3;17;1;74
vulkan stars casino;vulkan stars;НЧ;64010;40;74;4;3;0;56
вулкан старс казино официальный сайт;vulkan stars;НЧ;64010;55;113;4;17;0;84
вулкан старс официальный сайт казино;vulkan stars;НЧ;64010;62;143;4;16;0;98
вулкан старс;vulkan stars;НЧ;64010;55;126;5;11;0;91
вулкан старс зеркало;vulkan stars;НЧ;64010;46;89;5;13;0;66
казино вулкан старс;vulkan stars;НЧ;64010;46;91;6;7;0;75
spin city casino зеркало;spin city;НЧ;58181;30;41;1;13;4;29
spin city казино регистрация;spin city;НЧ;58181;55;112;1;30;12;78
спин сити казино официальный сайт вход;spin city;НЧ;58181;44;82;1;12;3;65
spin city промокод;spin city;НЧ;58181;48;109;2;28;11;89
спин сити casino бонус коды;spin city;НЧ;58181;53;129;2;23;8;97
спин сити казино;spin city;НЧ;58181;37;56;2;13;2;41
спин сити казино зеркало;spin city;НЧ;58181;31;40;2;12;2;32
спин сити казино официальный;spin city;НЧ;58181;37;60;2;9;1;46
spin city casino;spin city;НЧ;58181;42;63;4;12;0;49
спин сити;spin city;НЧ;58181;36;49;6;6;0;41
blitzred казино официальный;blitzred;НЧ;56669;69;203;1;30;13;134
blitzred;blitzred;НЧ;56669;59;130;2;19;1;95
blitzred casino зеркало;blitzred;НЧ;56669;71;188;2;18;7;122
blitzred casino;blitzred;НЧ;56669;74;263;3;15;2;158
blitzred казино;blitzred;НЧ;56669;67;182;3;16;2;122
casino blitzred;blitzred;НЧ;56669;77;281;3;14;2;174
казино blitzred;blitzred;НЧ;56669;65;170;3;15;3;111
максбетслотс казино бонусы;maxbetslots;НЧ;44611;47;100;1;15;2;76
максбетслотс казино регистрация;maxbetslots;НЧ;44611;70;142;1;42;4;103
максбетслотс;maxbetslots;НЧ;44611;32;49;2;8;1;39
максбетслотс казино зеркало;maxbetslots;НЧ;44611;43;72;2;22;3;52
казино максбетслотс;maxbetslots;НЧ;44611;44;107;3;26;3;85
максбетслотс казино;maxbetslots;НЧ;44611;40;67;3;19;3;52
максбетслотс казино официальный сайт;maxbetslots;НЧ;44611;42;83;3;11;1;68
maxbetslots casino;maxbetslots;НЧ;44611;35;78;4;9;0;57
casino maxbetslots;maxbetslots;НЧ;44611;38;70;5;8;0;51
maxbetslots;maxbetslots;НЧ;44611;29;38;5;7;0;29
казино казинора;casinora;НЧ;40274;38;71;1;14;11;61
казинора казино;casinora;НЧ;40274;33;48;1;7;7;43
casino casinora;casinora;НЧ;40274;54;145;2;6;2;103
casinora casino;casinora;НЧ;40274;63;160;2;8;5;112
casinora casino-ra.24xx;casinora;НЧ;40274;62;162;2;11;5;119
casinora казино;casinora;НЧ;40274;63;145;2;14;4;105
казинора;casinora;НЧ;40274;20;26;2;3;1;18
казино casinora;casinora;НЧ;40274;57;148;3;14;7;104
casinora;casinora;НЧ;40274;23;38;5;3;0;33
spacewin зеркало;spacewin;НЧ;36574;44;111;1;11;3;90
спейсвин;spacewin;НЧ;36574;64;125;1;12;6;97
casino spacewin;spacewin;НЧ;36574;52;104;2;4;1;74
spacewin casino;spacewin;НЧ;36574;39;68;2;6;2;56
spacewin вход;spacewin;НЧ;36574;71;199;2;13;3;138
казино spacewin;spacewin;НЧ;36574;46;97;2;3;2;73
казино спейсвин;spacewin;НЧ;36574;67;174;2;13;3;118
спейсвин казино;spacewin;НЧ;36574;58;155;2;6;2;111
spacewin казино;spacewin;НЧ;36574;44;96;4;1;0;76
spacewin;spacewin;НЧ;36574;24;29;8;1;0;25
lucky bird casino зеркало;lucky bird;НЧ;4135;23;30;1;6;1;27
casino lucky bird;lucky bird;НЧ;4135;21;30;4;7;0;27
lucky bird casino;lucky bird;НЧ;4135;20;28;5;4;0;25
lucky bird casino - бездепозитный бонус;lucky bird;НЧ;4135;31;56;10;2;0;50
скачать мостбет официальный букмекер мостбет;mostbet bookmaker;НЧ;2624;17;18;2;9;2;14
скачать мостбет андроид сайта букмекера зайти на;mostbet bookmaker;НЧ;2624;14;15;7;1;0;11
скачать мостбет официальный букмекер мостбет androidbaza;mostbet bookmaker;НЧ;2624;15;17;10;1;0;12
мостбет apk со стороны букмекера для;mostbet bookmaker;НЧ;2624;5;5;18;0;0;4
скачать мостбет апк сайта букмекера зайти на;mostbet bookmaker;НЧ;2624;6;6;69;0;0;5
onetap;onetap;НЧ;1188;6;6;71;0;0;3
casino vulkan prestige;vulkan prestige;НЧ;622;34;54;1;18;5;41
vulkan prestige casino;vulkan prestige;НЧ;622;38;62;1;23;6;52
vulkan prestige казино;vulkan prestige;НЧ;622;44;74;1;37;11;59
вулкан казино престиж;vulkan prestige;НЧ;622;36;56;1;34;16;47
вулкан престиж казино;vulkan prestige;НЧ;622;29;45;1;23;6;38
казино vulkan prestige;vulkan prestige;НЧ;622;43;70;1;28;6;61
казино вулкан престиж;vulkan prestige;НЧ;622;46;91;1;41;6;77
вулкан престиж;vulkan prestige;НЧ;622;35;58;3;13;2;49
вулкан престиж спин;vulkan prestige;НЧ;622;38;71;3;20;1;58
casino vulkan mega;vulkan mega;НЧ;397;40;71;1;10;2;56
vulkan mega casino;vulkan mega;НЧ;397;37;54;1;18;3;45
вулкан мега вход;vulkan mega;НЧ;397;36;56;1;34;15;43
вулкан мега казино;vulkan mega;НЧ;397;39;69;1;17;4;55
вулкан мега казино официальный сайт;vulkan mega;НЧ;397;32;53;1;9;3;46
вулкан мега официальный сайт;vulkan mega;НЧ;397;33;55;1;16;9;46
казино vulkan mega;vulkan mega;НЧ;397;22;30;1;8;2;25
мега вулкан;vulkan mega;НЧ;397;42;70;2;4;1;53
вулкан мега;vulkan mega;НЧ;397;49;90;5;12;0;72
