ключ;бренд;тир;частотность;съёмов_с_позицией;всего_позиций;лучшая_позиция;попаданий_ТОП10;попаданий_ТОП3;доменов;групп
leon casino;leon;ВЧ;9509957;5;5;5;2;0;4;4
аркада казино официальный сайт;arkada;ВЧ;9360080;7;7;19;0;0;6;6
аркада казино официальный;arkada;ВЧ;9360080;9;9;24;0;0;5;5
пин ап официальный сайт;pin up;ВЧ;8681880;10;11;7;2;0;9;8
пин ап официальный;pin up;ВЧ;8681880;15;16;16;0;0;11;10
кент казино;kent;ВЧ;8014954;7;8;3;3;1;5;4
kent casino официальный сайт;kent;ВЧ;8014954;8;10;4;5;0;7;5
kent casino;kent;ВЧ;8014954;8;12;5;5;0;8;5
кент казино зеркало;kent;ВЧ;8014954;6;6;5;4;0;4;4
кент казино официальный сайт;kent;ВЧ;8014954;5;7;5;3;0;4;3
kent casino официальный;kent;ВЧ;8014954;6;11;6;4;0;6;4
kent казино;kent;ВЧ;8014954;5;8;7;1;0;5;3
казино кент;kent;ВЧ;8014954;6;7;7;1;0;4;3
casino mellstroy;mellstroy;ВЧ;6584223;13;15;7;2;0;8;6
mellstroy казино;mellstroy;ВЧ;6584223;8;9;8;3;0;6;5
mellstroy casino;mellstroy;ВЧ;6584223;8;9;9;1;0;7;5
казино меллстрой;mellstroy;ВЧ;6584223;10;13;9;1;0;7;5
меллстрой казино официальный сайт;mellstroy;ВЧ;6584223;12;16;9;2;0;7;4
меллстрой казино;mellstroy;ВЧ;6584223;9;10;13;0;0;5;4
pokerdom зеркало;pokerdom;ВЧ;5967595;13;13;5;2;0;7;7
зеркало покердом;pokerdom;ВЧ;5967595;7;7;6;1;0;5;5
покердом вход;pokerdom;ВЧ;5967595;12;16;20;0;0;13;8
покердом зеркало;pokerdom;ВЧ;5967595;6;6;28;0;0;6;6
покердом официальный сайт;pokerdom;ВЧ;5967595;7;14;51;0;0;14;7
казино покердом;pokerdom;ВЧ;5967595;7;7;68;0;0;6;6
покердом казино;pokerdom;ВЧ;5967595;6;6;75;0;0;5;5
казино зума играть;zooma;ВЧ;4581141;9;9;4;3;0;7;7
зума казино играть;zooma;ВЧ;4581141;10;10;5;3;0;7;7
зума casino;zooma;ВЧ;4581141;8;8;7;1;0;6;6
зума казино;zooma;ВЧ;4581141;5;5;7;1;0;4;4
зума казино регистрация;zooma;ВЧ;4581141;7;7;7;2;0;4;4
zooma казино;zooma;ВЧ;4581141;5;5;8;2;0;4;4
казино зума;zooma;ВЧ;4581141;5;6;8;1;0;5;4
zooma casino;zooma;ВЧ;4581141;5;5;11;0;0;4;4
зума казино официальный сайт;zooma;ВЧ;4581141;7;8;14;0;0;5;4
atom casino официальный сайт;atom;ВЧ;4158849;14;18;4;3;0;10;8
atom casino;atom;ВЧ;4158849;6;8;6;1;0;5;4
атом казино официальный сайт;atom;ВЧ;4158849;13;18;6;4;0;10;6
atom казино;atom;ВЧ;4158849;9;9;7;2;0;7;7
атом казино;atom;ВЧ;4158849;9;9;7;1;0;6;6
атом казино официальный;atom;ВЧ;4158849;12;15;7;2;0;9;6
казино atom;atom;ВЧ;4158849;9;10;7;3;0;6;5
casino atom;atom;ВЧ;4158849;9;11;10;1;0;7;6
казино атом;atom;ВЧ;4158849;11;11;12;0;0;8;7
атом казино вход;atom;ВЧ;4158849;26;35;16;0;0;23;14
казино мотор;motor;ВЧ;3776796;13;13;6;1;0;10;10
мотор казино зеркало;motor;ВЧ;3776796;11;12;6;2;0;6;5
casino motor;motor;ВЧ;3776796;7;7;8;1;0;4;4
мотор казино регистрация;motor;ВЧ;3776796;12;13;9;1;0;8;7
motor casino;motor;ВЧ;3776796;10;10;10;2;0;6;6
мотор казино;motor;ВЧ;3776796;14;14;10;1;0;9;9
мотор казино официальный;motor;ВЧ;3776796;10;11;11;0;0;8;7
мотор казино вход;motor;ВЧ;3776796;8;8;16;0;0;5;5
мотор казино официальный сайт;motor;ВЧ;3776796;5;6;24;0;0;6;5
казино комета;kometa;ВЧ;3467104;9;9;4;1;0;5;5
casino kometa;kometa;ВЧ;3467104;6;6;10;2;0;4;4
комета казино официальный сайт;kometa;ВЧ;3467104;9;9;10;1;0;6;5
kometa casino;kometa;ВЧ;3467104;9;9;11;0;0;5;5
комета казино официальный;kometa;ВЧ;3467104;7;8;11;0;0;6;5
казино kometa;kometa;ВЧ;3467104;5;6;13;0;0;4;3
комета казино онлайн;kometa;ВЧ;3467104;6;6;13;0;0;3;3
kometa казино;kometa;ВЧ;3467104;5;5;14;0;0;3;3
комета казино;kometa;ВЧ;3467104;5;5;16;0;0;3;3
куш казино;kush;ВЧ;3358528;8;10;3;3;2;7;5
casino куш;kush;ВЧ;3358528;8;11;4;5;0;9;7
куш казино официальный сайт;kush;ВЧ;3358528;19;25;5;5;0;17;11
casino kush;kush;ВЧ;3358528;9;9;7;4;0;7;6
казино куш;kush;ВЧ;3358528;9;10;9;1;0;8;6
kush casino;kush;ВЧ;3358528;8;9;11;0;0;7;5
казино kush;kush;ВЧ;3358528;7;8;12;0;0;8;5
kush казино;kush;ВЧ;3358528;10;12;13;0;0;10;7
куш казино зеркало;kush;ВЧ;3358528;9;9;13;0;0;7;6
ева казино промокод;eva;ВЧ;3167311;10;10;17;0;0;6;6
play fortuna;play fortuna;ВЧ;3123282;5;5;3;1;1;3;3
плей фортуна официальный;play fortuna;ВЧ;3123282;12;12;4;6;0;6;6
плей фортуна;play fortuna;ВЧ;3123282;6;6;9;1;0;4;4
плей фортуна официальный сайт;play fortuna;ВЧ;3123282;5;5;10;1;0;4;4
daddy casino вход;daddy;ВЧ;2944736;9;12;3;1;1;9;6
daddy casino официальный сайт;daddy;ВЧ;2944736;18;25;3;2;1;19;12
дэдди казино вход;daddy;ВЧ;2944736;20;28;4;5;0;19;11
daddy казино;daddy;ВЧ;2944736;9;13;5;4;0;9;6
дэдди казино;daddy;ВЧ;2944736;6;7;8;2;0;7;6
казино дэдди;daddy;ВЧ;2944736;6;8;8;2;0;5;4
мартин казино;martin;ВЧ;2830958;5;8;1;4;2;4;2
casino martin;martin;ВЧ;2830958;5;5;3;3;1;4;4
martin casino;martin;ВЧ;2830958;8;8;3;3;1;6;5
мартин казино официальный;martin;ВЧ;2830958;20;25;3;2;1;18;13
мартин казино регистрация;martin;ВЧ;2830958;10;12;7;2;0;6;5
мартин казино официальный сайт;martin;ВЧ;2830958;27;41;9;2;0;30;18
мартин казино вход;martin;ВЧ;2830958;7;9;73;0;0;8;6
banda casino официальный сайт;banda;ВЧ;2767327;35;57;4;2;0;40;20
casino banda;banda;ВЧ;2767327;13;15;5;1;0;13;11
банда казино играть;banda;ВЧ;2767327;8;9;6;2;0;6;5
banda казино;banda;ВЧ;2767327;9;9;7;1;0;8;8
банда казино официальный;banda;ВЧ;2767327;14;18;9;2;0;14;9
банда казино зеркало;banda;ВЧ;2767327;5;5;11;0;0;4;4
banda casino;banda;ВЧ;2767327;14;15;12;0;0;14;11
банда казино официальный сайт;banda;ВЧ;2767327;20;25;12;0;0;19;12
биф казино;beef;ВЧ;2743713;16;17;6;1;0;11;10
биф казино сайт;beef;ВЧ;2743713;32;41;7;1;0;25;18
казино beef;beef;ВЧ;2743713;21;23;7;1;0;16;14
биф казино онлайн;beef;ВЧ;2743713;41;69;8;1;0;45;23
казино биф;beef;ВЧ;2743713;24;34;8;1;0;21;14
beef casino;beef;ВЧ;2743713;16;19;10;1;0;12;10
beef казино;beef;ВЧ;2743713;13;16;11;0;0;11;8
casino beef;beef;ВЧ;2743713;10;10;18;0;0;6;6
beef casino официальный сайт;beef;ВЧ;2743713;45;70;20;0;0;46;24
биф казино официальный сайт;beef;ВЧ;2743713;34;57;22;0;0;42;20
стейк зеркало;stake;ВЧ;2723742;7;10;12;0;0;10;7
стейк казино официальный сайт;stake;ВЧ;2723742;16;17;49;0;0;10;9
стейк казино онлайн;stake;ВЧ;2723742;6;9;57;0;0;5;3
казино stake;stake;ВЧ;2723742;5;5;75;0;0;4;4
кактус казино вход;cactus;ВЧ;2599593;26;29;2;8;1;18;14
кактус казино;cactus;ВЧ;2599593;19;21;3;7;1;17;14
кактус казино зеркало;cactus;ВЧ;2599593;21;24;3;10;1;20;15
кактус казино регистрация;cactus;ВЧ;2599593;29;32;3;10;2;22;18
cactus casino зеркало;cactus;ВЧ;2599593;15;15;4;3;0;10;8
cactus казино;cactus;ВЧ;2599593;22;26;4;11;0;17;14
кактус казино официальный сайт;cactus;ВЧ;2599593;25;33;4;5;0;29;18
cactus casino;cactus;ВЧ;2599593;15;16;5;6;0;11;9
casino cactus;cactus;ВЧ;2599593;10;12;5;6;0;9;8
казино кактус;cactus;ВЧ;2599593;24;27;5;10;0;20;15
клуб вулкан лев;lev;ВЧ;2488641;7;7;41;0;0;6;6
гет икс казино регистрация;casino x;ВЧ;2285549;39;55;4;1;0;44;24
мани икс казино регистрация;casino x;ВЧ;2285549;5;5;4;1;0;4;4
гет икс казино;casino x;ВЧ;2285549;24;31;6;4;0;26;17
казино гет икс;casino x;ВЧ;2285549;41;53;8;2;0;34;22
мани икс казино;casino x;ВЧ;2285549;5;5;8;1;0;3;3
гет икс казино официальный сайт;casino x;ВЧ;2285549;24;31;9;1;0;28;19
admiral x casino;casino x;ВЧ;2285549;42;78;10;1;0;56;24
мани икс казино официальный сайт;casino x;ВЧ;2285549;11;15;11;0;0;13;9
гет икс казино зеркало;casino x;ВЧ;2285549;19;20;14;0;0;16;15
флагман казино зеркало;flagman;ВЧ;1982315;6;6;4;1;0;4;4
flagman казино;flagman;ВЧ;1982315;6;7;6;2;0;5;4
флагман казино официальный сайт;flagman;ВЧ;1982315;5;5;8;1;0;3;3
флагман казино регистрация;flagman;ВЧ;1982315;10;15;10;1;0;12;7
феникс казино;fenix;ВЧ;1743515;5;5;11;0;0;4;3
феникс казино вход;fenix;ВЧ;1743515;5;5;14;0;0;5;5
феникс казино зеркало;fenix;ВЧ;1743515;7;8;14;0;0;5;4
феникс казино официальный сайт;fenix;ВЧ;1743515;5;5;19;0;0;4;4
сукааа официальный сайт;sykaaa;ВЧ;1634182;20;25;2;5;4;18;13
сукааа зеркало;sykaaa;ВЧ;1634182;13;15;3;6;2;13;11
сукааа;sykaaa;ВЧ;1634182;24;26;5;10;0;19;16
казино сукааа;sykaaa;ВЧ;1634182;9;10;9;3;0;6;5
сукааа казино;sykaaa;ВЧ;1634182;5;5;10;1;0;3;3
sykaaa;sykaaa;ВЧ;1634182;5;5;11;0;0;4;4
clubnika казино;clubnika;ВЧ;1606828;7;9;2;1;1;8;6
клубника казино официальный сайт;clubnika;ВЧ;1606828;10;13;3;3;1;9;7
казино клубника;clubnika;ВЧ;1606828;8;11;4;3;0;7;5
casino clubnika;clubnika;ВЧ;1606828;7;8;6;4;0;5;4
казино clubnika;clubnika;ВЧ;1606828;5;7;6;1;0;6;4
казино клубника онлайн;clubnika;ВЧ;1606828;11;12;6;3;0;9;8
клубника казино;clubnika;ВЧ;1606828;10;17;6;1;0;9;5
clubnika casino;clubnika;ВЧ;1606828;6;7;7;3;0;4;3
казино клубника зеркало;clubnika;ВЧ;1606828;8;8;73;0;0;5;5
888starz bet скачать;888starz;ВЧ;1509168;22;29;2;16;4;23;17
скачать 888starz;888starz;ВЧ;1509168;27;31;2;17;2;20;15
888 starz;888starz;ВЧ;1509168;23;28;5;3;0;21;15
888 старз;888starz;ВЧ;1509168;29;34;5;7;0;22;17
888starz;888starz;ВЧ;1509168;14;18;5;1;0;14;11
888 starz официальный сайт;888starz;ВЧ;1509168;45;87;6;3;0;47;24
888starz официальный сайт;888starz;ВЧ;1509168;42;78;7;4;0;39;22
888старз;888starz;ВЧ;1509168;22;26;7;4;0;19;15
ирвин казино;irwin;ВЧ;1464493;6;6;4;2;0;4;4
казино ирвин;irwin;ВЧ;1464493;6;6;6;2;0;4;4
irwin casino;irwin;ВЧ;1464493;8;9;7;2;0;6;5
irwin казино;irwin;ВЧ;1464493;12;12;8;2;0;6;6
ирвин казино официальный;irwin;ВЧ;1464493;7;7;8;1;0;5;4
казино irwin;irwin;ВЧ;1464493;9;10;8;2;0;5;4
irwin casino официальный;irwin;ВЧ;1464493;6;7;36;0;0;5;4
joycasino регистрация;joycasino;ВЧ;1427372;6;6;10;1;0;3;3
винлайн скачать;winline;ВЧ;1420058;10;14;7;1;0;13;9
скачать винлайн;winline;ВЧ;1420058;7;8;11;0;0;6;5
эльдорадо казино;eldorado;ВЧ;1343727;8;9;20;0;0;7;6
казино эльдорадо;eldorado;ВЧ;1343727;10;10;33;0;0;8;8
casino eldorado;eldorado;ВЧ;1343727;18;26;34;0;0;21;13
eldorado казино;eldorado;ВЧ;1343727;19;25;48;0;0;20;12
эльдорадо казино официальный сайт;eldorado;ВЧ;1343727;12;15;60;0;0;14;11
казино эльдорадо официальный сайт;eldorado;ВЧ;1343727;22;25;64;0;0;19;15
эльдорадо казино официальный;eldorado;ВЧ;1343727;12;12;69;0;0;9;8
eldorado casino;eldorado;ВЧ;1343727;7;9;78;0;0;9;7
эльдорадо казино зеркало;eldorado;ВЧ;1343727;14;15;79;0;0;13;12
fresh casino официальный сайт вход в личный кабинет;fresh;ВЧ;1257971;15;22;9;1;0;19;11
джет казино;jet;ВЧ;1233592;5;5;11;0;0;5;5
казино jet;jet;ВЧ;1233592;5;5;14;0;0;3;3
казино джет;jet;ВЧ;1233592;5;5;15;0;0;5;5
лаки казино;laki;ВЧ;1211936;16;22;2;2;1;20;12
казино лаки бир;laki;ВЧ;1211936;26;39;3;5;1;27;16
лаки бир казино;laki;ВЧ;1211936;40;66;6;9;0;46;23
казино лаки;laki;ВЧ;1211936;9;9;7;1;0;7;7
лаки бир казино luckybear-1;laki;ВЧ;1211936;5;5;15;0;0;4;4
голд казино;gold;ВЧ;1184091;12;14;2;9;3;9;8
играть казино голд;gold;ВЧ;1184091;21;25;2;6;1;20;14
казино голд зеркало;gold;ВЧ;1184091;16;19;2;10;3;14;11
онлайн казино голд;gold;ВЧ;1184091;23;29;2;10;3;19;14
casino gold;gold;ВЧ;1184091;13;14;3;9;1;13;11
gold casino;gold;ВЧ;1184091;13;14;3;6;1;11;9
голд казино бонус;gold;ВЧ;1184091;32;46;3;10;2;33;20
казино голд играть на деньги;gold;ВЧ;1184091;40;60;3;9;1;44;23
казино голд официальный сайт;gold;ВЧ;1184091;45;76;3;6;1;59;28
казино голд;gold;ВЧ;1184091;14;15;4;9;0;11;9
свит казино;sweet;ВЧ;1160494;15;20;2;7;2;16;11
casino sweet;sweet;ВЧ;1160494;27;37;3;8;1;26;15
sweet казино;sweet;ВЧ;1160494;7;8;3;3;1;6;5
sweet casino;sweet;ВЧ;1160494;26;33;4;5;0;26;18
казино свит;sweet;ВЧ;1160494;7;9;4;5;0;6;4
pari casino;pari;ВЧ;1151278;42;77;1;25;12;52;23
пари казино;pari;ВЧ;1151278;40;64;3;14;1;49;24
вован казино;vovan;ВЧ;1104557;18;22;2;9;4;17;12
вован казино регистрация;vovan;ВЧ;1104557;40;64;2;12;6;47;23
казино вован;vovan;ВЧ;1104557;19;24;2;8;3;16;12
casino vovan;vovan;ВЧ;1104557;17;19;3;7;1;14;12
вован казино играть;vovan;ВЧ;1104557;24;29;3;15;1;21;15
вован казино официальный сайт;vovan;ВЧ;1104557;27;34;3;2;1;27;18
vovan казино;vovan;ВЧ;1104557;12;16;4;4;0;15;10
вован казино вход;vovan;ВЧ;1104557;22;25;4;8;0;19;15
вован casino;vovan;ВЧ;1104557;15;17;5;3;0;13;9
vovan casino;vovan;ВЧ;1104557;10;11;7;2;0;11;8
либет казино официальный сайт;leebet;ВЧ;1048628;53;87;2;3;1;62;26
либет казино зеркало;leebet;ВЧ;1048628;16;21;3;5;1;15;10
либет казино играть;leebet;ВЧ;1048628;36;49;3;11;3;33;22
leebet casino;leebet;ВЧ;1048628;16;19;4;4;0;14;11
казино либет;leebet;ВЧ;1048628;19;26;4;8;0;22;14
либет казино вход;leebet;ВЧ;1048628;21;26;4;4;0;17;13
leebet казино;leebet;ВЧ;1048628;23;26;5;2;0;19;13
казино leebet;leebet;ВЧ;1048628;26;33;5;4;0;21;15
либет казино;leebet;ВЧ;1048628;16;20;5;10;0;15;10
casino leebet;leebet;ВЧ;1048628;19;23;8;2;0;14;11
ауф казино официальный;auf;СЧ;943712;14;19;2;6;3;11;8
ауф казино официальный сайт;auf;СЧ;943712;19;30;2;5;3;22;13
auf casino зеркало;auf;СЧ;943712;8;9;4;3;0;7;6
auf казино;auf;СЧ;943712;6;7;4;5;0;6;5
casino auf;auf;СЧ;943712;7;7;4;3;0;4;4
казино auf;auf;СЧ;943712;5;5;4;3;0;4;4
казино ауф;auf;СЧ;943712;10;10;4;4;0;8;7
ауф казино зеркало;auf;СЧ;943712;6;7;5;1;0;7;6
auf casino;auf;СЧ;943712;14;17;6;7;0;11;9
olimp casino;olimp;СЧ;935865;11;11;5;4;0;6;5
олимп казино официальный сайт;olimp;СЧ;935865;6;7;8;2;0;6;4
казино олимп;olimp;СЧ;935865;8;8;13;0;0;4;4
адмирал х казино играть;admiralx;СЧ;918327;56;155;1;1;1;110;32
admiral x t_me_ruscasino_admiralx;admiralx;СЧ;918327;57;176;2;1;1;118;31
адмирал х регистрация;admiralx;СЧ;918327;64;206;3;3;2;133;32
адмирал х;admiralx;СЧ;918327;38;117;4;2;0;75;20
адмирал х казино;admiralx;СЧ;918327;53;117;6;1;0;87;28
адмирал х казино зеркало;admiralx;СЧ;918327;42;90;6;1;0;62;22
казино адмирал х;admiralx;СЧ;918327;54;120;6;1;0;78;27
адмирал х t_me_ruscasino_admiralx;admiralx;СЧ;918327;49;124;18;0;0;85;24
официальный сайт адмирал х;admiralx;СЧ;918327;48;117;24;0;0;81;27
адмирал х зеркало;admiralx;СЧ;918327;48;105;32;0;0;72;27
volna casino;volna;СЧ;883127;19;19;4;10;0;13;11
casino volna;volna;СЧ;883127;12;13;5;3;0;9;7
казино volna;volna;СЧ;883127;14;15;5;4;0;9;8
volna казино;volna;СЧ;883127;16;17;6;10;0;10;8
казино волна;volna;СЧ;883127;9;9;8;1;0;6;6
волна казино;volna;СЧ;883127;12;13;9;1;0;9;8
волна личный кабинет;volna;СЧ;883127;7;13;63;0;0;12;6
турбо казино официальный сайт;turbo;СЧ;879589;41;63;10;1;0;41;23
казино turbo;turbo;СЧ;879589;28;35;13;0;0;25;18
casino turbo;turbo;СЧ;879589;24;26;14;0;0;21;18
turbo casino;turbo;СЧ;879589;17;20;14;0;0;15;12
турбо казино;turbo;СЧ;879589;13;14;14;0;0;12;11
казино турбо;turbo;СЧ;879589;10;10;15;0;0;9;9
turbo казино;turbo;СЧ;879589;19;21;16;0;0;19;17
бабосс казино играть;baboss;СЧ;845670;17;23;1;8;5;17;12
baboss casino;baboss;СЧ;845670;8;8;2;5;1;7;7
casino baboss;baboss;СЧ;845670;10;10;3;4;1;8;8
бабосс казино;baboss;СЧ;845670;10;14;3;1;1;11;8
бабосс казино официальный сайт;baboss;СЧ;845670;17;24;3;4;3;16;11
казино бабосс;baboss;СЧ;845670;9;11;3;3;2;9;5
baboss казино;baboss;СЧ;845670;14;15;4;7;0;12;9
бабосс казино сайт;baboss;СЧ;845670;7;8;4;4;0;7;5
казино baboss;baboss;СЧ;845670;10;13;5;4;0;10;7
baboss;baboss;СЧ;845670;56;100;7;3;0;82;36
хайп казино официальный сайт;hype;СЧ;825447;23;29;2;2;1;23;15
hype казино;hype;СЧ;825447;7;8;3;5;1;7;5
хайп казино;hype;СЧ;825447;6;8;3;2;2;4;3
hype casino hype-online.ru;hype;СЧ;825447;9;9;4;1;0;6;6
казино hype;hype;СЧ;825447;8;10;4;7;0;5;4
казино хайп;hype;СЧ;825447;6;7;4;2;0;5;3
casino hype;hype;СЧ;825447;7;8;5;2;0;5;3
hype casino;hype;СЧ;825447;7;8;5;2;0;6;5
хайп казино официальный;hype;СЧ;825447;10;11;5;2;0;9;8
раменбет официальный;ramenbet;СЧ;812629;40;59;5;2;0;42;22
раменбет;ramenbet;СЧ;812629;13;15;8;3;0;11;9
раменбет официальный сайт;ramenbet;СЧ;812629;34;46;8;2;0;30;18
ramenbet;ramenbet;СЧ;812629;9;9;11;0;0;8;8
раменбет казино;ramenbet;СЧ;812629;5;5;37;0;0;4;4
спинто казино играть;spinto;СЧ;799938;29;36;2;5;2;30;19
spinto казино;spinto;СЧ;799938;10;10;3;3;2;8;8
казино spinto;spinto;СЧ;799938;15;15;4;2;0;11;10
спинто казино официальный сайт;spinto;СЧ;799938;34;51;4;5;0;43;25
casino spinto;spinto;СЧ;799938;8;9;5;4;0;6;5
spinto casino;spinto;СЧ;799938;10;10;5;4;0;8;8
спинто казино;spinto;СЧ;799938;17;17;5;3;0;14;13
спинто казино регистрация;spinto;СЧ;799938;25;30;5;3;0;27;20
спинто казино официальный;spinto;СЧ;799938;19;22;6;2;0;19;15
казино спинто;spinto;СЧ;799938;20;23;7;3;0;19;13
casino loft;loft;СЧ;767939;12;13;2;6;2;9;8
лофт казино официальный сайт;loft;СЧ;767939;49;103;2;8;2;78;29
казино лофт;loft;СЧ;767939;9;9;4;5;0;7;7
лофт казино сайт;loft;СЧ;767939;19;22;4;5;0;17;14
loft casino;loft;СЧ;767939;15;16;5;4;0;12;11
лофт казино;loft;СЧ;767939;9;10;5;5;0;7;6
рокс казино официальный сайт;rox;СЧ;746373;13;16;9;1;0;14;10
анлим казино официальный сайт;unlim casino;СЧ;723165;40;78;2;2;1;59;27
unlim casino t_me_webcasino_unlim;unlim casino;СЧ;723165;18;20;6;1;0;17;15
анлим казино регистрация;unlim casino;СЧ;723165;40;62;6;2;0;46;25
казино анлим;unlim casino;СЧ;723165;12;13;7;4;0;11;9
анлим казино;unlim casino;СЧ;723165;24;31;8;5;0;25;14
анлим казино t_me_webcasino_unlim;unlim casino;СЧ;723165;15;15;8;1;0;12;11
анлим казино зеркало;unlim casino;СЧ;723165;13;13;11;0;0;11;11
casino unlim;unlim casino;СЧ;723165;10;17;12;0;0;12;7
unlim casino;unlim casino;СЧ;723165;10;14;13;0;0;11;8
unlim casino зеркало;unlim casino;СЧ;723165;7;7;55;0;0;6;5
нью ретро казино зеркало;new retro;СЧ;718552;38;51;2;9;1;38;25
new retro casino зеркало;new retro;СЧ;718552;10;11;4;1;0;8;6
new retro casino официальный сайт;new retro;СЧ;718552;39;74;4;6;0;58;25
казино нью ретро;new retro;СЧ;718552;43;76;4;7;0;60;26
нью ретро казино;new retro;СЧ;718552;29;66;4;7;0;49;20
нью ретро казино сайт;new retro;СЧ;718552;51;97;4;10;0;72;29
ретро нью казино;new retro;СЧ;718552;44;64;4;9;0;53;25
new retro casino;new retro;СЧ;718552;21;24;5;8;0;19;14
new retro казино;new retro;СЧ;718552;23;27;5;6;0;20;14
new retro;new retro;СЧ;718552;21;27;42;0;0;16;12
мэд казино регистрация;mad;СЧ;712309;38;63;5;2;0;46;26
мэд казино вход;mad;СЧ;712309;13;13;6;2;0;10;10
мэд казино зеркало;mad;СЧ;712309;15;20;7;2;0;14;10
мэд казино официальный сайт;mad;СЧ;712309;11;13;9;1;0;10;7
гизбо;gizbo;НЧ;692147;38;46;3;4;2;30;20
гизбо казино официальный сайт;gizbo;НЧ;692147;23;36;3;6;2;23;13
гизбо казино;gizbo;НЧ;692147;11;13;4;7;0;10;8
казино гизбо;gizbo;НЧ;692147;12;13;4;4;0;10;9
casino gizbo;gizbo;НЧ;692147;9;9;6;2;0;9;8
gizbo;gizbo;НЧ;692147;19;22;6;5;0;13;11
gizbo казино;gizbo;НЧ;692147;9;9;6;5;0;9;9
казино gizbo;gizbo;НЧ;692147;16;17;6;5;0;13;10
гизбо казино зеркало;gizbo;НЧ;692147;10;10;7;1;0;9;9
gizbo casino;gizbo;НЧ;692147;5;5;9;1;0;3;3
мани икс;money x;НЧ;686341;7;7;10;1;0;5;5
маней икс;money x;НЧ;686341;7;7;14;0;0;5;5
мане икс;money x;НЧ;686341;6;6;66;0;0;3;3
криптобосс;cryptoboss;НЧ;663325;14;19;2;1;1;16;10
криптобосс зеркало;cryptoboss;НЧ;663325;13;15;3;1;1;13;11
криптобосс казино официальный сайт;cryptoboss;НЧ;663325;20;24;3;10;3;16;12
cryptoboss;cryptoboss;НЧ;663325;13;16;4;4;0;11;7
казино криптобосс;cryptoboss;НЧ;663325;6;7;4;4;0;6;5
casino cryptoboss;cryptoboss;НЧ;663325;10;11;5;3;0;8;7
криптобосс казино;cryptoboss;НЧ;663325;9;9;5;6;0;6;6
cryptoboss казино;cryptoboss;НЧ;663325;5;5;7;1;0;4;4
cryptoboss casino;cryptoboss;НЧ;663325;12;12;8;2;0;7;7
казино cryptoboss;cryptoboss;НЧ;663325;8;8;9;2;0;5;5
kraken casino;kraken;НЧ;662363;26;37;4;12;0;23;13
кракен казино;kraken;НЧ;662363;23;39;4;10;0;23;12
кракен ссылка;kraken;НЧ;662363;10;14;61;0;0;10;6
твин казино игровые автоматы;twin;НЧ;644844;9;11;2;6;2;6;5
твин казино промокод;twin;НЧ;644844;38;61;2;8;6;47;26
казино твин;twin;НЧ;644844;8;9;3;7;1;6;5
твин казино бонус;twin;НЧ;644844;25;38;3;9;1;24;15
твин казино официальный;twin;НЧ;644844;5;7;3;4;2;5;3
твин казино официальный сайт;twin;НЧ;644844;8;8;6;3;0;8;8
starda;starda;НЧ;633393;12;12;7;3;0;9;8
казино starda;starda;НЧ;633393;8;8;8;1;0;4;4
старда;starda;НЧ;633393;5;5;8;1;0;3;3
starda казино;starda;НЧ;633393;14;14;10;1;0;10;9
casino starda;starda;НЧ;633393;7;7;11;0;0;4;4
старда казино официальный;starda;НЧ;633393;5;5;11;0;0;3;3
starda casino официальный;starda;НЧ;633393;7;7;12;0;0;5;5
monro casino;monro;НЧ;629511;13;19;5;2;0;10;8
monro казино;monro;НЧ;629511;20;28;6;1;0;18;12
казино монро;monro;НЧ;629511;14;21;6;1;0;15;10
casino monro;monro;НЧ;629511;21;32;8;1;0;26;17
монро казино;monro;НЧ;629511;10;11;8;1;0;8;7
монро казино официальный;monro;НЧ;629511;23;34;10;1;0;32;18
монро казино официальный сайт;monro;НЧ;629511;43;83;10;2;0;56;25
казино monro;monro;НЧ;629511;15;20;12;0;0;15;11
casino getx;getx;НЧ;623534;31;35;5;4;0;25;18
getx казино;getx;НЧ;623534;42;55;5;2;0;38;21
казино getx;getx;НЧ;623534;40;53;5;3;0;40;23
гет икс официальный сайт;getx;НЧ;623534;36;56;7;3;0;41;24
гет икс;getx;НЧ;623534;22;34;8;3;0;24;12
getx casino;getx;НЧ;623534;31;38;10;1;0;24;16
getx;getx;НЧ;623534;17;23;11;0;0;17;11
up-x скачать официальный сайт;up-x;НЧ;609909;12;13;5;3;0;12;7
сайт up-x;up-x;НЧ;609909;6;8;8;1;0;5;4
up-x официальный сайт;up-x;НЧ;609909;9;11;69;0;0;8;6
up-x зеркало официальный сайт;up-x;НЧ;609909;5;5;81;0;0;3;3
казино джеттон;jetton;НЧ;589877;13;14;2;2;1;11;10
казино jetton;jetton;НЧ;589877;8;8;6;2;0;5;5
джеттон;jetton;НЧ;589877;18;26;9;2;0;17;10
casino jetton;jetton;НЧ;589877;6;7;10;1;0;6;4
джеттон казино;jetton;НЧ;589877;11;13;11;0;0;9;7
jetton казино;jetton;НЧ;589877;6;6;12;0;0;4;4
jetton casino;jetton;НЧ;589877;6;7;14;0;0;4;2
jetton casino официальный сайт;jetton;НЧ;589877;17;21;15;0;0;17;12
jetton;jetton;НЧ;589877;7;10;31;0;0;7;4
slotozal зеркало;slotozal;НЧ;551631;18;22;2;4;1;17;13
slotozal casino;slotozal;НЧ;551631;8;10;4;1;0;9;7
казино slotozal;slotozal;НЧ;551631;14;15;4;4;0;9;8
казино слотозал;slotozal;НЧ;551631;9;15;6;2;0;10;6
слотозал казино;slotozal;НЧ;551631;11;18;6;5;0;11;6
слотозал официальный сайт;slotozal;НЧ;551631;10;14;6;2;0;10;7
slotozal казино;slotozal;НЧ;551631;9;11;7;1;0;8;6
slotozal;slotozal;НЧ;551631;10;12;9;2;0;9;7
casino slotozal;slotozal;НЧ;551631;10;15;12;0;0;11;8
казино вулкан 24;vulkan 24;НЧ;548217;27;44;2;1;1;38;20
vulkan 24;vulkan 24;НЧ;548217;22;28;3;2;1;23;16
вулкан 24 онлайн;vulkan 24;НЧ;548217;19;23;3;3;1;17;10
играть вулкан 24;vulkan 24;НЧ;548217;52;118;3;7;1;79;28
вулкан 24;vulkan 24;НЧ;548217;14;19;7;1;0;14;8
vulkan 24 казино;vulkan 24;НЧ;548217;31;54;12;0;0;45;20
вулкан 24 казино;vulkan 24;НЧ;548217;33;56;13;0;0;49;23
игровые автоматы вулкан 24;vulkan 24;НЧ;548217;26;42;15;0;0;38;20
вулкан 24 казино сайт;vulkan 24;НЧ;548217;30;52;17;0;0;45;24
клуб вулкан 24;vulkan 24;НЧ;548217;7;9;21;0;0;7;5
вулкан 24 официальный сайт;vulkan 24;НЧ;548217;13;18;72;0;0;16;11
casino million;million;НЧ;546030;14;14;4;8;0;11;11
million casino;million;НЧ;546030;8;8;4;4;0;7;7
казино million;million;НЧ;546030;7;7;7;2;0;5;5
казино миллион демо игра;million;НЧ;546030;17;19;17;0;0;14;13
болливуд казино регистрация;bollywood;НЧ;545956;45;80;1;8;4;59;26
болливуд казино официальный сайт;bollywood;НЧ;545956;16;19;2;6;2;13;10
казино bollywood;bollywood;НЧ;545956;19;24;2;8;2;16;14
bollywood казино;bollywood;НЧ;545956;14;16;3;5;1;13;11
болливуд казино зеркало;bollywood;НЧ;545956;17;24;3;10;2;17;11
казино болливуд официальный сайт;bollywood;НЧ;545956;22;25;3;7;3;17;14
bollywood casino;bollywood;НЧ;545956;16;18;4;4;0;13;11
casino bollywood;bollywood;НЧ;545956;14;14;4;5;0;11;11
болливуд казино;bollywood;НЧ;545956;21;26;5;7;0;16;12
казино болливуд;bollywood;НЧ;545956;16;19;5;5;0;15;11
казино вулкан платинум;vulkan platinum;НЧ;529970;26;35;2;5;1;29;18
вулкан платинум;vulkan platinum;НЧ;529970;17;18;5;3;0;16;12
vulkan platinum;vulkan platinum;НЧ;529970;18;21;6;3;0;15;11
вулкан платинум казино официальный сайт;vulkan platinum;НЧ;529970;36;65;6;2;0;55;24
vulkan platinum casino;vulkan platinum;НЧ;529970;29;44;7;2;0;40;21
вулкан платинум казино;vulkan platinum;НЧ;529970;33;47;7;5;0;35;21
casino vulkan platinum;vulkan platinum;НЧ;529970;34;53;10;1;0;46;26
vulkan platinum казино;vulkan platinum;НЧ;529970;29;40;10;1;0;33;21
казино vulkan platinum;vulkan platinum;НЧ;529970;33;40;11;0;0;33;21
vulkan platinum casino онлайн;vulkan platinum;НЧ;529970;22;31;16;0;0;26;15
casino booi;booi;НЧ;517549;6;7;5;3;0;6;5
booi casino;booi;НЧ;517549;8;8;7;4;0;7;7
буй казино;booi;НЧ;517549;12;12;7;4;0;9;7
казино booi;booi;НЧ;517549;7;7;7;1;0;6;6
казино буй;booi;НЧ;517549;5;5;8;1;0;4;3
booi;booi;НЧ;517549;8;9;18;0;0;6;5
lex casino официальный;lex;НЧ;510265;6;6;10;1;0;5;5
lex casino официальный сайт;lex;НЧ;510265;7;7;11;0;0;6;5
казино лекс;lex;НЧ;510265;5;5;11;0;0;4;4
лекс казино официальный сайт;lex;НЧ;510265;12;13;12;0;0;7;6
лекс казино официальный;lex;НЧ;510265;6;6;19;0;0;6;5
иззи казино официальный сайт;izzi;НЧ;505151;55;97;5;4;0;65;30
casino izzi;izzi;НЧ;505151;31;43;6;5;0;31;19
izzi casino;izzi;НЧ;505151;24;30;6;2;0;22;15
иззи казино зеркало;izzi;НЧ;505151;19;21;7;4;0;13;11
izzi casino зеркало;izzi;НЧ;505151;33;44;9;2;0;33;20
казино izzi;izzi;НЧ;505151;35;49;9;1;0;38;22
казино иззи;izzi;НЧ;505151;20;22;9;2;0;16;14
иззи казино;izzi;НЧ;505151;18;22;10;1;0;17;13
izzi казино;izzi;НЧ;505151;37;62;11;0;0;50;25
izzi;izzi;НЧ;505151;11;11;20;0;0;6;6
казино marathon;marathon;НЧ;492834;52;127;2;16;3;101;32
casino marathon;marathon;НЧ;492834;50;113;3;13;1;94;30
marathon casino;marathon;НЧ;492834;51;132;3;16;1;102;27
marathon казино;marathon;НЧ;492834;36;92;3;15;3;71;22
казино марафон;marathon;НЧ;492834;40;97;3;7;1;72;27
марафон казино;marathon;НЧ;492834;54;123;3;6;1;92;31
casino honey money;honey money;НЧ;484646;11;16;2;6;1;11;7
honey money casino;honey money;НЧ;484646;14;16;2;3;1;13;10
honey money casino официальный сайт;honey money;НЧ;484646;26;42;2;11;4;32;18
казино honey money;honey money;НЧ;484646;21;28;2;9;2;20;13
казино хани мани;honey money;НЧ;484646;41;69;2;6;2;58;28
хани мани казино зеркало;honey money;НЧ;484646;34;50;2;4;4;41;23
хани мани казино официальный сайт;honey money;НЧ;484646;50;90;2;8;4;72;30
honey money казино;honey money;НЧ;484646;17;18;3;9;1;16;12
honey money casino зеркало;honey money;НЧ;484646;10;16;4;3;0;12;7
хани мани казино;honey money;НЧ;484646;27;32;6;3;0;26;20
luckybear casino официальный сайт;luckybear;НЧ;477360;38;65;8;3;0;50;23
казино лакибир;luckybear;НЧ;477360;36;63;8;1;0;44;19
luckybear casino;luckybear;НЧ;477360;18;19;11;0;0;13;11
luckybear казино;luckybear;НЧ;477360;9;10;11;0;0;8;7
casino luckybear;luckybear;НЧ;477360;18;22;13;0;0;20;14
лакибир казино;luckybear;НЧ;477360;26;35;14;0;0;30;19
казино luckybear;luckybear;НЧ;477360;13;16;16;0;0;14;10
лакибир;luckybear;НЧ;477360;35;63;31;0;0;51;24
джозз казино вход;jozz;НЧ;466878;24;30;2;7;3;24;17
джозз казино играть;jozz;НЧ;466878;31;36;2;9;2;24;19
jozz казино;jozz;НЧ;466878;21;23;3;7;1;17;15
джозз казино;jozz;НЧ;466878;20;25;3;6;1;17;12
казино джозз вход;jozz;НЧ;466878;16;17;3;6;2;11;10
казино джозз;jozz;НЧ;466878;13;13;4;4;0;8;8
casino jozz;jozz;НЧ;466878;6;7;6;1;0;6;5
казино jozz;jozz;НЧ;466878;14;16;6;3;0;13;12
jozz casino;jozz;НЧ;466878;7;7;8;2;0;7;7
casino jozz бесплатно;jozz;НЧ;466878;12;13;10;1;0;10;7
friends казино;friends;НЧ;458627;10;10;6;3;0;7;7
френдс казино официальный сайт;friends;НЧ;458627;29;45;6;2;0;30;17
казино friends;friends;НЧ;458627;7;7;8;2;0;5;5
casino friends;friends;НЧ;458627;10;11;10;1;0;10;9
френдс казино;friends;НЧ;458627;13;14;10;1;0;11;9
казино френдс;friends;НЧ;458627;13;14;13;0;0;10;9
friends casino;friends;НЧ;458627;7;8;14;0;0;7;6
friends casino официальный сайт;friends;НЧ;458627;25;38;17;0;0;33;19
friends casino зеркало;friends;НЧ;458627;13;19;63;0;0;18;11
фонтан казино играть;fontan;НЧ;456403;9;9;5;1;0;8;7
фонтан казино официальный сайт;fontan;НЧ;456403;18;24;6;2;0;19;12
casino fontan;fontan;НЧ;456403;6;8;9;1;0;5;3
фонтан казино зеркало;fontan;НЧ;456403;6;6;9;1;0;3;3
fontan казино;fontan;НЧ;456403;7;10;11;0;0;7;4
фонтан казино сайт;fontan;НЧ;456403;8;8;11;0;0;6;6
казино фонтан;fontan;НЧ;456403;5;5;18;0;0;3;3
фонтан казино;fontan;НЧ;456403;5;5;18;0;0;4;4
винити казино играть;winity;НЧ;416134;23;29;2;7;1;22;15
винити казино официальный;winity;НЧ;416134;22;33;2;4;1;28;16
винити казино зеркало;winity;НЧ;416134;28;32;3;10;2;26;22
казино винити;winity;НЧ;416134;15;17;4;4;0;13;10
винити казино официальный сайт;winity;НЧ;416134;25;35;5;2;0;27;17
winity казино;winity;НЧ;416134;5;6;6;1;0;6;5
трикс казик;trix;НЧ;413941;53;109;1;8;3;81;29
казино trix;trix;НЧ;413941;12;12;2;5;2;8;8
trix казино;trix;НЧ;413941;10;11;3;4;1;9;8
казино трикс;trix;НЧ;413941;19;21;3;6;1;15;13
трикс казино;trix;НЧ;413941;16;16;3;7;1;12;12
trix casino;trix;НЧ;413941;12;13;4;3;0;10;8
трикс казино официальный сайт;trix;НЧ;413941;19;21;6;1;0;20;16
casino trix;trix;НЧ;413941;8;9;7;1;0;7;6
трикс;trix;НЧ;413941;8;8;25;0;0;7;7
trix;trix;НЧ;413941;6;11;31;0;0;11;6
pokerok casino;pokerok;НЧ;401190;14;15;5;4;0;13;11
pokerok казино;pokerok;НЧ;401190;7;7;5;5;0;5;5
казино pokerok;pokerok;НЧ;401190;12;16;5;4;0;14;10
покерок скачать;pokerok;НЧ;401190;6;6;6;1;0;4;4
casino pokerok;pokerok;НЧ;401190;15;17;7;4;0;13;10
казино покерок;pokerok;НЧ;401190;12;14;8;4;0;8;7
покерок казино;pokerok;НЧ;401190;13;15;8;2;0;12;9
покерок официальный сайт;pokerok;НЧ;401190;11;14;11;0;0;12;8
pokerok;pokerok;НЧ;401190;8;9;37;0;0;7;6
покерок;pokerok;НЧ;401190;7;7;75;0;0;5;4
avocado casino;avocado;НЧ;393148;38;59;2;6;2;47;24
avocado казино;avocado;НЧ;393148;28;41;3;7;1;35;20
casino avocado;avocado;НЧ;393148;35;58;3;7;2;51;24
авокадо казино;avocado;НЧ;393148;35;55;3;8;1;45;21
авокадо казино официальный сайт;avocado;НЧ;393148;38;62;3;6;2;53;21
авокадо казино сайт;avocado;НЧ;393148;44;79;3;11;2;64;27
казино авокадо;avocado;НЧ;393148;42;68;3;11;2;53;23
авокадо официальный сайт казино;avocado;НЧ;393148;30;50;4;12;0;37;19
битц казино регистрация;bitz;НЧ;387232;51;101;1;16;8;86;36
битц казино зеркало;bitz;НЧ;387232;27;49;2;12;4;42;20
битц казино;bitz;НЧ;387232;47;103;3;7;1;72;27
сайт bitz casino;bitz;НЧ;387232;32;56;3;3;1;43;21
bitz казино;bitz;НЧ;387232;40;54;4;2;0;38;24
битц казино бонус;bitz;НЧ;387232;63;126;4;5;0;84;34
bitz casino;bitz;НЧ;387232;34;46;6;6;0;33;21
казино bitz;bitz;НЧ;387232;29;39;7;3;0;30;20
casino bitz;bitz;НЧ;387232;29;42;8;5;0;28;18
bitz casino бонус;bitz;НЧ;387232;42;71;12;0;0;50;29
bounty casino;bounty;НЧ;386701;34;41;6;3;0;28;19
казино баунти играть;bounty;НЧ;386701;45;98;6;1;0;66;25
casino bounty;bounty;НЧ;386701;20;22;7;3;0;18;15
баунти казино официальный сайт;bounty;НЧ;386701;47;110;8;1;0;78;28
bounty casino официальный сайт;bounty;НЧ;386701;35;71;9;2;0;56;24
казино баунти;bounty;НЧ;386701;13;13;12;0;0;12;11
казино баунти официальный сайт;bounty;НЧ;386701;54;103;12;0;0;68;29
казино bounty;bounty;НЧ;386701;17;18;13;0;0;14;12
bounty казино;bounty;НЧ;386701;25;29;14;0;0;26;19
баунти казино;bounty;НЧ;386701;27;33;20;0;0;26;17
мерс казино играть;mers;НЧ;383400;43;76;1;2;2;58;28
мерс казино;mers;НЧ;383400;5;5;3;1;1;5;5
казино мерс;mers;НЧ;383400;9;14;4;2;0;13;8
casino mers;mers;НЧ;383400;5;5;5;2;0;4;3
мерс казино официальный сайт;mers;НЧ;383400;36;56;30;0;0;46;27
мерс казино сайт;mers;НЧ;383400;23;33;66;0;0;26;15
casino frank;frank;НЧ;365762;33;45;1;10;3;39;24
frank casino;frank;НЧ;365762;25;30;1;12;1;20;15
frank казино;frank;НЧ;365762;31;45;1;10;1;37;23
казино frank;frank;НЧ;365762;35;42;1;18;7;34;23
сайт франк казино;frank;НЧ;365762;28;42;2;10;2;35;21
франк казино;frank;НЧ;365762;24;27;2;14;1;23;20
франк казино играть;frank;НЧ;365762;45;68;2;18;6;50;27
франк казино сайт;frank;НЧ;365762;38;72;2;5;1;54;21
казино франк;frank;НЧ;365762;26;43;3;16;1;35;19
шот казино;shot;НЧ;359503;5;6;2;2;2;5;4
дрип казино зеркало;drip;НЧ;352636;6;7;2;5;3;5;4
дрип казино официальный;drip;НЧ;352636;16;20;2;7;1;13;10
онлайн казино дрип;drip;НЧ;352636;9;9;2;7;6;6;5
casino drip;drip;НЧ;352636;9;10;3;4;1;8;6
дрип казино;drip;НЧ;352636;12;15;3;9;1;10;7
дрип казино официальный сайт;drip;НЧ;352636;21;24;3;6;1;18;13
казино дрип;drip;НЧ;352636;9;13;4;6;0;9;6
drip casino;drip;НЧ;352636;9;9;6;5;0;8;8
drip казино;drip;НЧ;352636;8;9;6;6;0;7;5
казино drip;drip;НЧ;352636;6;7;6;5;0;5;4
казино спинбеттер;spinbetter;НЧ;311379;36;60;3;2;1;47;21
спинбеттер;spinbetter;НЧ;311379;20;25;4;1;0;21;14
спинбеттер казино зеркало;spinbetter;НЧ;311379;11;13;4;1;0;9;6
спинбеттер казино;spinbetter;НЧ;311379;21;32;5;2;0;27;15
казино spinbetter;spinbetter;НЧ;311379;20;31;7;4;0;25;13
spinbetter казино;spinbetter;НЧ;311379;24;40;8;1;0;29;15
casino spinbetter;spinbetter;НЧ;311379;17;21;11;0;0;14;10
spinbetter casino;spinbetter;НЧ;311379;22;31;12;0;0;26;15
spinbetter;spinbetter;НЧ;311379;13;18;19;0;0;13;9
spinbetter зеркало;spinbetter;НЧ;311379;8;12;36;0;0;8;5
битзамо казино играть;bitzamo;НЧ;303033;56;127;1;7;3;92;30
битзамо казино;bitzamo;НЧ;303033;57;117;5;7;0;81;30
битзамо казино сайт;bitzamo;НЧ;303033;44;83;5;4;0;56;26
казино битзамо;bitzamo;НЧ;303033;42;80;5;5;0;56;25
bitzamo casino официальный сайт;bitzamo;НЧ;303033;29;40;6;2;0;31;19
битзамо;bitzamo;НЧ;303033;43;72;6;5;0;58;25
казино bitzamo;bitzamo;НЧ;303033;20;24;6;3;0;21;14
bitzamo казино;bitzamo;НЧ;303033;29;35;7;3;0;26;17
casino bitzamo;bitzamo;НЧ;303033;23;33;8;2;0;23;14
bitzamo casino;bitzamo;НЧ;303033;33;53;18;0;0;41;23
why казино;why;НЧ;300804;29;42;2;8;3;32;19
why casino;why;НЧ;300804;26;36;3;8;3;27;18
вай казино;why;НЧ;300804;27;36;3;7;2;27;18
вай казино официальный;why;НЧ;300804;33;44;3;10;1;39;22
casino onion;onion;НЧ;296267;51;107;1;9;3;76;28
onion казино;onion;НЧ;296267;54;117;1;14;4;76;29
онион казино зеркало;onion;НЧ;296267;49;102;1;12;5;74;27
онион казино официальный сайт;onion;НЧ;296267;50;122;1;11;7;81;27
onion casino;onion;НЧ;296267;46;90;2;11;1;61;26
onion casino официальный сайт;onion;НЧ;296267;55;130;2;7;1;86;31
казино onion;onion;НЧ;296267;60;128;2;13;4;84;32
казино онион;onion;НЧ;296267;57;118;2;12;4;79;31
onion casino вход;onion;НЧ;296267;29;61;3;10;1;40;16
онион казино;onion;НЧ;296267;47;89;3;10;1;64;28
буст казино;boost;НЧ;285250;11;13;1;5;2;10;7
boost казино;boost;НЧ;285250;8;8;2;4;1;6;6
казино буст;boost;НЧ;285250;8;11;2;4;2;9;6
boost casino;boost;НЧ;285250;9;9;4;2;0;9;8
legzo казино;legzo;НЧ;271650;19;20;3;4;1;17;14
легзо казино;legzo;НЧ;271650;22;28;3;5;1;20;14
casino legzo;legzo;НЧ;271650;13;14;4;5;0;11;9
legzo casino;legzo;НЧ;271650;8;8;4;4;0;7;7
легзо казино регистрация;legzo;НЧ;271650;21;32;4;5;0;27;17
казино легзо;legzo;НЧ;271650;28;39;5;6;0;32;19
легзо;legzo;НЧ;271650;36;59;5;9;0;43;22
легзо казино официальный сайт;legzo;НЧ;271650;30;45;5;8;0;35;21
казино legzo;legzo;НЧ;271650;9;9;6;4;0;8;8
казино тонплей;tonplay;НЧ;269355;50;96;6;2;0;71;26
тонплей казино;tonplay;НЧ;269355;45;91;6;3;0;73;27
tonplay казино;tonplay;НЧ;269355;7;7;8;2;0;7;7
казино tonplay;tonplay;НЧ;269355;13;13;9;3;0;8;8
tonplay;tonplay;НЧ;269355;24;37;13;0;0;31;19
tonplay отзывы;tonplay;НЧ;269355;34;74;46;0;0;51;20
tonplay tg;tonplay;НЧ;269355;16;16;49;0;0;10;10
вулкан клуб онлайн;club vulkan;НЧ;265726;11;13;82;0;0;12;10
лутран казино официальный сайт;lootrun;НЧ;262441;46;99;2;5;2;75;29
лутран казино официальный;lootrun;НЧ;262441;42;81;3;6;2;66;27
casino lootrun;lootrun;НЧ;262441;14;18;4;3;0;16;12
lootrun casino;lootrun;НЧ;262441;14;18;4;2;0;15;11
lootrun казино;lootrun;НЧ;262441;24;34;4;6;0;28;17
казино lootrun;lootrun;НЧ;262441;26;41;4;7;0;34;17
казино лутран;lootrun;НЧ;262441;30;57;4;12;0;46;19
лутран;lootrun;НЧ;262441;40;73;5;7;0;56;24
лутран казино;lootrun;НЧ;262441;24;36;5;6;0;28;17
lootrun;lootrun;НЧ;262441;14;15;13;0;0;11;9
betwinner казино;betwinner;НЧ;261273;12;19;2;3;2;17;10
betwinner скачать;betwinner;НЧ;261273;16;25;2;3;1;21;12
бетвиннер казино;betwinner;НЧ;261273;13;18;3;1;1;16;11
казино betwinner;betwinner;НЧ;261273;14;24;3;4;1;22;12
казино бетвиннер;betwinner;НЧ;261273;13;16;4;3;0;12;9
betwinner casino;betwinner;НЧ;261273;24;38;8;1;0;34;18
casino betwinner;betwinner;НЧ;261273;24;35;9;1;0;30;17
скачать betwinner;betwinner;НЧ;261273;12;13;10;1;0;10;9
casino nomad;nomad;НЧ;258600;17;21;1;7;1;16;14
казино номад;nomad;НЧ;258600;34;56;1;10;3;42;21
номад казино вход;nomad;НЧ;258600;49;107;1;5;2;78;28
номад казино зеркало;nomad;НЧ;258600;38;71;1;4;3;60;25
номад казино официальный сайт;nomad;НЧ;258600;42;70;1;4;2;54;25
nomad казино;nomad;НЧ;258600;25;41;2;6;3;30;17
номад казино;nomad;НЧ;258600;28;42;2;4;2;31;18
казино nomad;nomad;НЧ;258600;33;52;3;3;1;43;23
nomad casino;nomad;НЧ;258600;16;21;5;4;0;19;12
parimatch casino;parimatch;НЧ;251400;17;35;5;1;0;33;15
casino parimatch;parimatch;НЧ;251400;22;45;6;1;0;40;18
казино parimatch;parimatch;НЧ;251400;16;31;6;1;0;30;15
казино париматч;parimatch;НЧ;251400;20;45;6;1;0;41;16
parimatch казино;parimatch;НЧ;251400;19;32;13;0;0;30;16
париматч казино;parimatch;НЧ;251400;12;26;51;0;0;26;12
onlybets casino;onlybets;НЧ;249065;24;27;1;11;6;25;19
онлибетс;onlybets;НЧ;249065;63;195;1;31;5;151;38
онлибетс casino;onlybets;НЧ;249065;65;154;1;21;6;104;36
онлибетс казино сайт;onlybets;НЧ;249065;60;136;1;21;7;99;32
casino onlybets;onlybets;НЧ;249065;50;116;2;16;5;82;30
казино onlybets;onlybets;НЧ;249065;50;122;2;12;3;92;32
казино онлибетс;onlybets;НЧ;249065;58;136;2;26;9;107;33
онлибетс казино;onlybets;НЧ;249065;50;111;2;18;6;89;31
onlybets казино;onlybets;НЧ;249065;53;116;3;12;2;89;31
onlybets;onlybets;НЧ;249065;39;79;4;9;0;63;24
макслайн вход;maxline;НЧ;248208;44;88;3;2;1;63;28
макслайн казино;maxline;НЧ;248208;28;50;3;6;2;41;19
casino maxline;maxline;НЧ;248208;18;22;4;7;0;16;12
maxline casino;maxline;НЧ;248208;27;45;4;7;0;38;19
maxline казино;maxline;НЧ;248208;19;31;4;6;0;24;13
казино maxline;maxline;НЧ;248208;26;33;4;14;0;22;14
казино макслайн;maxline;НЧ;248208;29;52;4;7;0;42;21
макслайн;maxline;НЧ;248208;12;15;7;1;0;13;9
maxline;maxline;НЧ;248208;16;23;37;0;0;19;12
макслайн.бай;maxline;НЧ;248208;8;9;75;0;0;8;6
казино слотт;slott;НЧ;238233;16;18;2;1;1;16;14
slott casino зеркало;slott;НЧ;238233;7;9;3;5;1;8;6
slott казино;slott;НЧ;238233;20;23;3;6;1;18;14
казино slott;slott;НЧ;238233;11;11;3;3;1;7;7
slott casino официальный сайт;slott;НЧ;238233;14;19;4;4;0;18;13
казино слотт официальный сайт;slott;НЧ;238233;19;22;4;3;0;21;16
slott casino;slott;НЧ;238233;6;7;6;3;0;7;6
сайт казино слотт;slott;НЧ;238233;17;19;6;5;0;16;13
casino slott;slott;НЧ;238233;10;11;7;3;0;10;9
слотт казино;slott;НЧ;238233;18;20;7;3;0;16;14
betera казино;betera;НЧ;226360;13;15;1;5;2;12;10
betera casino;betera;НЧ;226360;12;12;2;5;2;10;8
казино betera;betera;НЧ;226360;11;11;2;3;1;9;9
casino betera;betera;НЧ;226360;17;27;3;4;1;23;12
бетера вход;betera;НЧ;226360;51;92;4;9;0;62;30
казино бетера;betera;НЧ;226360;11;12;4;4;0;8;7
бетера казино;betera;НЧ;226360;17;19;5;3;0;15;11
бетера;betera;НЧ;226360;9;11;17;0;0;7;5
чемпион слотс бонусы;champion slots;НЧ;223655;41;84;2;3;2;67;28
champion slots приложение;champion slots;НЧ;223655;67;258;3;25;1;167;38
champion slots казино;champion slots;НЧ;223655;34;56;4;6;0;46;22
чемпион слотс;champion slots;НЧ;223655;53;99;4;5;0;71;30
champion slots casino;champion slots;НЧ;223655;29;48;5;5;0;34;18
казино champion slots;champion slots;НЧ;223655;33;50;6;2;0;42;22
champion slots бонусы;champion slots;НЧ;223655;48;81;7;2;0;63;30
казино чемпион слотс;champion slots;НЧ;223655;54;131;7;9;0;99;30
чемпион слотс казино;champion slots;НЧ;223655;49;101;7;8;0;69;28
champion slots;champion slots;НЧ;223655;32;57;9;2;0;39;19
grizzly casino зеркало;grizzly;НЧ;220024;13;17;2;6;4;14;10
гризли казино;grizzly;НЧ;220024;13;14;2;6;4;12;9
casino grizzly;grizzly;НЧ;220024;9;11;3;6;2;10;8
grizzly казино;grizzly;НЧ;220024;13;14;3;7;2;10;8
казино grizzly;grizzly;НЧ;220024;12;16;3;10;3;12;9
казино гризли;grizzly;НЧ;220024;13;16;3;8;1;13;10
grizzly casino;grizzly;НЧ;220024;8;9;4;3;0;8;7
гудвин казино официальный сайт;goodwin;НЧ;206499;32;46;1;8;3;34;18
гудвин казино сайт;goodwin;НЧ;206499;32;52;1;6;4;42;19
гудвин казино;goodwin;НЧ;206499;24;36;2;8;1;25;14
goodwin casino;goodwin;НЧ;206499;15;22;4;4;0;20;11
казино гудвин;goodwin;НЧ;206499;27;33;4;6;0;27;17
скачать казино brillx;brillx;НЧ;195912;55;104;2;28;9;85;34
brillx casino официальный сайт;brillx;НЧ;195912;36;57;4;5;0;39;21
казино brillx;brillx;НЧ;195912;9;10;4;3;0;9;8
brillx;brillx;НЧ;195912;28;35;6;3;0;31;23
brillx регистрация;brillx;НЧ;195912;25;35;6;4;0;28;17
casino brillx;brillx;НЧ;195912;9;10;6;4;0;9;8
brillx casino;brillx;НЧ;195912;11;14;7;6;0;12;8
brillx вывод средств;brillx;НЧ;195912;10;11;44;0;0;10;9
бигсбет казино играть;bigsbet;НЧ;195187;9;10;1;7;4;9;8
bigsbet казино;bigsbet;НЧ;195187;17;21;3;7;2;15;11
casino bigsbet;bigsbet;НЧ;195187;25;34;3;7;2;27;17
бигсбет;bigsbet;НЧ;195187;60;140;3;17;4;107;34
бигсбет казино сайт;bigsbet;НЧ;195187;47;89;3;6;1;67;31
казино bigsbet;bigsbet;НЧ;195187;10;12;3;6;1;11;9
bigsbet;bigsbet;НЧ;195187;31;43;4;10;0;38;23
bigsbet casino;bigsbet;НЧ;195187;21;29;4;9;0;22;14
казино бигсбет;bigsbet;НЧ;195187;38;86;4;7;0;58;21
бигсбет казино;bigsbet;НЧ;195187;45;97;9;3;0;72;27
dbbet casino;dbbet;НЧ;193136;12;13;2;10;1;9;7
casino dbbet;dbbet;НЧ;193136;12;14;3;8;1;11;9
дббет казино;dbbet;НЧ;193136;26;28;3;11;1;20;17
дббет казино вход;dbbet;НЧ;193136;23;28;3;11;3;23;17
дббет казино зеркало;dbbet;НЧ;193136;20;25;3;15;2;16;12
казино дббет зеркало;dbbet;НЧ;193136;19;22;3;16;1;18;15
dbbet казино;dbbet;НЧ;193136;11;11;4;5;0;8;8
казино dbbet;dbbet;НЧ;193136;11;11;4;6;0;7;7
дббет;dbbet;НЧ;193136;51;78;5;13;0;60;32
казино дббет;dbbet;НЧ;193136;20;22;5;10;0;16;13
kilogram casino официальный;kilogram;НЧ;183423;34;41;1;7;2;30;22
kilogram casino официальный сайт;kilogram;НЧ;183423;31;42;1;12;4;33;20
килограм казино официальный сайт зеркало kilogramcasino;kilogram;НЧ;183423;29;40;1;14;2;30;21
kilogram casino зеркало сайта;kilogram;НЧ;183423;22;27;2;4;1;21;16
kilogram casino регистрация;kilogram;НЧ;183423;61;123;2;15;3;84;35
casino kilogram;kilogram;НЧ;183423;22;26;3;13;1;20;14
kilogram casino;kilogram;НЧ;183423;32;40;3;14;2;31;19
kilogram casino зеркало;kilogram;НЧ;183423;26;37;3;6;1;23;17
kilogram казино;kilogram;НЧ;183423;35;51;3;8;1;35;20
казино kilogram;kilogram;НЧ;183423;27;34;4;4;0;25;18
fairspin casino официальный сайт;fairspin;НЧ;169680;38;75;3;9;4;51;23
casino fairspin;fairspin;НЧ;169680;12;12;4;6;0;10;10
fairspin casino;fairspin;НЧ;169680;16;19;4;7;0;15;12
fairspin казино;fairspin;НЧ;169680;25;33;4;4;0;28;17
казино fairspin;fairspin;НЧ;169680;26;34;4;10;0;26;17
fairspin;fairspin;НЧ;169680;21;24;9;1;0;19;15
казино вегаси официальный сайт;vegasy;НЧ;166578;52;88;1;18;11;65;30
casino vegasy;vegasy;НЧ;166578;11;14;2;4;1;12;9
вегаси казино;vegasy;НЧ;166578;28;42;2;7;2;34;21
игровые автоматы vegasy casino;vegasy;НЧ;166578;11;13;2;4;2;11;8
казино вегаси;vegasy;НЧ;166578;44;66;2;15;2;45;29
vegasy casino;vegasy;НЧ;166578;8;10;3;5;1;7;5
vegasy казино;vegasy;НЧ;166578;11;16;3;11;2;11;8
вегаси казино зеркало;vegasy;НЧ;166578;14;14;3;6;2;11;10
казино vegasy;vegasy;НЧ;166578;21;25;3;6;1;18;12
казино вегаси зеркало;vegasy;НЧ;166578;18;18;3;5;1;15;12
вольта казино вход;volta;НЧ;164590;36;65;1;19;7;48;21
казино вольта;volta;НЧ;164590;25;40;1;13;4;27;14
casino volta;volta;НЧ;164590;15;23;2;4;3;22;12
volta casino;volta;НЧ;164590;21;31;2;7;4;26;14
volta casino вход;volta;НЧ;164590;21;27;2;5;2;23;14
volta казино;volta;НЧ;164590;20;29;2;8;3;22;14
вольта казино;volta;НЧ;164590;15;21;2;6;2;18;11
казино volta;volta;НЧ;164590;13;18;2;6;2;16;11
казино вольта зеркало;volta;НЧ;164590;11;12;4;3;0;9;6
казино слотгеймс;slotgames;НЧ;163075;42;90;1;9;4;65;24
слотгеймс зеркало;slotgames;НЧ;163075;47;89;1;16;10;70;30
слотгеймс казино;slotgames;НЧ;163075;45;90;1;12;3;61;26
слотгеймс регистрация;slotgames;НЧ;163075;43;78;1;28;15;70;27
casino slotgames;slotgames;НЧ;163075;5;5;5;1;0;4;4
слотгеймс;slotgames;НЧ;163075;34;58;5;5;0;45;21
slotgames casino;slotgames;НЧ;163075;5;5;10;1;0;5;5
crystalslot;crystalslot;НЧ;157215;37;61;1;9;5;45;24
crystalslot играть онлайн;crystalslot;НЧ;157215;38;71;1;20;10;55;24
казино кристалслот официальный;crystalslot;НЧ;157215;41;74;1;12;7;50;23
кристалслот казино регистрация;crystalslot;НЧ;157215;75;164;1;19;10;113;41
casino crystalslot;crystalslot;НЧ;157215;29;37;2;8;3;31;20
crystalslot casino;crystalslot;НЧ;157215;37;59;2;4;2;50;25
crystalslot казино;crystalslot;НЧ;157215;33;56;2;13;4;44;23
казино crystalslot;crystalslot;НЧ;157215;36;72;2;10;2;56;23
казино кристалслот;crystalslot;НЧ;157215;21;23;2;6;3;20;17
кристалслот казино;crystalslot;НЧ;157215;25;28;2;10;3;23;19
aurora casino;aurora casino;НЧ;150220;25;36;1;13;8;32;18
аврора казино;aurora casino;НЧ;150220;36;56;1;15;6;42;22
аврора казино вход;aurora casino;НЧ;150220;38;59;1;9;6;51;26
аврора казино зеркало;aurora casino;НЧ;150220;38;59;1;22;9;50;23
аврора казино играть;aurora casino;НЧ;150220;48;84;1;18;6;67;28
аврора казино официальный;aurora casino;НЧ;150220;46;74;1;7;5;61;31
аврора казино официальный сайт;aurora casino;НЧ;150220;45;87;1;8;6;66;28
аврора казино регистрация;aurora casino;НЧ;150220;47;74;1;18;9;63;30
казино аврора;aurora casino;НЧ;150220;17;26;1;7;4;24;14
казино аврора зеркало;aurora casino;НЧ;150220;34;49;1;10;4;42;24
enomo casino официальный;enomo;НЧ;144249;30;45;1;11;6;39;21
enomo casino зеркало;enomo;НЧ;144249;35;42;2;11;5;33;22
enomo casino официальный сайт;enomo;НЧ;144249;31;47;2;6;3;42;23
casino enomo;enomo;НЧ;144249;18;18;3;7;1;17;15
enomo casino;enomo;НЧ;144249;23;29;3;8;1;26;16
enomo казино;enomo;НЧ;144249;27;38;3;8;1;34;22
казино enomo;enomo;НЧ;144249;28;35;3;5;1;30;22
enomo;enomo;НЧ;144249;56;112;4;9;0;86;29
tippy casino бонус;tippy;НЧ;142815;66;148;1;8;4;96;36
типпи казино официальный сайт;tippy;НЧ;142815;35;45;1;13;8;34;22
tippy casino;tippy;НЧ;142815;16;18;2;12;5;14;12
tippy casino зеркало;tippy;НЧ;142815;11;12;2;6;4;8;7
tippy казино;tippy;НЧ;142815;16;17;2;10;2;11;9
казино типпи;tippy;НЧ;142815;19;26;2;15;3;19;12
типпи казино;tippy;НЧ;142815;21;27;2;12;2;18;12
casino tippy;tippy;НЧ;142815;12;12;3;10;2;9;8
типпи казино зеркало;tippy;НЧ;142815;14;17;3;6;2;13;11
казино tippy;tippy;НЧ;142815;10;11;5;7;0;8;7
vulkan vegas казино;vulkan vegas;НЧ;140196;46;59;1;12;3;43;30
казино vulkan vegas;vulkan vegas;НЧ;140196;48;74;1;13;1;57;27
вулкан вегас слоты;vulkan vegas;НЧ;140196;49;113;2;14;9;78;28
казино вулкан вегас;vulkan vegas;НЧ;140196;59;120;2;14;2;86;31
casino vulkan vegas;vulkan vegas;НЧ;140196;49;81;3;8;4;59;28
вулкан вегас;vulkan vegas;НЧ;140196;51;107;3;8;1;80;31
вулкан вегас казино;vulkan vegas;НЧ;140196;54;121;3;14;1;89;32
vulkan vegas;vulkan vegas;НЧ;140196;40;63;4;11;0;50;23
vulkan vegas casino;vulkan vegas;НЧ;140196;50;86;4;14;0;68;33
вулкан вегас казино официальный сайт;vulkan vegas;НЧ;140196;50;99;4;6;0;75;29
голдфишка казино регистрация;goldfishka;НЧ;136700;24;36;1;11;6;33;19
голдфишка казино онлайн;goldfishka;НЧ;136700;31;50;2;6;4;47;26
голдфишка официальный сайт;goldfishka;НЧ;136700;44;92;2;4;2;67;27
казино голдфишка;goldfishka;НЧ;136700;13;15;2;2;1;15;12
goldfishka;goldfishka;НЧ;136700;21;28;3;2;1;26;15
голдфишка казино;goldfishka;НЧ;136700;9;10;3;2;1;8;7
casino goldfishka;goldfishka;НЧ;136700;21;34;4;2;0;30;17
голдфишка;goldfishka;НЧ;136700;21;24;4;3;0;21;16
goldfishka casino;goldfishka;НЧ;136700;18;22;7;3;0;17;12
казино goldfishka;goldfishka;НЧ;136700;16;23;8;2;0;23;14
битстарз казино зеркало;bitstarz;НЧ;133117;27;36;2;6;1;29;19
битстарз казино регистрация;bitstarz;НЧ;133117;59;115;2;26;5;81;32
казино битстарз зеркало;bitstarz;НЧ;133117;27;45;2;13;8;38;22
bitstarz;bitstarz;НЧ;133117;44;102;6;1;0;69;25
казино битстарз;bitstarz;НЧ;133117;44;89;6;2;0;61;27
bitstarz casino;bitstarz;НЧ;133117;41;64;10;1;0;49;25
битстарз казино;bitstarz;НЧ;133117;41;73;10;1;0;55;24
казино bitstarz;bitstarz;НЧ;133117;37;76;10;1;0;60;22
bitstarz казино;bitstarz;НЧ;133117;37;56;11;0;0;46;26
casino bitstarz;bitstarz;НЧ;133117;38;71;18;0;0;58;27
fraga casino зеркало;fraga;НЧ;130194;7;7;1;4;2;5;5
fraga casino официальный сайт;fraga;НЧ;130194;15;16;1;6;5;13;11
fraga казино;fraga;НЧ;130194;9;10;1;6;1;8;7
фрага казино официальный сайт;fraga;НЧ;130194;19;26;1;6;2;22;13
fraga casino;fraga;НЧ;130194;10;12;2;8;1;10;8
casino fraga;fraga;НЧ;130194;15;19;3;8;1;15;11
казино фрага;fraga;НЧ;130194;17;19;3;4;1;15;12
фрага казино;fraga;НЧ;130194;22;32;3;8;1;25;16
казино fraga;fraga;НЧ;130194;14;16;4;3;0;13;10
фрага казино зеркало;fraga;НЧ;130194;9;9;9;2;0;8;8
лилбет казино зеркало;lilbet;НЧ;129347;12;14;1;2;1;12;9
лилбет казино регистрация;lilbet;НЧ;129347;49;79;2;3;1;54;31
лилбет казино вход;lilbet;НЧ;129347;33;41;4;2;0;32;22
casino lilbet;lilbet;НЧ;129347;6;7;5;2;0;7;6
lilbet casino;lilbet;НЧ;129347;22;26;5;3;0;21;17
лилбет;lilbet;НЧ;129347;43;70;5;6;0;58;28
лилбет казино;lilbet;НЧ;129347;32;41;5;1;0;31;22
lilbet казино;lilbet;НЧ;129347;6;6;7;1;0;6;6
казино лилбет;lilbet;НЧ;129347;25;32;8;2;0;24;16
казино вайб;vibe;НЧ;114695;28;46;1;14;7;39;20
vibe casino;vibe;НЧ;114695;13;20;11;0;0;16;9
luckyduck casino официальный сайт;luckyduck;НЧ;113170;39;88;1;17;9;59;23
casino luckyduck;luckyduck;НЧ;113170;37;68;2;12;4;46;20
luckyduck casino;luckyduck;НЧ;113170;35;63;2;14;3;45;20
лакидак казино вход;luckyduck;НЧ;113170;49;89;2;18;7;63;32
казино luckyduck;luckyduck;НЧ;113170;40;68;3;13;1;53;25
казино лакидак;luckyduck;НЧ;113170;32;42;3;14;2;30;20
лакидак казино;luckyduck;НЧ;113170;24;36;3;15;1;26;15
luckyduck казино;luckyduck;НЧ;113170;35;57;4;18;0;41;21
luckyduck;luckyduck;НЧ;113170;28;45;15;0;0;31;18
лакидак;luckyduck;НЧ;113170;26;45;37;0;0;31;15
вулкан россия казино;vulkan russia;НЧ;99960;9;14;44;0;0;12;7
казино вулкан россия;vulkan russia;НЧ;99960;8;9;55;0;0;8;7
вулкан россия;vulkan russia;НЧ;99960;10;13;68;0;0;12;9
казино вулкан россия официальный сайт;vulkan russia;НЧ;99960;7;8;81;0;0;8;7
вулкан россия казино официальный сайт;vulkan russia;НЧ;99960;9;11;84;0;0;10;8
казино лаккли официальный сайт скачать;lukkly;НЧ;99267;69;143;1;62;34;108;37
лаккли бк зеркало сайта работающее на сегодня;lukkly;НЧ;99267;67;138;1;48;18;105;38
лаккли игровые автоматы официальный сайт вход на сайт;lukkly;НЧ;99267;39;60;1;26;17;51;26
лаккли казино официальный сайт скачать бесплатно;lukkly;НЧ;99267;82;189;1;61;34;135;41
скачать казино лаккли официальный сайт;lukkly;НЧ;99267;78;163;1;65;31;121;40
lukkly;lukkly;НЧ;99267;21;27;2;6;3;24;15
lukkly казино онлайн;lukkly;НЧ;99267;20;24;2;8;4;20;16
казино лаккли;lukkly;НЧ;99267;33;66;2;19;6;54;23
лаккли казино;lukkly;НЧ;99267;31;51;2;15;5;48;24
lukkly казино сайт;lukkly;НЧ;99267;13;18;3;6;2;17;12
shuffle casino официальный сайт;shuffle;НЧ;93024;10;11;2;2;1;10;9
shuffle casino бонус;shuffle;НЧ;93024;30;43;9;1;0;35;22
shuffle casino регистрация;shuffle;НЧ;93024;29;45;9;1;0;37;21
шаффл казино;shuffle;НЧ;93024;9;10;13;0;0;9;8
бонсай казино;bonsai;НЧ;90704;39;52;1;17;6;39;24
бонсай казино зеркало;bonsai;НЧ;90704;27;40;1;13;8;34;20
бонсай казино онлайн;bonsai;НЧ;90704;49;81;1;28;13;65;26
бонсай казино сайт;bonsai;НЧ;90704;28;37;1;17;15;32;19
казино бонсай;bonsai;НЧ;90704;42;54;1;17;10;44;26
bonsai casino зеркало;bonsai;НЧ;90704;13;15;2;1;1;12;10
bonsai казино зеркало;bonsai;НЧ;90704;15;19;2;4;2;18;13
бонсай казино официальный сайт;bonsai;НЧ;90704;30;43;2;8;4;40;22
виваро казино;vivaro;НЧ;85027;19;26;1;9;3;23;15
казино vivaro;vivaro;НЧ;85027;31;42;2;20;5;27;16
casino vivaro;vivaro;НЧ;85027;24;29;3;8;1;26;19
vivaro casino;vivaro;НЧ;85027;16;21;3;5;1;16;12
vivaro казино;vivaro;НЧ;85027;24;32;3;11;2;26;17
vivaro.am casino;vivaro;НЧ;85027;19;25;4;7;0;22;16
казино виваро;vivaro;НЧ;85027;18;22;4;9;0;20;15
виваро;vivaro;НЧ;85027;10;14;16;0;0;12;8
vivaro;vivaro;НЧ;85027;8;13;20;0;0;12;7
vivaro.am;vivaro;НЧ;85027;11;16;58;0;0;12;8
weiss casino скачать;weiss;НЧ;84120;62;150;1;3;1;109;35
weiss casino вход;weiss;НЧ;84120;6;6;2;1;1;6;6
казино weiss регистрация;weiss;НЧ;84120;45;62;2;1;1;45;29
weiss casino регистрация;weiss;НЧ;84120;32;44;3;2;1;34;22
everum;everum;НЧ;76024;69;151;1;26;11;109;39
everum casino вход;everum;НЧ;76024;34;45;1;14;8;36;23
everum казино регистрация;everum;НЧ;76024;47;76;1;18;10;61;29
казино эверум;everum;НЧ;76024;38;57;1;19;4;46;24
эверум казино зеркало;everum;НЧ;76024;34;57;1;19;8;46;23
casino everum;everum;НЧ;76024;22;33;2;10;3;30;14
everum casino;everum;НЧ;76024;29;51;2;16;2;42;22
everum казино;everum;НЧ;76024;30;50;2;16;4;40;18
everum казино зеркало;everum;НЧ;76024;25;40;2;16;8;31;18
эверум казино;everum;НЧ;76024;26;42;2;11;4;36;17
официальный джекпокер;jackpoker;НЧ;66822;47;85;3;18;2;74;26
джекпокер официальный сайт на русском;jackpoker;НЧ;66822;46;76;4;13;0;65;30
jackpoker играть;jackpoker;НЧ;66822;42;91;5;3;0;69;27
джекпокер зеркало;jackpoker;НЧ;66822;43;67;5;13;0;51;25
джекпокер официальный сайт;jackpoker;НЧ;66822;40;65;5;12;0;57;27
jackpoker вход зеркало;jackpoker;НЧ;66822;36;52;7;8;0;45;25
jackpoker зеркало работающее;jackpoker;НЧ;66822;18;22;7;3;0;19;15
jackpoker;jackpoker;НЧ;66822;27;50;9;1;0;45;21
jackpoker официальный сайт зеркало;jackpoker;НЧ;66822;17;20;13;0;0;19;14
jackpoker зеркало;jackpoker;НЧ;66822;10;11;18;0;0;10;7
vulkan stars регистрация;vulkan stars;НЧ;64010;36;68;2;25;4;54;25
вулкан старс регистрация;vulkan stars;НЧ;64010;62;136;2;38;8;100;32
вулкан старс казино;vulkan stars;НЧ;64010;59;119;3;17;1;91;34
вулкан старс казино зеркало;vulkan stars;НЧ;64010;50;104;3;17;1;74;29
vulkan stars casino;vulkan stars;НЧ;64010;40;74;4;3;0;56;24
вулкан старс казино официальный сайт;vulkan stars;НЧ;64010;55;113;4;17;0;84;30
вулкан старс официальный сайт казино;vulkan stars;НЧ;64010;62;143;4;16;0;98;32
вулкан старс;vulkan stars;НЧ;64010;55;126;5;11;0;91;33
вулкан старс зеркало;vulkan stars;НЧ;64010;46;89;5;13;0;66;26
казино вулкан старс;vulkan stars;НЧ;64010;46;91;6;7;0;75;31
spin city casino зеркало;spin city;НЧ;58181;30;41;1;13;4;29;19
spin city казино регистрация;spin city;НЧ;58181;55;112;1;30;12;78;32
спин сити казино официальный сайт вход;spin city;НЧ;58181;44;82;1;12;3;65;27
spin city промокод;spin city;НЧ;58181;48;109;2;28;11;89;30
спин сити casino бонус коды;spin city;НЧ;58181;53;129;2;23;8;97;33
спин сити казино;spin city;НЧ;58181;37;56;2;13;2;41;24
спин сити казино зеркало;spin city;НЧ;58181;31;40;2;12;2;32;20
спин сити казино официальный;spin city;НЧ;58181;37;60;2;9;1;46;24
spin city casino;spin city;НЧ;58181;42;63;4;12;0;49;26
спин сити;spin city;НЧ;58181;36;49;6;6;0;41;26
blitzred казино официальный;blitzred;НЧ;56669;69;203;1;30;13;134;34
blitzred;blitzred;НЧ;56669;59;130;2;19;1;95;31
blitzred casino зеркало;blitzred;НЧ;56669;71;188;2;18;7;122;37
blitz red casino blitzred 189w casino;blitzred;НЧ;56669;62;192;3;8;2;134;34
blitzred casino;blitzred;НЧ;56669;74;263;3;15;2;158;37
blitzred казино;blitzred;НЧ;56669;67;182;3;16;2;122;35
casino blitzred;blitzred;НЧ;56669;77;281;3;14;2;174;38
казино blitzred;blitzred;НЧ;56669;65;170;3;15;3;111;33
максбетслотс казино бонусы;maxbetslots;НЧ;44611;47;100;1;15;2;76;28
максбетслотс казино регистрация;maxbetslots;НЧ;44611;70;142;1;42;4;103;39
максбетслотс;maxbetslots;НЧ;44611;32;49;2;8;1;39;21
максбетслотс казино зеркало;maxbetslots;НЧ;44611;43;72;2;22;3;52;27
казино максбетслотс;maxbetslots;НЧ;44611;44;107;3;26;3;85;25
максбетслотс казино;maxbetslots;НЧ;44611;40;67;3;19;3;52;24
максбетслотс казино официальный сайт;maxbetslots;НЧ;44611;42;83;3;11;1;68;26
maxbetslots casino;maxbetslots;НЧ;44611;35;78;4;9;0;57;23
casino maxbetslots;maxbetslots;НЧ;44611;38;70;5;8;0;51;24
maxbetslots;maxbetslots;НЧ;44611;29;38;5;7;0;29;18
казино казинора;casinora;НЧ;40274;38;71;1;14;11;61;28
казинора казино;casinora;НЧ;40274;33;48;1;7;7;43;23
casino casinora;casinora;НЧ;40274;54;145;2;6;2;103;27
casinora casino;casinora;НЧ;40274;63;160;2;8;5;112;34
casinora casino-ra.24xx;casinora;НЧ;40274;62;162;2;11;5;119;35
casinora казино;casinora;НЧ;40274;63;145;2;14;4;105;33
казинора;casinora;НЧ;40274;20;26;2;3;1;18;13
казино casinora;casinora;НЧ;40274;57;148;3;14;7;104;32
casinora;casinora;НЧ;40274;23;38;5;3;0;33;17
spacewin зеркало;spacewin;НЧ;36574;44;111;1;11;3;90;31
спейсвин;spacewin;НЧ;36574;64;125;1;12;6;97;38
casino spacewin;spacewin;НЧ;36574;52;104;2;4;1;74;30
spacewin casino;spacewin;НЧ;36574;39;68;2;6;2;56;24
spacewin вход;spacewin;НЧ;36574;71;199;2;13;3;138;39
казино spacewin;spacewin;НЧ;36574;46;97;2;3;2;73;30
казино спейсвин;spacewin;НЧ;36574;67;174;2;13;3;118;37
спейсвин казино;spacewin;НЧ;36574;58;155;2;6;2;111;35
spacewin казино;spacewin;НЧ;36574;44;96;4;1;0;76;29
spacewin;spacewin;НЧ;36574;24;29;8;1;0;25;17
casino lucky bird luckybird.club24.top;lucky bird;НЧ;4135;58;141;1;14;8;116;33
lucky bird casino luckybird.club24.top;lucky bird;НЧ;4135;56;146;1;9;4;120;34
lucky bird casino зеркало;lucky bird;НЧ;4135;23;30;1;6;1;27;17
casino lucky bird;lucky bird;НЧ;4135;21;30;4;7;0;27;16
casino lucky bird luckybird.game13.fun;lucky bird;НЧ;4135;45;92;4;6;0;83;29
lucky bird casino luckybird.game13.fun;lucky bird;НЧ;4135;44;89;4;9;0;74;30
lucky bird casino;lucky bird;НЧ;4135;20;28;5;4;0;25;16
lucky bird casino - бездепозитный бонус;lucky bird;НЧ;4135;31;56;10;2;0;50;24
скачать мостбет официальный букмекер мостбет;mostbet bookmaker;НЧ;2624;17;18;2;9;2;14;13
скачать мостбет андроид сайта букмекера зайти на;mostbet bookmaker;НЧ;2624;14;15;7;1;0;11;10
скачать мостбет официальный букмекер мостбет androidbaza;mostbet bookmaker;НЧ;2624;15;17;10;1;0;12;10
мостбет apk со стороны букмекера для;mostbet bookmaker;НЧ;2624;5;5;18;0;0;4;4
скачать мостбет апк сайта букмекера зайти на;mostbet bookmaker;НЧ;2624;6;6;69;0;0;5;5
onetap;onetap;НЧ;1188;6;6;71;0;0;3;3
casino vulkan prestige;vulkan prestige;НЧ;622;34;54;1;18;5;41;26
vulkan prestige casino;vulkan prestige;НЧ;622;38;62;1;23;6;52;24
vulkan prestige казино;vulkan prestige;НЧ;622;44;74;1;37;11;59;29
вулкан казино престиж;vulkan prestige;НЧ;622;36;56;1;34;16;47;24
вулкан престиж казино;vulkan prestige;НЧ;622;29;45;1;23;6;38;21
казино vulkan prestige;vulkan prestige;НЧ;622;43;70;1;28;6;61;29
казино вулкан престиж;vulkan prestige;НЧ;622;46;91;1;41;6;77;29
казино вулкан престиж на андроид mobilnye-casino.com;vulkan prestige;НЧ;622;58;124;1;14;3;103;35
вулкан престиж;vulkan prestige;НЧ;622;35;58;3;13;2;49;25
вулкан престиж спин;vulkan prestige;НЧ;622;38;71;3;20;1;58;23
casino vulkan mega;vulkan mega;НЧ;397;40;71;1;10;2;56;25
vulkan mega casino;vulkan mega;НЧ;397;37;54;1;18;3;45;26
вулкан мега вход;vulkan mega;НЧ;397;36;56;1;34;15;43;23
вулкан мега казино;vulkan mega;НЧ;397;39;69;1;17;4;55;26
вулкан мега казино официальный сайт;vulkan mega;НЧ;397;32;53;1;9;3;46;22
вулкан мега официальный сайт;vulkan mega;НЧ;397;33;55;1;16;9;46;21
казино vulkan mega;vulkan mega;НЧ;397;22;30;1;8;2;25;15
мега вулкан;vulkan mega;НЧ;397;42;70;2;4;1;53;25
вулкан мега;vulkan mega;НЧ;397;49;90;5;12;0;72;30
вулкан мега казино vulkan-mega.453138 casino;vulkan mega;НЧ;397;11;12;63;0;0;12;11
