бренд,сайтов,вышли в поиск,выход %,поисковых кликов,кликов на вышедший сайт,регистраций,ФД,рег на 100 сайтов,рег на 10 тыс. кликов,E,oe,oe_lo,oe_hi,ФД на регистрацию,рег авг,рег сен,кликов авг,кликов сен,сайтов авг,сайтов сен,зоны,класс
Lucky Bird,2076,209,10.1,786,3.8,27,2,1.301,343.5,0.15,179.73,118.45,261.5,0.07,9,18,250,536,373,1703,team 1119 lol 762 casino 109 buzz 66,снайпер
Leon,2077,416,20.0,18561,44.6,20,7,0.963,10.8,3.55,5.64,3.44,8.71,0.35,7,13,5321,13240,373,1704,team 1119 lol 762 casino 110 buzz 66,объёмный
Martin,2076,390,18.8,31571,81.0,18,6,0.867,5.7,6.03,2.98,1.77,4.71,0.33,7,11,20998,10573,373,1703,team 1119 lol 761 casino 110 buzz 66,объёмный
Mellstroy,2076,537,25.9,34629,64.5,16,1,0.771,4.6,6.62,2.42,1.38,3.93,0.06,4,12,10088,24541,373,1703,team 1119 lol 762 casino 109 buzz 66,объёмный
Pinco,2076,832,40.1,72511,87.2,15,1,0.723,2.1,13.86,1.08,0.61,1.79,0.07,6,9,22054,50457,373,1703,team 1119 lol 761 casino 110 buzz 66,объёмный
Олимп,2076,359,17.3,2289,6.4,13,1,0.626,56.8,0.44,29.72,15.82,50.81,0.08,10,3,943,1346,373,1703,team 1119 lol 761 casino 110 buzz 66,снайпер
Cactus,2077,613,29.5,75845,123.7,11,1,0.53,1.5,14.5,0.76,0.38,1.36,0.09,4,7,34814,41031,373,1704,team 1119 lol 762 casino 110 buzz 66,объёмный
Luckybear,2076,154,7.4,492,3.2,11,0,0.53,223.6,0.09,116.98,58.4,209.31,0.0,5,6,297,195,373,1703,team 1119 lol 761 casino 110 buzz 66,снайпер
Shuffle,2076,298,14.4,2890,9.7,11,1,0.53,38.1,0.55,19.92,9.94,35.63,0.09,3,8,884,2006,373,1703,team 1119 lol 761 casino 110 buzz 66,снайпер
Eva,1955,476,24.3,44262,93.0,11,3,0.563,2.5,8.46,1.3,0.65,2.33,0.27,3,8,9805,34457,361,1594,team 1083 lol 676 casino 110 buzz 66,объёмный
Dragon Money,2077,380,18.3,3522,9.3,9,1,0.433,25.6,0.67,13.37,6.11,25.38,0.11,3,6,1212,2310,373,1704,team 1119 lol 762 casino 110 buzz 66,снайпер
Money X,2077,152,7.3,820,5.4,8,1,0.385,97.6,0.16,51.05,22.04,100.58,0.12,2,6,462,358,373,1704,team 1119 lol 762 casino 110 buzz 66,снайпер
Селектор,2076,437,21.1,24214,55.4,8,1,0.385,3.3,4.63,1.73,0.75,3.41,0.12,0,8,8969,15245,373,1703,team 1119 lol 761 casino 110 buzz 66,объёмный
Vodka,2075,795,38.3,15009,18.9,7,1,0.337,4.7,2.87,2.44,0.98,5.03,0.14,3,4,5631,9378,373,1702,team 1118 lol 761 casino 110 buzz 66,снайпер
Goodwin,2077,295,14.2,8436,28.6,7,1,0.337,8.3,1.61,4.34,1.75,8.95,0.14,1,6,3775,4661,373,1704,team 1119 lol 762 casino 110 buzz 66,снайпер
R7,2076,391,18.8,15924,40.7,6,5,0.289,3.8,3.04,1.97,0.72,4.29,0.83,2,4,3306,12618,373,1703,team 1118 lol 762 casino 110 buzz 66,объёмный
GetX,2077,411,19.8,14092,34.3,6,1,0.289,4.3,2.69,2.23,0.82,4.85,0.17,0,6,7173,6919,373,1704,team 1119 lol 762 casino 110 buzz 66,снайпер
1xbet,2075,566,27.3,2755,4.9,6,0,0.289,21.8,0.53,11.4,4.18,24.8,0.0,3,3,427,2328,373,1702,team 1119 lol 760 casino 110 buzz 66,снайпер
Fenix,1954,265,13.6,41461,156.5,6,2,0.307,1.4,7.92,0.76,0.28,1.65,0.33,2,4,7542,33919,361,1593,team 1083 lol 676 casino 109 buzz 66,объёмный
Iris,1953,113,5.8,7368,65.2,6,3,0.307,8.1,1.41,4.26,1.56,9.27,0.5,2,4,6897,471,359,1594,team 1081 lol 676 casino 110 buzz 66,снайпер
Like,1951,549,28.1,16113,29.3,6,0,0.308,3.7,3.08,1.95,0.72,4.24,0.0,2,4,4398,11715,357,1594,team 1080 lol 676 casino 110 buzz 65,объёмный
Kush,2077,697,33.6,94816,136.0,5,1,0.241,0.5,18.12,0.28,0.09,0.64,0.2,1,4,32914,61902,373,1704,team 1119 lol 762 casino 110 buzz 66,объёмный
Bounty,2077,709,34.1,8442,11.9,5,2,0.241,5.9,1.61,3.1,1.01,7.23,0.4,0,5,5227,3215,373,1704,team 1119 lol 762 casino 110 buzz 66,снайпер
Twin,2076,119,5.7,3156,26.5,5,2,0.241,15.8,0.6,8.29,2.69,19.34,0.4,3,2,2290,866,373,1703,team 1119 lol 762 casino 109 buzz 66,снайпер
Trix,2077,382,18.4,8696,22.8,5,3,0.241,5.7,1.66,3.01,0.98,7.02,0.6,3,2,3578,5118,373,1704,team 1119 lol 762 casino 110 buzz 66,снайпер
Spin City,2077,324,15.6,11362,35.1,5,0,0.241,4.4,2.17,2.3,0.75,5.37,0.0,4,1,7277,4085,373,1704,team 1119 lol 762 casino 110 buzz 66,снайпер
Покердом,2076,1530,73.7,20200,13.2,5,0,0.241,2.5,3.86,1.3,0.42,3.02,0.0,3,2,10390,9810,373,1703,team 1119 lol 761 casino 110 buzz 66,объёмный
Frank,2076,236,11.4,1752,7.4,5,2,0.241,28.5,0.33,14.93,4.85,34.85,0.4,1,4,887,865,373,1703,team 1119 lol 761 casino 110 buzz 66,снайпер
Winline,1956,108,5.5,641,5.9,5,1,0.256,78.0,0.12,40.81,13.25,95.24,0.2,1,4,446,195,361,1595,team 1084 lol 676 casino 110 buzz 66,снайпер
Brillx,2077,170,8.2,978,5.8,4,0,0.193,40.9,0.19,21.4,5.83,54.79,0.0,0,4,235,743,373,1704,team 1119 lol 762 casino 110 buzz 66,слабый
Вулкан Вегас,2077,1106,53.2,43906,39.7,4,0,0.193,0.9,8.39,0.48,0.13,1.22,0.0,3,1,39170,4736,373,1704,team 1119 lol 762 casino 110 buzz 66,слабый
Вулкан 24,2076,201,9.7,2516,12.5,4,0,0.193,15.9,0.48,8.32,2.27,21.3,0.0,0,4,1408,1108,372,1704,team 1118 lol 762 casino 110 buzz 66,слабый
Why,2077,233,11.2,522,2.2,4,1,0.193,76.6,0.1,40.09,10.92,102.66,0.25,0,4,26,496,373,1704,team 1119 lol 762 casino 110 buzz 66,слабый
Pin Up,2076,593,28.6,47973,80.9,4,0,0.193,0.8,9.17,0.44,0.12,1.12,0.0,4,0,15503,32470,373,1703,team 1119 lol 761 casino 110 buzz 66,слабый
Мелбет,2076,650,31.3,2284,3.5,4,0,0.193,17.5,0.44,9.16,2.5,23.46,0.0,0,4,330,1954,373,1703,team 1119 lol 761 casino 110 buzz 66,слабый
Maxline,2075,133,6.4,894,6.7,4,0,0.193,44.7,0.17,23.41,6.38,59.94,0.0,1,3,713,181,373,1702,team 1119 lol 761 casino 110 buzz 65,слабый
Spinto,1955,876,44.8,14238,16.3,4,2,0.205,2.8,2.72,1.47,0.4,3.76,0.5,0,4,8685,5553,362,1593,team 1084 lol 676 casino 109 buzz 66,слабый
Olympus-play,1951,49,2.5,103,2.1,4,0,0.205,388.3,0.02,203.19,55.36,520.26,0.0,2,2,22,81,358,1593,team 1081 lol 676 casino 109 buzz 65,слабый
Jetton,2077,882,42.5,18521,21.0,3,0,0.144,1.6,3.54,0.85,0.17,2.48,0.0,2,1,9098,9423,373,1704,team 1119 lol 762 casino 110 buzz 66,слабый
Stake,2077,520,25.0,7302,14.0,3,1,0.144,4.1,1.4,2.15,0.44,6.28,0.33,1,2,445,6857,373,1704,team 1119 lol 762 casino 110 buzz 66,слабый
UP-X,2077,342,16.5,12187,35.6,3,2,0.144,2.5,2.33,1.29,0.27,3.76,0.67,0,3,3029,9158,373,1704,team 1119 lol 762 casino 110 buzz 66,слабый
1Go,2076,330,15.9,44437,134.7,3,1,0.145,0.7,8.49,0.35,0.07,1.03,0.33,1,2,41894,2543,373,1703,team 1119 lol 762 casino 109 buzz 66,слабый
1win,2077,484,23.3,254460,525.7,3,0,0.144,0.1,48.63,0.06,0.01,0.18,0.0,0,3,128426,126034,373,1704,team 1119 lol 762 casino 110 buzz 66,слабый
Casino X,2076,484,23.3,3958,8.2,3,0,0.145,7.6,0.76,3.97,0.82,11.59,0.0,1,2,1111,2847,373,1703,team 1119 lol 761 casino 110 buzz 66,слабый
Leebet,2076,639,30.8,79426,124.3,3,1,0.145,0.4,15.18,0.2,0.04,0.58,0.33,0,3,40811,38615,373,1703,team 1119 lol 762 casino 109 buzz 66,слабый
Kraken,2077,109,5.2,6032,55.3,3,1,0.144,5.0,1.15,2.6,0.54,7.6,0.33,1,2,3335,2697,373,1704,team 1119 lol 762 casino 110 buzz 66,слабый
Kent,2077,644,31.0,60049,93.2,3,1,0.144,0.5,11.48,0.26,0.05,0.76,0.33,0,3,27790,32259,373,1704,team 1119 lol 762 casino 110 buzz 66,слабый
Nomad,2076,127,6.1,249,2.0,3,0,0.145,120.5,0.05,63.04,13.0,184.23,0.0,3,0,128,121,373,1703,team 1119 lol 761 casino 110 buzz 66,слабый
Эверум,2076,31,1.5,52,1.7,3,0,0.145,576.9,0.01,301.86,62.25,882.16,0.0,1,2,11,41,373,1703,team 1119 lol 761 casino 110 buzz 66,слабый
Ezcash,2076,47,2.3,3013,64.1,3,0,0.145,10.0,0.58,5.21,1.07,15.22,0.0,2,1,58,2955,373,1703,team 1119 lol 761 casino 110 buzz 66,слабый
Marathon,2075,175,8.4,2910,16.6,3,1,0.145,10.3,0.56,5.39,1.11,15.76,0.33,1,2,2352,558,372,1703,team 1118 lol 761 casino 110 buzz 66,слабый
Slotgames,1959,338,17.3,4934,14.6,3,1,0.153,6.1,0.94,3.18,0.66,9.3,0.33,0,3,2150,2784,362,1597,team 1085 lol 679 casino 109 buzz 66,слабый
Slott,1954,195,10.0,4468,22.9,3,0,0.154,6.7,0.85,3.51,0.72,10.27,0.0,0,3,2100,2368,361,1593,team 1083 lol 675 casino 110 buzz 66,слабый
Apex,1887,586,31.1,90977,155.3,3,0,0.159,0.3,17.39,0.17,0.04,0.5,0.0,3,0,30313,60664,292,1595,team 1024 lol 677 casino 110 buzz 61,слабый
Aurora Casino,2077,566,27.3,6523,11.5,2,0,0.096,3.1,1.25,1.6,0.19,5.8,0.0,0,2,5054,1469,373,1704,team 1119 lol 762 casino 110 buzz 66,слабый
Unlim Casino,2077,312,15.0,3412,10.9,2,2,0.096,5.9,0.65,3.07,0.37,11.08,1.0,0,2,0,3412,373,1704,team 1119 lol 762 casino 110 buzz 66,слабый
Vulkan Platinum,2076,277,13.3,2187,7.9,2,1,0.096,9.1,0.42,4.78,0.58,17.28,0.5,0,2,1064,1123,373,1703,team 1119 lol 761 casino 110 buzz 66,слабый
Onion,2077,167,8.0,961,5.8,2,1,0.096,20.8,0.18,10.89,1.32,39.34,0.5,0,2,288,673,373,1704,team 1119 lol 762 casino 110 buzz 66,слабый
Zooma,2076,376,18.1,20003,53.2,2,0,0.096,1.0,3.82,0.52,0.06,1.89,0.0,1,1,13676,6327,373,1703,team 1118 lol 762 casino 110 buzz 66,слабый
Slotozal,2077,475,22.9,2260,4.8,2,1,0.096,8.8,0.43,4.63,0.56,16.73,0.5,1,1,391,1869,373,1704,team 1119 lol 762 casino 110 buzz 66,слабый
Riobet,2077,885,42.6,38960,44.0,2,0,0.096,0.5,7.45,0.27,0.03,0.97,0.0,0,2,22327,16633,373,1704,team 1119 lol 762 casino 110 buzz 66,слабый
Arkada,2077,780,37.6,68989,88.4,2,0,0.096,0.3,13.19,0.15,0.02,0.55,0.0,2,0,36757,32232,373,1704,team 1119 lol 762 casino 110 buzz 66,слабый
888starz,2077,238,11.5,3703,15.6,2,0,0.096,5.4,0.71,2.83,0.34,10.21,0.0,1,1,1484,2219,373,1704,team 1119 lol 762 casino 110 buzz 66,слабый
Enomo,2077,885,42.6,61348,69.3,2,0,0.096,0.3,11.73,0.17,0.02,0.62,0.0,1,1,38031,23317,373,1704,team 1119 lol 762 casino 110 buzz 66,слабый
Gama,2077,247,11.9,11367,46.0,2,0,0.096,1.8,2.17,0.92,0.11,3.33,0.0,2,0,6258,5109,373,1704,team 1119 lol 762 casino 110 buzz 66,слабый
Friends,2077,389,18.7,1652,4.2,2,0,0.096,12.1,0.32,6.33,0.77,22.88,0.0,0,2,187,1465,373,1704,team 1119 lol 762 casino 110 buzz 66,слабый
Turbo,2077,459,22.1,4825,10.5,2,0,0.096,4.1,0.92,2.17,0.26,7.83,0.0,0,2,1317,3508,373,1704,team 1119 lol 762 casino 110 buzz 66,слабый
Sol,2076,59,2.8,304,5.2,2,1,0.096,65.8,0.06,34.42,4.17,124.35,0.5,1,1,169,135,373,1703,team 1119 lol 761 casino 110 buzz 66,слабый
Лутран,2076,163,7.9,486,3.0,2,1,0.096,41.2,0.09,21.53,2.61,77.78,0.5,1,1,182,304,373,1703,team 1119 lol 761 casino 110 buzz 66,слабый
Клуб Вулкан,2076,176,8.5,761,4.3,2,0,0.096,26.3,0.15,13.75,1.67,49.67,0.0,0,2,29,732,373,1703,team 1119 lol 761 casino 110 buzz 66,слабый
Beef,2076,501,24.1,16996,33.9,2,1,0.096,1.2,3.25,0.62,0.07,2.22,0.5,0,2,8099,8897,373,1703,team 1119 lol 761 casino 110 buzz 66,слабый
Betera,2076,272,13.1,4132,15.2,2,0,0.096,4.8,0.79,2.53,0.31,9.15,0.0,0,2,1816,2316,373,1703,team 1119 lol 761 casino 110 buzz 66,слабый
Bigsbet,2076,429,20.7,5803,13.5,2,1,0.096,3.4,1.11,1.8,0.22,6.51,0.5,0,2,2316,3487,373,1703,team 1119 lol 761 casino 110 buzz 66,слабый
Casino7,2076,371,17.9,784,2.1,2,0,0.096,25.5,0.15,13.35,1.62,48.22,0.0,0,2,26,758,373,1703,team 1119 lol 761 casino 110 buzz 66,слабый
Fonbet,2076,29,1.4,81,2.8,2,0,0.096,246.9,0.02,129.19,15.65,466.68,0.0,2,0,48,33,373,1703,team 1119 lol 761 casino 110 buzz 66,слабый
Fraga,2076,243,11.7,1056,4.3,2,0,0.096,18.9,0.2,9.91,1.2,35.8,0.0,1,1,328,728,373,1703,team 1119 lol 761 casino 110 buzz 66,слабый
Mad,2076,342,16.5,6146,18.0,2,0,0.096,3.3,1.17,1.7,0.21,6.15,0.0,1,1,1879,4267,373,1703,team 1119 lol 761 casino 110 buzz 66,слабый
Million,2075,150,7.2,1425,9.5,2,0,0.096,14.0,0.27,7.34,0.89,26.53,0.0,0,2,388,1037,373,1702,team 1118 lol 761 casino 110 buzz 66,слабый
Pokerok,2076,306,14.7,15606,51.0,2,0,0.096,1.3,2.98,0.67,0.08,2.42,0.0,1,1,4346,11260,373,1703,team 1119 lol 761 casino 110 buzz 66,слабый
Volta,1956,82,4.2,1075,13.1,2,0,0.102,18.6,0.21,9.73,1.18,35.16,0.0,0,2,1000,75,362,1594,team 1084 lol 676 casino 110 buzz 66,слабый
Jvspin,1955,509,26.0,13086,25.7,2,0,0.102,1.5,2.5,0.8,0.1,2.89,0.0,1,1,6665,6421,361,1594,team 1083 lol 676 casino 110 buzz 66,слабый
Epicstar,1885,690,36.6,17400,25.2,2,0,0.106,1.1,3.33,0.6,0.07,2.17,0.0,0,2,8540,8860,291,1594,team 1023 lol 676 casino 110 buzz 61,слабый
Fugu,1883,189,10.0,12037,63.7,2,1,0.106,1.7,2.3,0.87,0.11,3.14,0.5,1,1,1367,10670,289,1594,team 1021 lol 676 casino 110 buzz 61,слабый
Metelitsa,1841,205,11.1,2715,13.2,2,0,0.109,7.4,0.52,3.85,0.47,13.92,0.0,2,0,843,1872,248,1593,team 989 lol 675 casino 109 buzz 58,слабый
Gizbo,2077,513,24.7,33897,66.1,1,0,0.048,0.3,6.48,0.15,0.0,0.86,0.0,0,1,24689,9208,373,1704,team 1119 lol 762 casino 110 buzz 66,слабый
1xSlots,2077,893,43.0,4721,5.3,1,0,0.048,2.1,0.9,1.11,0.03,6.17,0.0,0,1,516,4205,373,1704,team 1119 lol 762 casino 110 buzz 66,слабый
Drip,2077,52,2.5,585,11.2,1,0,0.048,17.1,0.11,8.94,0.23,49.83,0.0,0,1,573,12,373,1704,team 1119 lol 762 casino 110 buzz 66,слабый
New Retro,2077,804,38.7,31749,39.5,1,0,0.048,0.3,6.07,0.16,0.0,0.92,0.0,1,0,9151,22598,373,1704,team 1119 lol 762 casino 110 buzz 66,слабый
Lex,2077,69,3.3,152,2.2,1,0,0.048,65.8,0.03,34.42,0.87,191.79,0.0,0,1,13,139,373,1704,team 1119 lol 762 casino 110 buzz 66,слабый
MostBet Bookmaker,2077,463,22.3,1370,3.0,1,0,0.048,7.3,0.26,3.82,0.1,21.28,0.0,1,0,456,914,373,1704,team 1119 lol 762 casino 110 buzz 66,слабый
Irwin,2076,120,5.8,2570,21.4,1,1,0.048,3.9,0.49,2.04,0.05,11.34,1.0,0,1,343,2227,372,1704,team 1118 lol 762 casino 110 buzz 66,слабый
Cat,2077,415,20.0,13649,32.9,1,0,0.048,0.7,2.61,0.38,0.01,2.14,0.0,0,1,1943,11706,373,1704,team 1119 lol 762 casino 110 buzz 66,слабый
Motor,2077,712,34.3,54418,76.4,1,0,0.048,0.2,10.4,0.1,0.0,0.54,0.0,0,1,18084,36334,373,1704,team 1119 lol 762 casino 110 buzz 66,слабый
Bitz,2076,278,13.4,6877,24.7,1,0,0.048,1.5,1.31,0.76,0.02,4.24,0.0,0,1,311,6566,373,1703,team 1119 lol 762 casino 109 buzz 66,слабый
BitStarz,2077,24,1.2,27,1.1,1,0,0.048,370.4,0.01,193.79,4.91,1079.71,0.0,1,0,6,21,373,1704,team 1119 lol 762 casino 110 buzz 66,слабый
Banda,2077,768,37.0,36341,47.3,1,1,0.048,0.3,6.95,0.14,0.0,0.8,1.0,1,0,19613,16728,373,1704,team 1119 lol 762 casino 110 buzz 66,слабый
Avocado,2077,19,0.9,27,1.4,1,0,0.048,370.4,0.01,193.79,4.91,1079.71,0.0,0,1,4,23,373,1704,team 1119 lol 762 casino 110 buzz 66,слабый
AUF,2077,732,35.2,17252,23.6,1,0,0.048,0.6,3.3,0.3,0.01,1.69,0.0,0,1,4142,13110,373,1704,team 1119 lol 762 casino 110 buzz 66,слабый
888,2077,18,0.9,29,1.6,1,0,0.048,344.8,0.01,180.42,4.57,1005.25,0.0,0,1,13,16,373,1704,team 1119 lol 762 casino 110 buzz 66,слабый
Flagman,2076,233,11.2,4536,19.5,1,0,0.048,2.2,0.87,1.15,0.03,6.43,0.0,0,1,3377,1159,372,1704,team 1118 lol 762 casino 110 buzz 66,слабый
Fontan,2077,85,4.1,434,5.1,1,0,0.048,23.0,0.08,12.06,0.31,67.17,0.0,1,0,262,172,373,1704,team 1119 lol 762 casino 110 buzz 66,слабый
Legzo,2077,213,10.3,1264,5.9,1,0,0.048,7.9,0.24,4.14,0.1,23.06,0.0,0,1,394,870,373,1704,team 1119 lol 762 casino 110 buzz 66,слабый
Joycasino,2077,275,13.2,11538,42.0,1,0,0.048,0.9,2.21,0.45,0.01,2.53,0.0,1,0,2177,9361,373,1704,team 1119 lol 762 casino 110 buzz 66,слабый
Izzi,2077,106,5.1,1495,14.1,1,0,0.048,6.7,0.29,3.5,0.09,19.5,0.0,0,1,1332,163,373,1704,team 1119 lol 762 casino 110 buzz 66,слабый
Vivaro,2077,504,24.3,21618,42.9,1,0,0.048,0.5,4.13,0.24,0.01,1.35,0.0,0,1,9402,12216,373,1704,team 1119 lol 762 casino 110 buzz 66,слабый
Monro,2076,77,3.7,277,3.6,1,0,0.048,36.1,0.05,18.89,0.48,105.24,0.0,1,0,163,114,373,1703,team 1119 lol 761 casino 110 buzz 66,слабый
Фреш,2076,50,2.4,401,8.0,1,0,0.048,24.9,0.08,13.05,0.33,72.7,0.0,0,1,290,111,373,1703,team 1119 lol 761 casino 110 buzz 66,слабый
Rox,2076,85,4.1,213,2.5,1,0,0.048,46.9,0.04,24.56,0.62,136.86,0.0,0,1,69,144,373,1703,team 1119 lol 761 casino 110 buzz 66,слабый
Вулкан Старс,2076,53,2.6,86,1.6,1,0,0.048,116.3,0.02,60.84,1.54,338.98,0.0,1,0,30,56,373,1703,team 1119 lol 761 casino 110 buzz 66,слабый
Вулкан Россия,2076,162,7.8,1409,8.7,1,0,0.048,7.1,0.27,3.71,0.09,20.69,0.0,0,1,554,855,373,1703,team 1119 lol 761 casino 110 buzz 66,слабый
Atom,2076,405,19.5,2680,6.6,1,0,0.048,3.7,0.51,1.95,0.05,10.88,0.0,0,1,1360,1320,373,1703,team 1119 lol 761 casino 110 buzz 66,слабый
Azino888,2074,234,11.3,641,2.7,1,0,0.048,15.6,0.12,8.16,0.21,45.48,0.0,0,1,75,566,373,1701,team 1117 lol 761 casino 110 buzz 66,слабый
Boost,2076,32,1.5,281,8.8,1,0,0.048,35.6,0.05,18.62,0.47,103.74,0.0,0,1,273,8,373,1703,team 1119 lol 761 casino 110 buzz 66,слабый
Dbbet,2076,1138,54.8,25779,22.7,1,0,0.048,0.4,4.93,0.2,0.01,1.13,0.0,0,1,2110,23669,373,1703,team 1119 lol 761 casino 110 buzz 66,слабый
Goldfishka,2076,278,13.4,5729,20.6,1,0,0.048,1.7,1.09,0.91,0.02,5.09,0.0,0,1,3126,2603,373,1703,team 1119 lol 761 casino 110 buzz 66,слабый
Jet,2076,67,3.2,180,2.7,1,0,0.048,55.6,0.03,29.07,0.74,161.96,0.0,1,0,93,87,373,1703,team 1119 lol 761 casino 110 buzz 66,слабый
Mers,2076,276,13.3,6030,21.8,1,0,0.048,1.7,1.15,0.87,0.02,4.83,0.0,0,1,1922,4108,373,1703,team 1119 lol 761 casino 110 buzz 66,слабый
Onlybets,2076,559,26.9,3316,5.9,1,0,0.048,3.0,0.63,1.58,0.04,8.79,0.0,0,1,1375,1941,373,1703,team 1119 lol 761 casino 110 buzz 66,слабый
Parimatch,2076,78,3.8,303,3.9,1,0,0.048,33.0,0.06,17.27,0.44,96.21,0.0,1,0,30,273,373,1703,team 1119 lol 761 casino 110 buzz 66,слабый
Sweet,1955,149,7.6,2110,14.2,1,0,0.051,4.7,0.4,2.48,0.06,13.82,0.0,1,0,1865,245,361,1594,team 1084 lol 675 casino 110 buzz 66,слабый
Tonplay,1956,462,23.6,11292,24.4,1,0,0.051,0.9,2.16,0.46,0.01,2.58,0.0,1,0,2922,8370,362,1594,team 1084 lol 676 casino 110 buzz 66,слабый
Winity,1954,318,16.3,7946,25.0,1,0,0.051,1.3,1.52,0.66,0.02,3.67,0.0,1,0,3525,4421,360,1594,team 1082 lol 676 casino 110 buzz 66,слабый
F1,1954,30,1.5,53,1.8,1,0,0.051,188.7,0.01,98.72,2.5,550.04,0.0,0,1,5,48,361,1593,team 1083 lol 676 casino 109 buzz 66,слабый
Leovegas,1951,2,0.1,3,1.5,1,0,0.051,3333.3,0.0,1744.08,44.16,9717.39,0.0,0,1,0,3,358,1593,team 1081 lol 676 casino 109 buzz 65,слабый
Platinum,1951,24,1.2,43,1.8,1,0,0.051,232.6,0.01,121.68,3.08,677.96,0.0,0,1,6,37,357,1594,team 1080 lol 676 casino 110 buzz 65,слабый
Slotoro,1951,6,0.3,7,1.2,1,0,0.051,1428.6,0.0,747.46,18.92,4164.59,0.0,0,1,0,7,358,1593,team 1080 lol 676 casino 110 buzz 65,слабый
Smoky,1953,378,19.4,4547,12.0,1,0,0.051,2.2,0.87,1.15,0.03,6.41,0.0,0,1,1355,3192,359,1594,team 1082 lol 676 casino 110 buzz 65,слабый
Vulkan Pobeda,1896,18,0.9,20,1.1,1,0,0.053,500.0,0.0,261.61,6.62,1457.61,0.0,1,0,5,15,303,1593,team 1033 lol 676 casino 110 buzz 62,слабый
Bwin,1882,7,0.4,9,1.3,1,1,0.053,1111.1,0.0,581.36,14.72,3239.13,1.0,0,1,0,9,289,1593,team 1020 lol 676 casino 110 buzz 61,слабый
Dune,1883,215,11.4,4301,20.0,1,0,0.053,2.3,0.82,1.22,0.03,6.78,0.0,1,0,1829,2472,289,1594,team 1021 lol 676 casino 110 buzz 61,слабый
Faro,1870,367,19.6,18176,49.5,1,0,0.053,0.6,3.47,0.29,0.01,1.6,0.0,1,0,5861,12315,276,1594,team 1010 lol 676 casino 110 buzz 60,слабый
Realslots,1840,43,2.3,71,1.7,1,0,0.054,140.8,0.01,73.69,1.87,410.59,0.0,0,1,5,66,247,1593,team 988 lol 675 casino 109 buzz 58,слабый
Spinwin,1810,505,27.9,1675,3.3,1,0,0.055,6.0,0.32,3.12,0.08,17.4,0.0,0,1,68,1607,217,1593,team 958 lol 675 casino 109 buzz 58,слабый
Ramenbet,2077,450,21.7,6495,14.4,0,0,0.0,0.0,1.24,0.0,0.0,2.97,,0,0,0,6495,373,1704,team 1119 lol 762 casino 110 buzz 66,слабый
AdmiralX,2077,641,30.9,4220,6.6,0,0,0.0,0.0,0.81,0.0,0.0,4.57,,0,0,0,4220,373,1704,team 1119 lol 762 casino 110 buzz 66,мёртвый по спросу
Kometa,2077,643,31.0,27142,42.2,0,0,0.0,0.0,5.19,0.0,0.0,0.71,,0,0,5850,21292,373,1704,team 1119 lol 762 casino 110 buzz 66,мёртвый по деньгам
7K,2077,917,44.2,20905,22.8,0,0,0.0,0.0,4.0,0.0,0.0,0.92,,0,0,3281,17624,373,1704,team 1119 lol 762 casino 110 buzz 66,мёртвый по деньгам
Azino777,2077,816,39.3,67440,82.6,0,0,0.0,0.0,12.89,0.0,0.0,0.29,,0,0,19384,48056,373,1704,team 1119 lol 762 casino 110 buzz 66,мёртвый по деньгам
Lev,2077,567,27.3,7602,13.4,0,0,0.0,0.0,1.45,0.0,0.0,2.54,,0,0,3235,4367,373,1704,team 1119 lol 762 casino 110 buzz 66,слабый
Starda,2077,137,6.6,610,4.5,0,0,0.0,0.0,0.12,0.0,0.0,31.64,,0,0,181,429,373,1704,team 1119 lol 762 casino 110 buzz 66,мёртвый по спросу
Champion Slots,2077,117,5.6,2266,19.4,0,0,0.0,0.0,0.43,0.0,0.0,8.52,,0,0,0,2266,373,1704,team 1119 lol 762 casino 110 buzz 66,мёртвый по спросу
Booi,2077,250,12.0,5336,21.3,0,0,0.0,0.0,1.02,0.0,0.0,3.62,,0,0,2305,3031,373,1704,team 1119 lol 762 casino 110 buzz 66,слабый
Vovan,2077,310,14.9,5860,18.9,0,0,0.0,0.0,1.12,0.0,0.0,3.29,,0,0,3028,2832,373,1704,team 1119 lol 762 casino 110 buzz 66,слабый
CryptoBoss,2077,434,20.9,2614,6.0,0,0,0.0,0.0,0.5,0.0,0.0,7.38,,0,0,0,2614,373,1704,team 1119 lol 762 casino 110 buzz 66,мёртвый по спросу
ClubNika,2076,422,20.3,26507,62.8,0,0,0.0,0.0,5.07,0.0,0.0,0.73,,0,0,19676,6831,372,1704,team 1118 lol 762 casino 110 buzz 66,мёртвый по деньгам
Sykaaa,2077,786,37.8,49745,63.3,0,0,0.0,0.0,9.51,0.0,0.0,0.39,,0,0,16666,33079,373,1704,team 1119 lol 762 casino 110 buzz 66,мёртвый по деньгам
Hype,2077,329,15.8,5084,15.5,0,0,0.0,0.0,0.97,0.0,0.0,3.8,,0,0,1587,3497,373,1704,team 1119 lol 762 casino 110 buzz 66,мёртвый по спросу
Play Fortuna,2077,774,37.3,28540,36.9,0,0,0.0,0.0,5.45,0.0,0.0,0.68,,0,0,15203,13337,373,1704,team 1119 lol 762 casino 110 buzz 66,мёртвый по деньгам
Vavada,2077,924,44.5,31402,34.0,0,0,0.0,0.0,6.0,0.0,0.0,0.61,,0,0,12474,18928,373,1704,team 1119 lol 762 casino 110 buzz 66,мёртвый по деньгам
Eldorado,2077,364,17.5,1219,3.3,0,0,0.0,0.0,0.23,0.0,0.0,15.83,,0,0,160,1059,373,1704,team 1119 lol 762 casino 110 buzz 66,мёртвый по спросу
Bitzamo,2077,525,25.3,2030,3.9,0,0,0.0,0.0,0.39,0.0,0.0,9.51,,0,0,277,1753,373,1704,team 1119 lol 762 casino 110 buzz 66,мёртвый по спросу
Baboss,2077,278,13.4,5303,19.1,0,0,0.0,0.0,1.01,0.0,0.0,3.64,,0,0,1515,3788,373,1704,team 1119 lol 762 casino 110 buzz 66,слабый
Daddy,2077,319,15.4,16245,50.9,0,0,0.0,0.0,3.1,0.0,0.0,1.19,,0,0,10690,5555,373,1704,team 1119 lol 762 casino 110 buzz 66,мёртвый по деньгам
Bonsai,2076,3,0.1,3,1.0,0,0,0.0,0.0,0.0,0.0,0.0,6433.7,,0,0,0,3,373,1703,team 1119 lol 762 casino 109 buzz 66,мёртвый по спросу
Bollywood,2076,172,8.3,4373,25.4,0,0,0.0,0.0,0.84,0.0,0.0,4.41,,0,0,2950,1423,373,1703,team 1119 lol 762 casino 109 buzz 66,мёртвый по спросу
Jozz,2077,373,18.0,15125,40.5,0,0,0.0,0.0,2.89,0.0,0.0,1.28,,0,0,5916,9209,373,1704,team 1119 lol 762 casino 110 buzz 66,слабый
Honey Money,2077,259,12.5,5472,21.1,0,0,0.0,0.0,1.05,0.0,0.0,3.53,,0,0,2411,3061,373,1704,team 1119 lol 762 casino 110 buzz 66,слабый
Gold,2077,335,16.1,17576,52.5,0,0,0.0,0.0,3.36,0.0,0.0,1.1,,0,0,10167,7409,373,1704,team 1119 lol 762 casino 110 buzz 66,мёртвый по деньгам
Вулкан Престиж,2077,8,0.4,9,1.1,0,0,0.0,0.0,0.0,0.0,0.0,2144.57,,0,0,0,9,373,1704,team 1119 lol 762 casino 110 buzz 66,мёртвый по спросу
Вулкан Мега,2077,2,0.1,5,2.5,0,0,0.0,0.0,0.0,0.0,0.0,3860.22,,0,0,1,4,373,1704,team 1119 lol 762 casino 110 buzz 66,мёртвый по спросу
Волна,2077,34,1.6,708,20.8,0,0,0.0,0.0,0.14,0.0,0.0,27.26,,0,0,699,9,373,1704,team 1119 lol 762 casino 110 buzz 66,мёртвый по спросу
Vibe,2077,8,0.4,9,1.1,0,0,0.0,0.0,0.0,0.0,0.0,2144.57,,0,0,3,6,373,1704,team 1119 lol 762 casino 110 buzz 66,мёртвый по спросу
Vegasy,2077,286,13.8,4422,15.5,0,0,0.0,0.0,0.85,0.0,0.0,4.36,,0,0,1768,2654,373,1704,team 1119 lol 762 casino 110 buzz 66,мёртвый по спросу
Shot,2076,341,16.4,10853,31.8,0,0,0.0,0.0,2.07,0.0,0.0,1.78,,0,0,4304,6549,373,1703,team 1119 lol 761 casino 110 buzz 66,слабый
Maxbetslots,2076,119,5.7,3209,27.0,0,0,0.0,0.0,0.61,0.0,0.0,6.01,,0,0,1256,1953,373,1703,team 1119 lol 761 casino 110 buzz 66,мёртвый по спросу
Betwinner,2076,89,4.3,651,7.3,0,0,0.0,0.0,0.12,0.0,0.0,29.65,,0,0,262,389,373,1703,team 1119 lol 761 casino 110 buzz 66,мёртвый по спросу
Blitzred,2075,38,1.8,49,1.3,0,0,0.0,0.0,0.01,0.0,0.0,393.9,,0,0,24,25,373,1702,team 1118 lol 761 casino 110 buzz 66,мёртвый по спросу
Casinora,2076,24,1.2,136,5.7,0,0,0.0,0.0,0.03,0.0,0.0,141.92,,0,0,74,62,373,1703,team 1119 lol 761 casino 110 buzz 66,мёртвый по спросу
Crystalslot,2075,360,17.3,5956,16.5,0,0,0.0,0.0,1.14,0.0,0.0,3.24,,0,0,3465,2491,373,1702,team 1118 lol 761 casino 110 buzz 66,слабый
Fairspin,2076,289,13.9,2254,7.8,0,0,0.0,0.0,0.43,0.0,0.0,8.56,,0,0,1431,823,373,1703,team 1119 lol 761 casino 110 buzz 66,мёртвый по спросу
Grizzly,2076,229,11.0,3174,13.9,0,0,0.0,0.0,0.61,0.0,0.0,6.08,,0,0,629,2545,373,1703,team 1119 lol 761 casino 110 buzz 66,мёртвый по спросу
Jackpoker,2076,14,0.7,95,6.8,0,0,0.0,0.0,0.02,0.0,0.0,203.17,,0,0,1,94,373,1703,team 1119 lol 761 casino 110 buzz 66,мёртвый по спросу
Kilogram,2076,85,4.1,366,4.3,0,0,0.0,0.0,0.07,0.0,0.0,52.74,,0,0,300,66,373,1703,team 1119 lol 761 casino 110 buzz 66,мёртвый по спросу
Laki,2076,217,10.5,1202,5.5,0,0,0.0,0.0,0.23,0.0,0.0,16.06,,0,0,506,696,373,1703,team 1119 lol 761 casino 110 buzz 66,мёртвый по спросу
Lilbet,2075,307,14.8,4152,13.5,0,0,0.0,0.0,0.79,0.0,0.0,4.65,,0,0,1289,2863,373,1702,team 1118 lol 761 casino 110 buzz 66,мёртвый по спросу
Loft,2075,35,1.7,304,8.7,0,0,0.0,0.0,0.06,0.0,0.0,63.49,,0,0,280,24,372,1703,team 1118 lol 761 casino 110 buzz 66,мёртвый по спросу
Luckyduck,2076,150,7.2,2150,14.3,0,0,0.0,0.0,0.41,0.0,0.0,8.98,,0,0,1065,1085,373,1703,team 1119 lol 761 casino 110 buzz 66,мёртвый по спросу
Lukkly,2076,120,5.8,532,4.4,0,0,0.0,0.0,0.1,0.0,0.0,36.28,,0,0,281,251,373,1703,team 1119 lol 761 casino 110 buzz 66,мёртвый по спросу
Pari,2076,66,3.2,457,6.9,0,0,0.0,0.0,0.09,0.0,0.0,42.23,,0,0,440,17,373,1703,team 1119 lol 761 casino 110 buzz 66,мёртвый по спросу
Spacewin,1954,123,6.3,894,7.3,0,0,0.0,0.0,0.17,0.0,0.0,21.59,,0,0,469,425,361,1593,team 1083 lol 676 casino 109 buzz 66,мёртвый по спросу
Spinbetter,1957,323,16.5,3169,9.8,0,0,0.0,0.0,0.61,0.0,0.0,6.09,,0,0,1077,2092,362,1595,team 1085 lol 676 casino 110 buzz 66,мёртвый по спросу
Onetap,1956,4,0.2,9,2.2,0,0,0.0,0.0,0.0,0.0,0.0,2144.57,,0,0,0,9,362,1594,team 1084 lol 676 casino 110 buzz 66,мёртвый по спросу
Tippy,1954,47,2.4,352,7.5,0,0,0.0,0.0,0.07,0.0,0.0,54.83,,0,0,343,9,360,1594,team 1082 lol 676 casino 110 buzz 66,мёртвый по спросу
Weiss,1954,22,1.1,174,7.9,0,0,0.0,0.0,0.03,0.0,0.0,110.93,,0,0,169,5,360,1594,team 1082 lol 676 casino 110 buzz 66,мёртвый по спросу
Win777,1955,39,2.0,302,7.7,0,0,0.0,0.0,0.06,0.0,0.0,63.91,,0,0,275,27,361,1594,team 1083 lol 676 casino 110 buzz 66,мёртвый по спросу
Betobet,1955,2,0.1,4,2.0,0,0,0.0,0.0,0.0,0.0,0.0,4825.27,,0,0,1,3,361,1594,team 1083 lol 676 casino 110 buzz 66,мёртвый по спросу
Betunlim,1954,46,2.4,1137,24.7,0,0,0.0,0.0,0.22,0.0,0.0,16.98,,0,0,1120,17,360,1594,team 1082 lol 676 casino 110 buzz 66,мёртвый по спросу
1xbit,1953,5,0.3,5,1.0,0,0,0.0,0.0,0.0,0.0,0.0,3860.22,,0,0,1,4,360,1593,team 1082 lol 676 casino 109 buzz 66,мёртвый по спросу
Crypto,1952,66,3.4,161,2.4,0,0,0.0,0.0,0.03,0.0,0.0,119.88,,0,0,65,96,359,1593,team 1080 lol 676 casino 110 buzz 66,мёртвый по спросу
Explosino,1953,268,13.7,537,2.0,0,0,0.0,0.0,0.1,0.0,0.0,35.94,,0,0,0,537,359,1594,team 1081 lol 676 casino 110 buzz 66,мёртвый по спросу
Luckmore,1952,343,17.6,7789,22.7,0,0,0.0,0.0,1.49,0.0,0.0,2.48,,0,0,2423,5366,358,1594,team 1081 lol 676 casino 110 buzz 65,слабый
National,1952,0,0.0,0,0,0,0,0.0,,0.0,,,,,0,0,0,0,358,1594,team 1081 lol 676 casino 110 buzz 65,мёртвый по спросу
Rizk,1952,6,0.3,8,1.3,0,0,0.0,0.0,0.0,0.0,0.0,2412.64,,0,0,0,8,358,1594,team 1081 lol 676 casino 110 buzz 65,мёртвый по спросу
Sprut,1951,85,4.4,791,9.3,0,0,0.0,0.0,0.15,0.0,0.0,24.4,,0,0,590,201,358,1593,team 1081 lol 676 casino 109 buzz 65,мёртвый по спросу
Wildblaster,1891,0,0.0,0,0,0,0,0.0,,0.0,,,,,0,0,0,0,297,1594,team 1029 lol 676 casino 110 buzz 61,мёртвый по спросу
Winna,1884,6,0.3,7,1.2,0,0,0.0,0.0,0.0,0.0,0.0,2757.3,,0,0,2,5,291,1593,team 1023 lol 676 casino 109 buzz 61,мёртвый по спросу
WinWin,1885,58,3.1,315,5.4,0,0,0.0,0.0,0.06,0.0,0.0,61.27,,0,0,84,231,292,1593,team 1024 lol 676 casino 109 buzz 61,мёртвый по спросу
Yardwin,1885,674,35.8,22042,32.7,0,0,0.0,0.0,4.21,0.0,0.0,0.88,,0,0,8087,13955,291,1594,team 1023 lol 676 casino 110 buzz 61,мёртвый по деньгам
Banzaibet,1885,1,0.1,1,1.0,0,0,0.0,0.0,0.0,0.0,0.0,19301.09,,0,0,1,0,291,1594,team 1023 lol 676 casino 110 buzz 61,мёртвый по спросу
Betus X,1886,8,0.4,12,1.5,0,0,0.0,0.0,0.0,0.0,0.0,1608.42,,0,0,2,10,292,1594,team 1024 lol 676 casino 110 buzz 61,мёртвый по спросу
Champion,1883,147,7.8,1397,9.5,0,0,0.0,0.0,0.27,0.0,0.0,13.82,,0,0,770,627,290,1593,team 1022 lol 676 casino 109 buzz 61,мёртвый по спросу
Spartans,1883,1,0.1,1,1.0,0,0,0.0,0.0,0.0,0.0,0.0,19301.09,,0,0,1,0,290,1593,team 1022 lol 676 casino 109 buzz 61,мёртвый по спросу
Mr. Green,1842,0,0.0,0,0,0,0,0.0,,0.0,,,,,0,0,0,0,248,1594,team 989 lol 675 casino 110 buzz 58,мёртвый по спросу
RPTbet,1840,9,0.5,9,1.0,0,0,0.0,0.0,0.0,0.0,0.0,2144.57,,0,0,5,4,246,1594,team 987 lol 675 casino 110 buzz 58,мёртвый по спросу
Sever,1834,882,48.1,12812,14.5,0,0,0.0,0.0,2.45,0.0,0.0,1.51,,0,0,2542,10270,241,1593,team 982 lol 674 casino 110 buzz 58,слабый
Wazbee,1796,1057,58.9,3112,2.9,0,0,0.0,0.0,0.59,0.0,0.0,6.2,,0,0,14,3098,203,1593,team 943 lol 675 casino 110 buzz 58,мёртвый по спросу
