бренд,сайтов,вышли в поиск,выход %,поисковых кликов,кликов на вышедший сайт,регистраций,ФД,рег на 100 сайтов,рег на 10 тыс. кликов,доля в остатке 56 %,зоны
Lucky Bird,1924,177,9.2,608,3.4,23,2,1.195,378.3,0.3,.team 57% .lol 33% .casino 6%
Leon,1925,363,18.9,14850,40.9,17,6,0.883,11.4,0.3,.team 57% .lol 33% .casino 6%
Martin,1924,337,17.5,23496,69.7,14,4,0.728,6.0,1.0,.team 57% .lol 33% .casino 6%
Pinco,1924,663,34.5,52828,79.7,11,1,0.572,2.1,0.2,.team 57% .lol 33% .casino 6%
Mellstroy,1924,475,24.7,27635,58.2,11,1,0.572,4.0,0.3,.team 57% .lol 33% .casino 6%
Shuffle,1924,262,13.6,2224,8.5,10,1,0.52,45.0,1.8,.team 57% .lol 33% .casino 6%
Eva,1844,385,20.9,31585,82.0,9,1,0.488,2.8,98.6,.team 58% .lol 31% .casino 6%
Dragon Money,1925,332,17.2,2802,8.4,9,0,0.468,32.1,0.3,.team 57% .lol 33% .casino 6%
Luckybear,1924,135,7.0,427,3.2,9,0,0.468,210.8,0.7,.team 57% .lol 33% .casino 6%
Cactus,1925,553,28.7,65729,118.9,8,1,0.416,1.2,0.2,.team 57% .lol 33% .casino 6%
Олимп,1924,330,17.2,2006,6.1,8,1,0.416,39.9,0.3,.team 57% .lol 33% .casino 6%
Vodka,1925,660,34.3,10599,16.1,7,1,0.364,6.6,0.7,.team 57% .lol 33% .casino 6%
Money X,1925,134,7.0,688,5.1,7,1,0.364,101.7,0.5,.team 57% .lol 33% .casino 6%
Fenix,1843,217,11.8,32343,149.0,6,2,0.326,1.9,98.9,.team 58% .lol 31% .casino 6%
R7,1924,343,17.8,14305,41.7,6,5,0.312,4.2,0.3,.team 56% .lol 33% .casino 6%
1xbet,1924,467,24.3,2138,4.6,6,0,0.312,28.1,0.3,.team 57% .lol 33% .casino 6%
Селектор,1924,391,20.3,16962,43.4,6,0,0.312,3.5,0.7,.team 57% .lol 33% .casino 6%
Like,1840,467,25.4,12752,27.3,5,0,0.272,3.9,99.1,.team 58% .lol 31% .casino 6%
Trix,1925,302,15.7,6040,20.0,5,2,0.26,8.3,0.6,.team 57% .lol 33% .casino 6%
Покердом,1924,1492,77.5,17767,11.9,5,0,0.26,2.8,0.5,.team 57% .lol 33% .casino 6%
Frank,1924,223,11.6,1626,7.3,5,2,0.26,30.8,0.6,.team 57% .lol 33% .casino 6%
Olympus-play,1840,31,1.7,68,2.2,4,0,0.217,588.2,99.0,.team 58% .lol 31% .casino 6%
Kush,1925,595,30.9,67488,113.4,4,1,0.208,0.6,0.2,.team 57% .lol 33% .casino 6%
Bounty,1925,651,33.8,6681,10.3,4,2,0.208,6.0,0.4,.team 57% .lol 33% .casino 6%
Goodwin,1925,287,14.9,6687,23.3,4,1,0.208,6.0,0.3,.team 57% .lol 33% .casino 6%
Twin,1924,82,4.3,2456,30.0,4,1,0.208,16.3,0.5,.team 57% .lol 33% .casino 6%
Spin City,1925,317,16.5,9487,29.9,4,0,0.208,4.2,0.4,.team 57% .lol 33% .casino 6%
Pin Up,1924,518,26.9,30219,58.3,4,0,0.208,1.3,0.3,.team 57% .lol 33% .casino 6%
Maxline,1923,118,6.1,830,7.0,4,0,0.208,48.2,0.9,.team 57% .lol 33% .casino 6%
Apex,1775,470,26.5,69460,147.8,3,0,0.169,0.4,99.6,.team 57% .lol 32% .casino 6%
Slotgames,1846,273,14.8,4231,15.5,3,1,0.163,7.1,87.6,.team 58% .lol 31% .casino 6%
Slott,1843,156,8.5,3938,25.2,3,0,0.163,7.6,94.8,.team 58% .lol 31% .casino 6%
Spinto,1844,621,33.7,11939,19.2,3,1,0.163,2.5,97.6,.team 58% .lol 31% .casino 6%
Winline,1844,87,4.7,525,6.0,3,1,0.163,57.1,98.9,.team 58% .lol 31% .casino 6%
Iris,1842,103,5.6,6581,63.9,3,1,0.163,4.6,98.6,.team 58% .lol 31% .casino 6%
Stake,1925,420,21.8,3951,9.4,3,1,0.156,7.6,0.3,.team 57% .lol 33% .casino 6%
UP-X,1925,301,15.6,8958,29.8,3,2,0.156,3.3,0.3,.team 57% .lol 33% .casino 6%
GetX,1925,374,19.4,10002,26.7,3,1,0.156,3.0,0.3,.team 57% .lol 33% .casino 6%
1Go,1924,279,14.5,3437,12.3,3,1,0.156,8.7,0.3,.team 57% .lol 33% .casino 6%
Casino X,1925,408,21.2,2694,6.6,3,0,0.156,11.1,0.1,.team 57% .lol 33% .casino 6%
Brillx,1925,147,7.6,605,4.1,3,0,0.156,49.6,0.3,.team 57% .lol 33% .casino 6%
Leebet,1924,564,29.3,53547,94.9,3,1,0.156,0.6,0.3,.team 57% .lol 33% .casino 6%
Kraken,1925,91,4.7,3833,42.1,3,1,0.156,7.8,0.3,.team 57% .lol 33% .casino 6%
Kent,1925,566,29.4,50727,89.6,3,1,0.156,0.6,0.4,.team 57% .lol 33% .casino 6%
Вулкан 24,1924,189,9.8,2143,11.3,3,0,0.156,14.0,0.5,.team 56% .lol 33% .casino 6%
Эверум,1924,26,1.4,39,1.5,3,0,0.156,769.2,0.4,.team 57% .lol 33% .casino 6%
Ezcash,1924,38,2.0,2329,61.3,3,0,0.156,12.9,0.6,.team 57% .lol 33% .casino 6%
Fugu,1772,155,8.7,9421,60.8,2,1,0.113,2.1,99.7,.team 57% .lol 33% .casino 6%
Unlim Casino,1925,267,13.9,1989,7.4,2,2,0.104,10.1,1.0,.team 57% .lol 33% .casino 6%
Vulkan Platinum,1924,230,12.0,1879,8.2,2,1,0.104,10.6,1.0,.team 57% .lol 33% .casino 6%
Onion,1925,153,7.9,869,5.7,2,1,0.104,23.0,0.2,.team 57% .lol 33% .casino 6%
Zooma,1924,328,17.0,15456,47.1,2,0,0.104,1.3,0.1,.team 56% .lol 33% .casino 6%
Slotozal,1925,361,18.8,1474,4.1,2,1,0.104,13.6,0.4,.team 57% .lol 33% .casino 6%
Riobet,1925,768,39.9,29444,38.3,2,0,0.104,0.7,0.2,.team 57% .lol 33% .casino 6%
1win,1925,419,21.8,185794,443.4,2,0,0.104,0.1,0.1,.team 57% .lol 33% .casino 6%
888starz,1925,191,9.9,2704,14.2,2,0,0.104,7.4,0.4,.team 57% .lol 33% .casino 6%
Gama,1925,233,12.1,7027,30.2,2,0,0.104,2.8,0.2,.team 57% .lol 33% .casino 6%
Turbo,1925,421,21.9,3806,9.0,2,0,0.104,5.3,0.4,.team 57% .lol 33% .casino 6%
Sol,1924,57,3.0,295,5.2,2,1,0.104,67.8,0.5,.team 57% .lol 33% .casino 6%
Nomad,1924,99,5.1,163,1.6,2,0,0.104,122.7,0.3,.team 57% .lol 33% .casino 6%
Мелбет,1924,503,26.1,1830,3.6,2,0,0.104,10.9,0.4,.team 57% .lol 33% .casino 6%
Лутран,1924,146,7.6,421,2.9,2,1,0.104,47.5,0.2,.team 57% .lol 33% .casino 6%
Betera,1924,235,12.2,3104,13.2,2,0,0.104,6.4,0.4,.team 57% .lol 33% .casino 6%
Casino7,1924,196,10.2,320,1.6,2,0,0.104,62.5,0.5,.team 57% .lol 33% .casino 6%
Fraga,1924,216,11.2,895,4.1,2,0,0.104,22.3,0.2,.team 57% .lol 33% .casino 6%
Mad,1924,314,16.3,5191,16.5,2,0,0.104,3.9,0.6,.team 57% .lol 33% .casino 6%
Marathon,1923,162,8.4,2703,16.7,2,1,0.104,7.4,0.8,.team 57% .lol 33% .casino 6%
Pokerok,1924,266,13.8,12640,47.5,2,0,0.104,1.6,1.7,.team 57% .lol 33% .casino 6%
Metelitsa,1730,192,11.1,2445,12.7,1,0,0.058,4.1,99.7,.team 57% .lol 33% .casino 6%
Faro,1759,289,16.4,12673,43.9,1,0,0.057,0.8,99.8,.team 57% .lol 33% .casino 6%
Vulkan Pobeda,1785,12,0.7,13,1.1,1,0,0.056,769.2,99.2,.team 57% .lol 32% .casino 6%
Sweet,1844,134,7.3,1951,14.6,1,0,0.054,5.1,98.6,.team 58% .lol 31% .casino 6%
Tonplay,1845,368,19.9,8309,22.6,1,0,0.054,1.2,98.6,.team 58% .lol 31% .casino 6%
Volta,1845,61,3.3,997,16.3,1,0,0.054,10.0,98.6,.team 58% .lol 31% .casino 6%
Winity,1843,251,13.6,6412,25.5,1,0,0.054,1.6,98.9,.team 58% .lol 31% .casino 6%
Platinum,1840,16,0.9,23,1.4,1,0,0.054,434.8,99.1,.team 58% .lol 31% .casino 6%
Slotoro,1840,5,0.3,5,1.0,1,0,0.054,2000.0,99.2,.team 58% .lol 31% .casino 6%
Smoky,1842,316,17.2,3606,11.4,1,0,0.054,2.8,99.1,.team 58% .lol 31% .casino 6%
1xSlots,1925,616,32.0,2842,4.6,1,0,0.052,3.5,0.9,.team 57% .lol 33% .casino 6%
Aurora Casino,1925,456,23.7,5571,12.2,1,0,0.052,1.8,0.8,.team 57% .lol 33% .casino 6%
New Retro,1925,662,34.4,24289,36.7,1,0,0.052,0.4,0.1,.team 57% .lol 33% .casino 6%
Lex,1925,59,3.1,130,2.2,1,0,0.052,76.9,0.4,.team 57% .lol 33% .casino 6%
Jetton,1925,604,31.4,15357,25.4,1,0,0.052,0.7,0.6,.team 57% .lol 33% .casino 6%
MostBet Bookmaker,1925,415,21.6,1185,2.9,1,0,0.052,8.4,0.4,.team 57% .lol 33% .casino 6%
Arkada,1925,670,34.8,52094,77.8,1,0,0.052,0.2,0.1,.team 57% .lol 33% .casino 6%
Cat,1925,370,19.2,11061,29.9,1,0,0.052,0.9,0.2,.team 57% .lol 33% .casino 6%
Bitz,1924,228,11.9,3614,15.9,1,0,0.052,2.8,0.3,.team 57% .lol 33% .casino 6%
BitStarz,1925,20,1.0,22,1.1,1,0,0.052,454.5,0.4,.team 57% .lol 33% .casino 6%
Banda,1925,683,35.5,26607,39.0,1,1,0.052,0.4,0.6,.team 57% .lol 33% .casino 6%
Avocado,1925,16,0.8,18,1.1,1,0,0.052,555.6,0.2,.team 57% .lol 33% .casino 6%
Flagman,1924,215,11.2,3185,14.8,1,0,0.052,3.1,0.2,.team 56% .lol 33% .casino 6%
Enomo,1925,783,40.7,44328,56.6,1,0,0.052,0.2,0.1,.team 57% .lol 33% .casino 6%
Fontan,1925,73,3.8,406,5.6,1,0,0.052,24.6,0.3,.team 57% .lol 33% .casino 6%
Legzo,1925,193,10.0,1040,5.4,1,0,0.052,9.6,0.2,.team 57% .lol 33% .casino 6%
Joycasino,1925,224,11.6,7418,33.1,1,0,0.052,1.3,0.4,.team 57% .lol 33% .casino 6%
Izzi,1925,87,4.5,1418,16.3,1,0,0.052,7.1,0.4,.team 57% .lol 33% .casino 6%
Вулкан Вегас,1925,614,31.9,29488,48.0,1,0,0.052,0.3,0.5,.team 57% .lol 33% .casino 6%
Why,1925,139,7.2,214,1.5,1,0,0.052,46.7,0.5,.team 57% .lol 33% .casino 6%
Vivaro,1925,451,23.4,15709,34.8,1,0,0.052,0.6,0.7,.team 57% .lol 33% .casino 6%
Monro,1924,51,2.7,196,3.8,1,0,0.052,51.0,0.4,.team 57% .lol 33% .casino 6%
Фреш,1924,49,2.5,389,7.9,1,0,0.052,25.7,0.5,.team 57% .lol 33% .casino 6%
Rox,1924,70,3.6,177,2.5,1,0,0.052,56.5,0.3,.team 57% .lol 33% .casino 6%
Клуб Вулкан,1924,136,7.1,555,4.1,1,0,0.052,18.0,0.3,.team 57% .lol 33% .casino 6%
Вулкан Россия,1924,143,7.4,1333,9.3,1,0,0.052,7.5,0.3,.team 57% .lol 33% .casino 6%
Atom,1924,319,16.6,2137,6.7,1,0,0.052,4.7,0.2,.team 57% .lol 33% .casino 6%
Beef,1924,435,22.6,13483,31.0,1,1,0.052,0.7,0.2,.team 57% .lol 33% .casino 6%
Bigsbet,1924,382,19.9,4727,12.4,1,0,0.052,2.1,0.3,.team 57% .lol 33% .casino 6%
Boost,1924,31,1.6,279,9.0,1,0,0.052,35.8,0.3,.team 57% .lol 33% .casino 6%
Dbbet,1924,734,38.1,16116,22.0,1,0,0.052,0.6,0.3,.team 57% .lol 33% .casino 6%
Fonbet,1924,22,1.1,60,2.7,1,0,0.052,166.7,0.5,.team 57% .lol 33% .casino 6%
Goldfishka,1924,252,13.1,4350,17.3,1,0,0.052,2.3,0.5,.team 57% .lol 33% .casino 6%
Jet,1924,58,3.0,155,2.7,1,0,0.052,64.5,0.4,.team 57% .lol 33% .casino 6%
Mers,1924,239,12.4,4613,19.3,1,0,0.052,2.2,1.1,.team 57% .lol 33% .casino 6%
Million,1924,141,7.3,1328,9.4,1,0,0.052,7.5,0.8,.team 57% .lol 33% .casino 6%
Ramenbet,1925,392,20.4,4456,11.4,0,0,0.0,0.0,0.6,.team 57% .lol 33% .casino 6%
AdmiralX,1925,469,24.4,2353,5.0,0,0,0.0,0.0,0.7,.team 57% .lol 33% .casino 6%
Kometa,1925,564,29.3,20733,36.8,0,0,0.0,0.0,0.6,.team 57% .lol 33% .casino 6%
Gizbo,1925,422,21.9,23259,55.1,0,0,0.0,0.0,0.8,.team 57% .lol 33% .casino 6%
7K,1925,570,29.6,11347,19.9,0,0,0.0,0.0,0.8,.team 57% .lol 33% .casino 6%
Azino777,1925,731,38.0,50377,68.9,0,0,0.0,0.0,0.7,.team 57% .lol 33% .casino 6%
Drip,1925,47,2.4,569,12.1,0,0,0.0,0.0,0.7,.team 57% .lol 33% .casino 6%
Lev,1925,490,25.5,6132,12.5,0,0,0.0,0.0,0.8,.team 57% .lol 33% .casino 6%
Starda,1925,101,5.2,475,4.7,0,0,0.0,0.0,0.5,.team 57% .lol 33% .casino 6%
Champion Slots,1925,97,5.0,1940,20.0,0,0,0.0,0.0,0.4,.team 57% .lol 33% .casino 6%
Booi,1925,221,11.5,4309,19.5,0,0,0.0,0.0,0.4,.team 57% .lol 33% .casino 6%
Vovan,1925,290,15.1,5164,17.8,0,0,0.0,0.0,0.2,.team 57% .lol 33% .casino 6%
CryptoBoss,1925,388,20.2,2199,5.7,0,0,0.0,0.0,0.2,.team 57% .lol 33% .casino 6%
ClubNika,1924,353,18.3,21363,60.5,0,0,0.0,0.0,0.3,.team 56% .lol 33% .casino 6%
Sykaaa,1925,705,36.6,39437,55.9,0,0,0.0,0.0,0.1,.team 57% .lol 33% .casino 6%
Hype,1925,293,15.2,4420,15.1,0,0,0.0,0.0,0.3,.team 57% .lol 33% .casino 6%
Play Fortuna,1925,658,34.2,22484,34.2,0,0,0.0,0.0,0.4,.team 57% .lol 33% .casino 6%
Vavada,1925,716,37.2,24635,34.4,0,0,0.0,0.0,0.3,.team 57% .lol 33% .casino 6%
Irwin,1924,103,5.4,2243,21.8,0,0,0.0,0.0,0.4,.team 56% .lol 33% .casino 6%
Eldorado,1925,277,14.4,699,2.5,0,0,0.0,0.0,0.4,.team 57% .lol 33% .casino 6%
Motor,1925,627,32.6,44653,71.2,0,0,0.0,0.0,0.2,.team 57% .lol 33% .casino 6%
Bitzamo,1925,475,24.7,1539,3.2,0,0,0.0,0.0,0.2,.team 57% .lol 33% .casino 6%
Baboss,1925,270,14.0,4603,17.0,0,0,0.0,0.0,0.3,.team 57% .lol 33% .casino 6%
AUF,1925,626,32.5,12091,19.3,0,0,0.0,0.0,0.3,.team 57% .lol 33% .casino 6%
888,1925,12,0.6,19,1.6,0,0,0.0,0.0,0.2,.team 57% .lol 33% .casino 6%
Daddy,1925,276,14.3,11156,40.4,0,0,0.0,0.0,0.2,.team 57% .lol 33% .casino 6%
Friends,1925,344,17.9,1080,3.1,0,0,0.0,0.0,0.4,.team 57% .lol 33% .casino 6%
Bonsai,1924,3,0.2,3,1.0,0,0,0.0,0.0,0.2,.team 57% .lol 33% .casino 6%
Bollywood,1924,153,8.0,3419,22.3,0,0,0.0,0.0,0.1,.team 57% .lol 33% .casino 6%
Jozz,1925,308,16.0,11071,35.9,0,0,0.0,0.0,0.5,.team 57% .lol 33% .casino 6%
Honey Money,1925,229,11.9,4783,20.9,0,0,0.0,0.0,0.3,.team 57% .lol 33% .casino 6%
Gold,1925,301,15.6,13145,43.7,0,0,0.0,0.0,0.4,.team 57% .lol 33% .casino 6%
Вулкан Престиж,1925,6,0.3,7,1.2,0,0,0.0,0.0,0.6,.team 57% .lol 33% .casino 6%
Вулкан Мега,1925,2,0.1,5,2.5,0,0,0.0,0.0,0.6,.team 57% .lol 33% .casino 6%
Волна,1925,33,1.7,702,21.3,0,0,0.0,0.0,0.5,.team 57% .lol 33% .casino 6%
Vibe,1925,4,0.2,4,1.0,0,0,0.0,0.0,0.3,.team 57% .lol 33% .casino 6%
Vegasy,1925,253,13.1,3403,13.5,0,0,0.0,0.0,0.6,.team 57% .lol 33% .casino 6%
Shot,1924,299,15.5,7276,24.3,0,0,0.0,0.0,0.5,.team 57% .lol 33% .casino 6%
Maxbetslots,1924,103,5.4,2314,22.5,0,0,0.0,0.0,0.2,.team 57% .lol 33% .casino 6%
Вулкан Старс,1924,39,2.0,67,1.7,0,0,0.0,0.0,0.3,.team 57% .lol 33% .casino 6%
Azino888,1922,129,6.7,289,2.2,0,0,0.0,0.0,0.4,.team 57% .lol 33% .casino 6%
Betwinner,1924,76,4.0,554,7.3,0,0,0.0,0.0,0.7,.team 57% .lol 33% .casino 6%
Blitzred,1923,36,1.9,47,1.3,0,0,0.0,0.0,0.3,.team 57% .lol 33% .casino 6%
Casinora,1924,23,1.2,129,5.6,0,0,0.0,0.0,0.4,.team 57% .lol 33% .casino 6%
Crystalslot,1924,348,18.1,5272,15.1,0,0,0.0,0.0,0.4,.team 57% .lol 33% .casino 6%
Fairspin,1924,234,12.2,1649,7.0,0,0,0.0,0.0,0.5,.team 57% .lol 33% .casino 6%
Grizzly,1924,192,10.0,2448,12.8,0,0,0.0,0.0,0.6,.team 57% .lol 33% .casino 6%
Jackpoker,1924,11,0.6,84,7.6,0,0,0.0,0.0,0.3,.team 57% .lol 33% .casino 6%
Kilogram,1924,77,4.0,347,4.5,0,0,0.0,0.0,0.6,.team 57% .lol 33% .casino 6%
Laki,1924,203,10.6,1066,5.3,0,0,0.0,0.0,0.6,.team 57% .lol 33% .casino 6%
Lilbet,1923,260,13.5,3278,12.6,0,0,0.0,0.0,0.6,.team 57% .lol 33% .casino 6%
Loft,1923,31,1.6,296,9.5,0,0,0.0,0.0,0.8,.team 57% .lol 33% .casino 6%
Luckyduck,1924,138,7.2,1734,12.6,0,0,0.0,0.0,0.8,.team 57% .lol 33% .casino 6%
Lukkly,1924,108,5.6,493,4.6,0,0,0.0,0.0,1.0,.team 57% .lol 33% .casino 6%
Onlybets,1924,397,20.6,2421,6.1,0,0,0.0,0.0,1.2,.team 57% .lol 33% .casino 6%
Pari,1924,63,3.3,450,7.1,0,0,0.0,0.0,1.0,.team 57% .lol 33% .casino 6%
Parimatch,1924,70,3.6,251,3.6,0,0,0.0,0.0,1.8,.team 57% .lol 33% .casino 6%
Spacewin,1843,109,5.9,818,7.5,0,0,0.0,0.0,96.5,.team 58% .lol 31% .casino 6%
Spinbetter,1845,278,15.1,2606,9.4,0,0,0.0,0.0,97.0,.team 58% .lol 31% .casino 6%
Onetap,1845,3,0.2,7,2.3,0,0,0.0,0.0,98.1,.team 58% .lol 31% .casino 6%
Tippy,1843,38,2.1,307,8.1,0,0,0.0,0.0,98.6,.team 58% .lol 31% .casino 6%
Weiss,1843,18,1.0,159,8.8,0,0,0.0,0.0,98.9,.team 58% .lol 31% .casino 6%
Win777,1844,36,2.0,284,7.9,0,0,0.0,0.0,98.9,.team 58% .lol 31% .casino 6%
Betobet,1844,1,0.1,1,1.0,0,0,0.0,0.0,98.9,.team 58% .lol 31% .casino 6%
Betunlim,1843,42,2.3,1013,24.1,0,0,0.0,0.0,99.0,.team 58% .lol 31% .casino 6%
1xbit,1842,2,0.1,2,1.0,0,0,0.0,0.0,99.1,.team 58% .lol 31% .casino 6%
Crypto,1841,41,2.2,82,2.0,0,0,0.0,0.0,98.5,.team 58% .lol 31% .casino 6%
Explosino,1842,119,6.5,217,1.8,0,0,0.0,0.0,98.9,.team 58% .lol 31% .casino 6%
F1,1843,19,1.0,36,1.9,0,0,0.0,0.0,99.2,.team 58% .lol 31% .casino 6%
Jvspin,1844,432,23.4,8497,19.7,0,0,0.0,0.0,99.0,.team 58% .lol 31% .casino 6%
Leovegas,1840,1,0.1,2,2.0,0,0,0.0,0.0,99.1,.team 58% .lol 31% .casino 6%
Luckmore,1841,280,15.2,5865,20.9,0,0,0.0,0.0,99.1,.team 58% .lol 31% .casino 6%
National,1841,0,0.0,0,,0,0,0.0,,99.2,.team 58% .lol 31% .casino 6%
Rizk,1841,3,0.2,3,1.0,0,0,0.0,0.0,98.9,.team 58% .lol 31% .casino 6%
Sprut,1840,68,3.7,672,9.9,0,0,0.0,0.0,98.9,.team 58% .lol 31% .casino 6%
Wildblaster,1780,0,0.0,0,,0,0,0.0,,99.3,.team 57% .lol 32% .casino 6%
Winna,1773,5,0.3,6,1.2,0,0,0.0,0.0,99.4,.team 57% .lol 32% .casino 6%
WinWin,1774,46,2.6,273,5.9,0,0,0.0,0.0,99.4,.team 57% .lol 32% .casino 6%
Yardwin,1774,586,33.0,18040,30.8,0,0,0.0,0.0,99.4,.team 57% .lol 32% .casino 6%
Banzaibet,1774,1,0.1,1,1.0,0,0,0.0,0.0,99.5,.team 57% .lol 32% .casino 6%
Betus X,1775,5,0.3,6,1.2,0,0,0.0,0.0,99.5,.team 57% .lol 32% .casino 6%
Bwin,1771,4,0.2,4,1.0,0,0,0.0,0.0,99.8,.team 57% .lol 33% .casino 6%
Champion,1772,104,5.9,1141,11.0,0,0,0.0,0.0,99.7,.team 57% .lol 33% .casino 6%
Dune,1772,193,10.9,3578,18.5,0,0,0.0,0.0,99.7,.team 57% .lol 33% .casino 6%
Epicstar,1774,544,30.7,14893,27.4,0,0,0.0,0.0,99.7,.team 57% .lol 32% .casino 6%
Spartans,1772,1,0.1,1,1.0,0,0,0.0,0.0,99.9,.team 57% .lol 33% .casino 6%
Mr. Green,1731,0,0.0,0,,0,0,0.0,,99.7,.team 56% .lol 33% .casino 6%
Realslots,1729,22,1.3,39,1.8,0,0,0.0,0.0,99.8,.team 57% .lol 33% .casino 6%
RPTbet,1729,8,0.5,8,1.0,0,0,0.0,0.0,99.7,.team 56% .lol 33% .casino 6%
Sever,1723,584,33.9,8427,14.4,0,0,0.0,0.0,99.8,.team 56% .lol 33% .casino 6%
Spinwin,1699,298,17.5,962,3.2,0,0,0.0,0.0,99.6,.team 56% .lol 34% .casino 6%
Wazbee,1685,389,23.1,1042,2.7,0,0,0.0,0.0,99.8,.team 55% .lol 34% .casino 7%
