# Конверсии за всю историю 21.08–03.09, три выгрузки объединены и дедуплицированы
домен;регистраций;депозитов;группа;конфигурация;день запуска;ключей в Т10;сотня;лучшая позиция;бренды;первое событие;последнее
1893.team;12;1;7page_1…_11 (партия 27.08);7 стр, ?;27.08;;;;pincox4 bandax2 kentx1 motorx1 farox1 leonx1;2026-08-28 10:15;2026-08-31 18:15
1947.team;6;0;NEW50_5_12pages_withdate_21.08;12 стр, с датами;архив;71;213;1;mellstroyx2 r7x1 1gox1 vodkax1 vulkanstarsx1;2026-08-22 09:15;2026-08-25 15:15
dwev.team;6;0;не опознан;—;?;;;;pincox2 trixx1 zoomax1 vulkanpobedax1 newretrox1;2026-08-23 10:15;2026-08-24 22:15
3096.team;5;1;NEW50_5_12pages_nodate_21.08;12 стр, без дат;архив;100;308;1;twinx2 cactusx1 luckybearx1 nomadx1;2026-08-24 03:15;2026-08-24 19:15
1682.team;4;0;не опознан;—;?;;;;1xbetx1 fonbetx1 mostbetx1 pincox1;2026-08-24 09:15;2026-08-25 14:15
1908.team;4;0;12pages_withdate · Theme1;12 стр, с датами;архив;130;368;1;luckybirdx1 spincityx1 sweetx1 twinx1;2026-08-21 15:15;2026-08-23 16:15
4629.team;4;0;Generator_C_novyy_img (nabor-165…169);? стр, —;26-27.08;0;11;20;pinupx2 mellstroyx1 pincox1;2026-08-28 17:15;2026-08-31 19:15
ogax.team;3;1;7page_3_1 (id 1006);7 стр, ?;27.08;;;;fugux1 irisx1 cactusx1;2026-08-28 14:15;2026-08-31 01:15
2951.team;3;0;Generator_11page_test · .com;11 стр, ?;31.08;19;63;2;martinx2 pincox1;2026-09-01 02:15;2026-09-01 13:15
4173.lol;3;0;NEW50_5_12pages_nodate_21.08;12 стр, без дат;архив;27;148;1;casinoxx1 olimpx1 fonbetx1;2026-08-24 02:15;2026-08-26 16:15
bsfg.team;3;0;NEW33_12pages_nodate+img_25.08;12 стр, без дат;26-27.08;17;80;1;luckybearx1 dragonmoneyx1 luckybirdx1;2026-08-27 15:15;2026-08-28 00:15
gnxb.team;3;0;Generator_11page_21.08 + Generator_11page_2_21.08;11 стр, —;архив;14;52;2;shufflex1 luckybirdx1 luckybearx1;2026-08-22 10:15;2026-08-25 01:15
gwrl.casino;3;0;NEW50_12pages_withdate_01.09_11…_17 · .casino;12 стр, с датами;01.09;17;92;1;kentx1 spintox1 1gox1;2026-09-02 19:15;2026-09-03 13:15
hjsf.team;3;0;7page_1…_11 (партия 27.08);7 стр, ?;27.08;;;;vulkanvegasx2 leonx1;2026-08-28 17:15;2026-08-30 05:15
reyn.team;3;0;NEW33_12pages_nodate+img_25.08;12 стр, без дат;26-27.08;9;47;5;metelitsax2 parimatchx1;2026-08-30 00:15;2026-08-31 22:15
1795.team;2;1;nabor-244…253 · .net;не прислано стр, ?;31.08;84;229;1;spintox1 vulkanvegasx1;2026-09-02 17:15;2026-09-03 09:15
5374.team;2;1;NEW50_5_7pages_nodate_21.08 _7…_17;7 стр, без дат;25-26.08;50;126;1;martinx2;2026-08-26 19:15;2026-08-27 14:15
fhqv.team;2;1;Generator_A_staryy_stil (nabor-155…159);? стр, —;26-27.08;31;99;1;vulkanmegax1 cactusx1;2026-08-28 11:15;2026-08-29 11:15
hzvq.lol;2;1;Наборы nabor-53…62;12 стр, —;архив;14;69;2;irwinx1 slotozalx1;2026-08-22 03:15;2026-08-23 14:15
2519.team;2;0;NEW33_12pages_nodate_25.08;12 стр, без дат;25-26.08;69;228;1;fontanx1 nomadx1;2026-08-27 00:15;2026-08-30 22:15
2568.team;2;0;NEW50_5_7pages_withdate_21.08;7 стр, с датами;архив;80;181;1;gamax2;2026-08-23 05:15;2026-08-24 02:15
2650.team;2;0;Generation 50;? стр, —;архив;0;5;30;vodkax1 fenixx1;2026-08-23 16:15;2026-08-24 01:15
2885.team;2;0;не опознан;—;?;;;;ezcashx1 moneyxx1;2026-08-31 22:15;2026-09-01 03:15
3457.team;2;0;Generator_11page_img_22.08_5;11 стр, —;архив;14;138;3;888starzx1 olympus-playx1;2026-08-24 14:15;2026-08-24 16:15
3592.team;2;0;старая база (до 19.08);?;до 19.08;;;;twinx1 evax1;2026-08-21 17:15;2026-08-31 22:15
3615.team;2;0;NEW17_img_withdate_26.08;? стр, с датами;26-27.08;4;31;5;jetx1 fenixx1;2026-08-27 18:15;2026-08-28 06:15
3628.team;2;0;Generator_11page_test · .com;11 стр, ?;31.08;36;96;1;everumx1 voltax1;2026-09-01 02:15;2026-09-01 09:15
3839.team;2;0;Старые аккаунты (nabor-149…153);12 стр, —;25-26.08;5;25;3;luckybirdx1 vivarox1;2026-08-26 14:15;2026-08-27 00:15
8573.lol;2;0;Generator_11page_NOimg_24.08;11 стр, —;24-25.08;0;9;40;olimpx2;2026-08-30 15:15;2026-08-30 21:15
blsr.team;2;0;NEW50_5_12pages_withdate_21.08;12 стр, с датами;архив;54;118;1;luckybirdx1 likex1;2026-08-22 20:15;2026-08-24 18:15
bnwk.casino;2;0;Generator_11page_21.08 + Generator_11page_2_21.08;11 стр, —;архив;28;88;2;pokerdomx1 cactusx1;2026-08-22 17:15;2026-08-25 15:15
bqvr.team;2;0;старая база (до 19.08);?;до 19.08;;;;spincityx1 mellstroyx1;2026-08-29 07:15;2026-08-31 02:15
m9tb.team;2;0;не опознан;—;?;;;;fragax1 shufflex1;2026-08-30 02:15;2026-08-31 14:15
smzk.lol;2;0;Generator_11page_21.08 + Generator_11page_2_21.08;11 стр, —;архив;3;45;6;apexx1 spincityx1;2026-08-22 07:15;2026-08-25 05:15
wlxr.team;2;0;NEW33_12pages_withdate+img_25.08;12 стр, с датами;26-27.08;16;62;2;arkadax1 martinx1;2026-08-29 22:15;2026-08-30 21:15
xdkr.team;2;0;Generation 50;? стр, —;архив;2;6;6;apexx2;2026-08-23 00:15;2026-08-23 22:15
4328.team;1;1;7page_1…_11 (партия 27.08);7 стр, ?;27.08;;;;millionx1;2026-08-28 13:15;2026-08-28 13:16
5726.team;1;1;не опознан;—;?;;;;trixx1;2026-08-22 07:15;2026-08-22 07:15
7065.team;1;1;NEW33_12pages_withdate+img_25.08;12 стр, с датами;26-27.08;7;17;5;r7x1;2026-08-28 17:15;2026-08-28 17:15
bztk.team;1;1;nabor-244…253 · .net;не прислано стр, ?;31.08;29;126;1;pinupx1;2026-09-01 13:15;2026-09-01 15:15
c5vt.team;1;1;Generator_11page_old_27.08;11 стр, ?;27.08;;;;luckybirdx1;2026-08-29 02:15;2026-08-29 02:15
cktw.team;1;1;не опознан;—;?;;;;cactusx1;2026-08-29 18:15;2026-08-29 18:15
fnpk.team;1;1;не опознан;—;?;;;;leonx1;2026-08-24 06:15;2026-08-24 06:15
0058.team;1;0;NEW33_12pages_nodate+img_25.08;12 стр, без дат;26-27.08;4;66;3;jvspinx1;2026-08-31 04:15;2026-08-31 04:15
1236.team;1;0;12pages_withdate · Theme1;12 стр, с датами;архив;9;61;3;enomox1;2026-08-22 13:15;2026-08-22 13:15
1305.team;1;0;Generator_11page_21.08 + Generator_11page_2_21.08;11 стр, —;архив;2;19;3;olimpx1;2026-08-23 19:15;2026-08-23 19:15
1520.team;1;0;NEW17_img_withdate_26.08;? стр, с датами;26-27.08;65;148;1;stakex1;2026-08-29 17:15;2026-08-29 17:15
1596.team;1;0;dorgen.net 12 page (наборы 28-32);12 стр, —;архив;10;91;2;tonplayx1;2026-08-22 00:15;2026-08-22 00:15
1749.team;1;0;Generator_11page_test · .com;11 стр, ?;31.08;18;55;2;trixx1;2026-09-01 01:15;2026-09-01 01:15
2214.team;1;0;NEW50_5_12pages_withdate_21.08;12 стр, с датами;архив;0;55;11;1xbetx1;2026-08-23 00:15;2026-08-23 00:15
2489.team;1;0;NEW33_12pages_nodate_25.08;12 стр, без дат;25-26.08;76;228;1;martinx1;2026-08-27 13:15;2026-08-27 13:15
2831.team;1;0;Generator_11page_img_22.08_5;11 стр, —;архив;2;47;5;pokerdomx1;2026-08-24 03:15;2026-08-24 03:15
3186.team;1;0;Generator_C_novyy_img (nabor-165…169);? стр, —;26-27.08;3;11;3;mostbetx1;2026-08-29 19:15;2026-08-29 19:15
3242.team;1;0;NEW50_2 · 7 страниц с датами · 02.09;7 стр, с датами;02.09;1;11;8;leonx1;2026-09-03 13:15;2026-09-03 13:15
3286.team;1;0;Generator_11page_NOimg_24.08;11 стр, —;24-25.08;11;35;2;olimpx1;2026-08-30 20:15;2026-08-30 20:15
3506.lol;1;0;NEW50_5_12pages_nodate_21.08;12 стр, без дат;архив;7;61;1;pokerdomx1;2026-08-25 14:15;2026-08-25 14:15
3719.team;1;0;Generator_11page_img_22.08_5;11 стр, —;архив;39;166;1;tonplayx1;2026-08-24 18:15;2026-08-24 18:15
3982.team;1;0;NEW50_5_7pages_withdate_21.08;7 стр, с датами;архив;31;87;1;fragax1;2026-08-24 11:15;2026-08-24 11:15
4085.team;1;0;12pages_nodate;12 стр, без дат;архив;1;31;1;mellstroyx1;2026-08-21 15:15;2026-08-21 15:15
4150.team;1;0;Generator_11page_img_24.08;11 стр, —;24-25.08;2;21;6;olimpx1;2026-08-25 06:15;2026-08-25 06:15
4235.team;1;0;NEW50_2 · 7 страниц с датами · 02.09;7 стр, с датами;02.09;20;135;2;roxx1;2026-09-03 04:15;2026-09-03 04:15
4527.team;1;0;NEW33_12pages_withdate_25.08;12 стр, с датами;25-26.08;38;143;1;winlinex1;2026-08-27 09:15;2026-08-27 09:15
4657.team;1;0;NEW33_12pages_withdate+img_25.08;12 стр, с датами;26-27.08;11;35;2;luckybearx1;2026-08-29 13:15;2026-08-29 13:15
5012.team;1;0;NEW17_NOimg_withdate_26.08;? стр, с датами;26-27.08;6;25;4;vulkanvegasx1;2026-08-29 18:15;2026-08-29 18:15
5113.team;1;0;NEW33_12pages_nodate+img_25.08;12 стр, без дат;26-27.08;0;23;18;irisx1;2026-08-29 17:15;2026-08-29 17:15
5297-4.casino;1;0;Generator_11page_21.08 + Generator_11page_2_21.08;11 стр, —;архив;2;25;6;martinx1;2026-08-23 00:15;2026-08-23 00:15
6881.team;1;0;Generator_11page_NOimg_25.08;11 стр, —;25-26.08;10;41;1;krakenx1;2026-08-27 13:15;2026-08-27 13:15
6902.team;1;0;не опознан;—;?;;;;lakix1;2026-08-25 06:15;2026-08-25 06:15
6977.team;1;0;Generator_11page_img_25.08;11 стр, —;25-26.08;15;81;2;leonx1;2026-08-27 07:15;2026-08-27 07:15
7395.lol;1;0;NEW50_2 · 12 страниц без дат · 02.09;12 стр, без дат;02.09;3;33;4;likex1;2026-09-03 12:15;2026-09-03 12:15
8616.team;1;0;NEW33_12pages_nodate+img_25.08;12 стр, без дат;26-27.08;0;0;;pinupx1;2026-08-29 09:15;2026-08-29 09:15
8825.team;1;0;Новые аккаунты (nabor-144…148);12 стр, —;25-26.08;11;72;3;mellstroyx1;2026-08-29 01:15;2026-08-29 01:15
9712.team;1;0;NEW33_12pages_nodate+img_25.08;12 стр, без дат;26-27.08;39;107;1;bitstarzx1;2026-08-27 17:15;2026-08-27 17:15
9957.team;1;0;NEW50_2 · 12 страниц с датами · 02.09;12 стр, с датами;02.09;9;46;2;zoomax1;2026-09-03 13:15;2026-09-03 13:15
9yp.team;1;0;не опознан;—;?;;;;leonx1;2026-09-01 00:15;2026-09-01 00:15
a3d.team;1;0;NEW33_12pages_nodate+img_25.08;12 стр, без дат;26-27.08;8;28;2;olympus-playx1;2026-08-29 17:15;2026-08-29 17:15
bkzm.team;1;0;не опознан;—;?;;;;onlybetsx1;2026-08-27 08:15;2026-08-27 08:15
bnkd.shop;1;0;NEW50_5_7pages_withdate_21.08;7 стр, с датами;архив;1;3;6;leonx1;2026-08-22 20:15;2026-08-22 20:15
c5tw.team;1;0;Generator_v5_19.08 (группа 5);7 стр, —;архив;2;9;5;vulkanvegasx1;2026-08-24 08:15;2026-08-24 08:15
cflw.team;1;0;Generator_A_staryy_stil (nabor-155…159);? стр, —;26-27.08;14;66;3;spintox1;2026-08-27 13:15;2026-08-27 13:15
cfpm.team;1;0;12pages_nodate;12 стр, без дат;архив;22;68;1;likex1;2026-08-22 00:15;2026-08-22 00:15
chrv.team;1;0;Вебмастера, блок 1 — СТАРЫЕ аккаунты;12 стр, —;24-25.08;22;84;2;fenixx1;2026-08-29 18:15;2026-08-29 18:15
dhkt.team;1;0;12pages_withdate · Theme2;12 стр, с датами;архив;4;25;7;olimpx1;2026-08-22 10:15;2026-08-22 10:15
dprz.team;1;0;7page_1…_11 (партия 27.08);7 стр, ?;27.08;;;;krakenx1;2026-08-31 21:15;2026-08-31 21:15
f2mw.team;1;0;Generation 50;? стр, —;архив;0;0;;1xbetx1;2026-08-22 21:15;2026-08-22 21:15
f5nv.team;1;0;NEW50_5_12pages_nodate_21.08;12 стр, без дат;архив;4;111;4;madx1;2026-08-25 01:15;2026-08-25 01:15
f7n.team;1;0;dorgen.net 12 page (наборы 28-32);12 стр, —;архив;5;54;3;nomadx1;2026-08-23 18:15;2026-08-23 18:15
fkrt.team;1;0;Наборы nabor-53…62;12 стр, —;архив;39;114;2;pincox1;2026-08-23 13:15;2026-08-23 13:15
fmwc.team;1;0;NEW50_5_12pages_nodate_21.08;12 стр, без дат;архив;35;219;1;shufflex1;2026-08-23 19:15;2026-08-23 19:15
g7qd.team;1;0;Generator_B2_novyy_bez_img (nabor-175…179);? стр, —;26-27.08;0;7;12;luckybirdx1;2026-08-27 13:15;2026-08-27 13:15
gjtz.team;1;0;Generator_A_staryy_stil (nabor-155…159);? стр, —;26-27.08;4;37;4;luckybirdx1;2026-08-29 04:15;2026-08-29 04:15
glhd.team;1;0;7page_1…_11 (партия 27.08);7 стр, ?;27.08;;;;olimpx1;2026-08-28 01:15;2026-08-28 01:15
gmhb.team;1;0;Generator_11page_test · .com;11 стр, ?;31.08;13;62;2;olympus-playx1;2026-09-01 01:15;2026-09-01 01:15
gwrn.team;1;0;не опознан;—;?;;;;dragonmoneyx1;2026-09-01 02:15;2026-09-01 02:15
j9cw.team;1;0;не опознан;—;?;;;;olimpx1;2026-08-30 18:15;2026-08-30 18:15
jlnd.team;1;0;Generator_B_novyy_bez_img (nabor-160…164);? стр, —;26-27.08;0;5;46;mellstroyx1;2026-08-28 23:15;2026-08-28 23:15
jqtz.team;1;0;Generator_11page_img_22.08_5;11 стр, —;архив;9;80;1;joycasinox1;2026-08-23 11:15;2026-08-23 11:15
k2n.team;1;0;7page_yandex (группа 1);7 стр, —;архив;8;52;2;jettonx1;2026-08-31 09:15;2026-08-31 09:15
k3f.team;1;0;не опознан;—;?;;;;jettonx1;2026-09-02 22:15;2026-09-02 22:15
k6m.team;1;0;Generator_11page_old_27.08;11 стр, ?;27.08;;;;shufflex1;2026-08-30 15:15;2026-08-30 15:15
kzvn.casino;1;0;не опознан;—;?;;;;olimpx1;2026-08-29 11:15;2026-08-29 11:15
ldtq.click;1;0;NEW50_5_7pages_nodate_21.08 _1…_6;7 стр, без дат;архив;27;107;1;monrox1;2026-08-24 00:15;2026-08-24 00:15
lmpt.team;1;0;не опознан;—;?;;;;olimpx1;2026-08-22 19:15;2026-08-22 19:15
m2vc.team;1;0;Generator_11page_21.08 + Generator_11page_2_21.08;11 стр, —;архив;1;9;7;maxlinex1;2026-08-22 07:15;2026-08-22 07:15
m5tv.store;1;0;Generator_11page_21.08 + Generator_11page_2_21.08;11 стр, —;архив;2;10;4;leonx1;2026-08-24 01:15;2026-08-24 01:15
mwpr.team;1;0;не опознан;—;?;;;;gizbox1;2026-08-25 15:15;2026-08-25 15:15
nchg.team;1;0;Вебмастера, блок 2 — НОВЫЕ аккаунты;12 стр, —;24-25.08;45;135;1;pinupx1;2026-08-26 20:15;2026-08-26 20:15
ndvk.team;1;0;NEW17_img_withdate_26.08;? стр, с датами;26-27.08;1;10;3;luckybirdx1;2026-08-28 13:15;2026-08-28 13:15
rtnm.team;1;0;старая база (до 19.08);?;до 19.08;;;;maxlinex1;2026-08-31 13:15;2026-08-31 13:15
s4zc.team;1;0;не опознан;—;?;;;;roxx1;2026-08-24 22:15;2026-08-24 22:15
s6wb.team;1;0;NEW17_NOimg_withdate_26.08;? стр, с датами;26-27.08;16;46;3;luckybirdx1;2026-08-28 01:15;2026-08-28 01:15
sfkk.team;1;0;Generator_11page_NOimg_25.08;11 стр, —;25-26.08;1;33;10;pinupx1;2026-08-26 14:15;2026-08-26 14:15
tghc.casino;1;0;NEW50_12pages_nodate_01.09 · .casino;12 стр, без дат;01.09;7;62;3;fenixx1;2026-09-03 07:15;2026-09-03 07:15
v5d.team;1;0;12pages_withdate · Theme2;12 стр, с датами;архив;6;54;2;spincityx1;2026-08-22 08:15;2026-08-22 08:15
vwkp.team;1;0;не опознан;—;?;;;;tonplayx1;2026-08-24 07:15;2026-08-24 07:15
wgmr.team;1;0;не опознан;—;?;;;;olimpx1;2026-08-23 16:15;2026-08-23 16:15
wgxx.team;1;0;NEW50_5_7pages_nodate_21.08 _7…_17;7 стр, без дат;25-26.08;2;20;3;winityx1;2026-08-26 14:15;2026-08-26 14:15
wknc.team;1;0;NEW50_5_7pages_nodate_21.08 _7…_17;7 стр, без дат;25-26.08;31;104;1;pinupx1;2026-08-27 03:15;2026-08-27 03:15
wnkr.casino;1;0;не опознан;—;?;;;;goodwinx1;2026-08-21 20:15;2026-08-21 20:15
y8db.team;1;0;Вебмастера, блок 1 — СТАРЫЕ аккаунты;12 стр, —;24-25.08;2;17;7;cactusx1;2026-08-27 20:15;2026-08-27 20:15
yandex.kz;1;0;не опознан;—;?;;;;Nonex1;2026-08-25 14:15;2026-08-25 14:15
