домен,день,зона,контент,сайтов,индекс,клики,рег,ФД
ploo.team,2026-09-15,team,content-2026-09-14c-12str-oform_2,206,41.7,4764,3,2
5779.team,2026-09-17,team,content-2026-09-15-7str-oform-1_43,206,18.9,513,3,1
k6x.team,2026-09-18,team,content-2026-09-17-7str-oform-2_42,150,52.7,1272,2,1
itym.team,2026-09-15,team,content-2026-09-14b-7str-oform-2_20,206,27.7,1964,2,1
0749.team,2026-09-15,team,content-2026-09-14c-7str-oform-2_3,206,26.7,1971,2,1
qucasino.team,2026-09-20,team,content-2026-09-17-7str-oform-2_28,206,,3439,2,1
l3c7.lol,2026-09-19,lol,content-2026-09-17b-7str-oform_25,206,,1217,2,1
5656.team,2026-09-21,team,content-2026-09-14b-7str-oform-1_19,150,,530,2,1
vecasino.lol,2026-09-15,lol,content-2026-09-14b-7str-oform-2_21,206,33.0,3819,1,1
1206.lol,2026-09-15,lol,content-2026-09-14c-7str-oform-1_22,206,29.6,1606,1,1
casinocr.lol,2026-09-16,lol,content-2026-09-14c-7str-oform-1_38,206,29.1,2007,1,1
7492.lol,2026-09-15,lol,content-2026-09-14c-7str-oform-2_2,206,23.3,2494,1,1
r6a3.lol,2026-09-15,lol,content-2026-09-14-7str-oform-9_3,206,20.4,273,1,1
5713.lol,2026-09-15,lol,content-2026-09-14c-7str-oform-2_13,206,16.5,215,1,1
2815.team,2026-09-17,team,content-2026-09-16-7str_23,206,16.5,148,1,1
6874.team,2026-09-16,team,content-2026-09-15-7str-oform-2_23,206,15.5,3639,1,1
3087.team,2026-09-17,team,nabory-601-610_2,206,11.7,806,1,1
2837.team,2026-09-15,team,content-2026-09-14b-7str-oform-2_37,206,11.2,583,1,1
ckcasino.lol,2026-09-20,lol,content-2026-09-17-7str-oform-1_34,206,,2490,1,1
8649.lol,2026-09-21,lol,content-2026-09-14-7str-oform-8_17,0,,0,1,1
imic.team,2026-09-15,team,content-2026-09-14c-7str-oform-2_17,206,36.9,1873,4,0
2600.team,2026-09-15,team,content-2026-09-14c-7str-oform-2_24,206,33.5,1294,3,0
4232.team,2026-09-15,team,content-2026-09-14c-7str-oform-1_36,206,24.8,2207,3,0
1530.team,2026-09-15,team,content-2026-09-14-7str-oform-9_39,206,19.9,1365,3,0
clyr.team,2026-09-21,team,content-2026-09-17-7str-oform-1_7,150,,0,3,0
itsr.team,2026-09-15,team,content-2026-09-14c-7str-oform-2_25,206,45.6,4903,2,0
casinobzb.team,2026-09-15,team,content-2026-09-14c-12str-oform_1,206,45.1,4462,2,0
2596.team,2026-09-18,team,content-2026-09-17-7str-oform-2_34,150,34.7,621,2,0
1978.lol,2026-09-17,lol,content-2026-09-16-7str_1,206,26.2,3629,2,0
ynr.team,2026-09-17,team,content-2026-09-15-7str-oform-1_23,206,23.3,626,2,0
fvqcasino.lol,2026-09-19,lol,nabory-621-630_2,206,,3769,2,0
ltfa.team,2026-09-21,team,content-2026-09-14b-7str-oform-1_22,150,,0,2,0
jsm.team,2026-09-21,team,content-2026-09-14b-7str-oform-1_15,150,,0,2,0
3785.lol,2026-09-18,lol,content-2026-09-17b-7str-oform_38,150,50.7,3129,1,0
levu.team,2026-09-17,team,content-2026-09-16-7str_21,206,43.7,1816,1,0
2756.lol,2026-09-18,lol,content-2026-09-17b-7str-oform_2,150,42.0,940,1,0
6200.team,2026-09-15,team,content-2026-09-14c-7str-oform-1_25,206,38.3,2731,1,0
xlqd.team,2026-09-15,team,content-2026-09-14c-7str-oform-2_14,206,34.0,3024,1,0
casinosz.lol,2026-09-16,lol,content-2026-09-15-7str-oform-2_48,206,33.5,2501,1,0
2385.lol,2026-09-18,lol,content-2026-09-17-7str-oform-2_38,150,32.0,660,1,0
aulcasino.team,2026-09-16,team,content-2026-09-14c-7str-oform-1_13,206,30.1,5313,1,0
2659.team,2026-09-15,team,content-2026-09-14c-7str-oform-2_23,206,30.1,3191,1,0
0558.lol,2026-09-15,lol,content-2026-09-14c-7str-oform-1_45,206,26.7,625,1,0
3709.team,2026-09-14,team,content-2026-09-14-12str-oform_8,206,25.7,386,1,0
casinok9.team,2026-09-18,team,content-2026-09-17-7str-oform-2_27,150,25.3,348,1,0
2544.team,2026-09-15,team,content-2026-09-14c-7str-oform-1_43,206,24.8,3763,1,0
9430.team,2026-09-15,team,content-2026-09-14c-7str-oform-1_31,206,23.3,3116,1,0
0860.team,2026-09-18,team,content-2026-09-17-7str-oform-2_8,150,23.3,2732,1,0
casino088.team,2026-09-15,team,content-2026-09-14c-7str-oform-2_31,206,23.3,2397,1,0
kogk.team,2026-09-16,team,nabory-555-564_styled_img_6,206,22.3,882,1,0
p4q8.lol,2026-09-16,lol,content-2026-09-14c-7str-oform-1_28,206,22.3,537,1,0
4118.team,2026-09-15,team,content-2026-09-14c-7str-oform-2_34,206,22.3,1119,1,0
3578.lol,2026-09-18,lol,content-2026-09-17-7str-oform-2_13,150,21.3,431,1,0
25casino.lol,2026-09-15,lol,content-2026-09-14c-7str-oform-2_7,206,20.4,715,1,0
3152.team,2026-09-16,team,content-2026-09-15-7str-oform-2_7,206,19.9,2186,1,0
2154.lol,2026-09-16,lol,content-2026-09-15-7str-oform-1_42,206,18.0,363,1,0
2159casino.team,2026-09-15,team,content-2026-09-14b-7str-oform-2_41,206,16.5,1206,1,0
5202.team,2026-09-16,team,content-2026-09-15-7str-oform-2_46,206,16.5,511,1,0
1014.lol,2026-09-15,lol,content-2026-09-14b-7str-oform-2_28,206,16.5,253,1,0
5226casino.lol,2026-09-16,lol,nabory-555-564_styled_img_2,206,15.0,1526,1,0
rdpo.lol,2026-09-16,lol,nabory-535-544_styled_img_1,206,14.6,222,1,0
7907.team,2026-09-16,team,nabory-555-564_styled_img_7,206,11.7,132,1,0
514casino.team,2026-09-17,team,nabory-601-610_4,206,11.2,1971,1,0
4982.team,2026-09-14,team,content-2026-09-14-12str-oform_9,206,10.7,151,1,0
6715.team,2026-09-15,team,content-2026-09-14b-7str-oform-2_48,206,10.7,62,1,0
6099.team,2026-09-18,team,content-2026-09-17-7str-oform-2_49,150,8.0,52,1,0
4497.lol,2026-09-18,lol,nabory-631-640_9,150,7.3,41,1,0
x2v4.lol,2026-09-14,lol,content-2026-09-12-7str-oform-3_1,206,4.9,22,1,0
8083.team,2026-09-15,team,content-2026-09-14-7str-oform-1_21,206,3.9,463,1,0
kicasino.team,2026-09-19,team,content-2026-09-17-7str-oform-2_56,206,,4557,1,0
v1t.team,2026-09-20,team,content-2026-09-17-7str-oform-2_32,206,,3297,1,0
casino792.lol,2026-09-20,lol,content-2026-09-17-7str-oform-1_28,206,,3330,1,0
iitm.team,2026-09-19,team,content-2026-09-17-7str-oform-2_52,206,,2932,1,0
hch.lol,2026-09-19,lol,content-2026-09-17-7str-oform-2_47,206,,2276,1,0
casinoasg.lol,2026-09-19,lol,nabory-621-630_4,206,,1888,1,0
6081.lol,2026-09-20,lol,content-2026-09-17-7str-oform-1_22,205,,685,1,0
ofhy.lol,2026-09-20,lol,content-2026-09-17-7str-oform-1_44,206,,268,1,0
7743casino.lol,2026-09-19,lol,content-2026-09-17-7str-oform-2_6,206,,297,1,0
wujcasino.lol,2026-09-20,lol,content-2026-09-17b-7str-oform_21,206,,168,1,0
j9x4.lol,2026-09-20,lol,nabory-651-660_5,206,,106,1,0
agcr.team,2026-09-21,team,content-2026-09-14b-7str-oform-1_11,150,,15,1,0
8590.lol,2026-09-19,lol,content-2026-09-17b-7str-oform_5,206,,11,1,0
h1g.team,2026-09-19,team,content-2026-09-17-7str-oform-2_55,206,,4689,1,0
casinooat.lol,2026-09-19,lol,nabory-631-640_1,206,,2119,1,0
vago.team,2026-09-20,team,content-2026-09-17-7str-oform-2_45,206,,1355,1,0
2749.team,2026-09-21,team,content-2026-09-17-7str-oform-1_1,150,,794,1,0
1244.lol,2026-09-20,lol,content-2026-09-17-7str-oform-1_27,206,,743,1,0
45casino.lol,2026-09-21,lol,content-2026-09-17-7str-oform-1_11,150,,124,1,0
8109.team,2026-09-21,team,content-2026-09-14b-7str-oform-1_20,150,,21,1,0
6147.team,2026-09-21,team,content-2026-09-17-7str-oform-1_6,150,,3,1,0
z6p5.lol,2026-09-21,lol,content-2026-09-14b-7str-oform-1_18,150,,0,1,0
6051.lol,2026-09-18,lol,content-2026-09-17b-7str-oform_27,0,,0,1,0
few.team,2026-09-22,team,content-2026-09-14b-7str-oform-1_1,0,,0,1,0
i9q.lol,2026-09-22,lol,nabory-661-669_3,0,,0,1,0
9749.team,2026-09-22,team,content-2026-09-21-7str-oform-3_29,0,,0,1,0
1503.lol,2026-09-22,lol,content-2026-09-21b-7str-2_45,0,,0,1,0
2551.team,2026-09-15,team,content-2026-09-14c-7str-oform-1_44,206,44.7,8388,0,0
2928.lol,2026-09-18,lol,content-2026-09-17b-7str-oform_26,150,39.3,775,0,0
casinog4.lol,2026-09-18,lol,nabory-621-630_3,150,38.7,601,0,0
casino45.lol,2026-09-18,lol,content-2026-09-17b-7str-oform_40,150,36.0,1357,0,0
bihl.lol,2026-09-18,lol,content-2026-09-17b-7str-oform_22,150,34.0,1824,0,0
o1l.team,2026-09-17,team,content-2026-09-16-12str_1,206,33.0,2389,0,0
3255.lol,2026-09-15,lol,content-2026-09-14c-7str-oform-2_9,206,32.5,2300,0,0
5649.lol,2026-09-18,lol,nabory-631-640_10,150,31.3,268,0,0
nmii.team,2026-09-16,team,content-2026-09-14c-7str-oform-1_24,206,31.1,1877,0,0
5155.team,2026-09-16,team,content-2026-09-15-7str-oform-1_48,206,31.1,1336,0,0
9031.team,2026-09-17,team,content-2026-09-16-7str_6,206,31.1,1114,0,0
2991.lol,2026-09-18,lol,content-2026-09-17b-7str-oform_33,150,30.7,309,0,0
csccasino.team,2026-09-15,team,content-2026-09-14b-7str-oform-2_29,206,30.6,2390,0,0
8130.team,2026-09-15,team,content-2026-09-14c-7str-oform-1_15,206,29.6,1775,0,0
aqqr.team,2026-09-16,team,nabory-535-544_styled_img_9,206,29.1,2176,0,0
fvso.lol,2026-09-16,lol,content-2026-09-14c-7str-oform-2_6,206,29.1,1693,0,0
zics.team,2026-09-16,team,content-2026-09-14c-7str-oform-1_4,206,28.6,2954,0,0
casinoxr.lol,2026-09-15,lol,content-2026-09-14b-7str-oform-2_31,206,28.2,2644,0,0
hkucasino.team,2026-09-18,team,content-2026-09-16-7str_3,150,28.0,5628,0,0
3442.lol,2026-09-18,lol,nabory-621-630_5,150,28.0,716,0,0
1558.lol,2026-09-18,lol,content-2026-09-17b-7str-oform_35,150,27.3,260,0,0
588casino.lol,2026-09-15,lol,content-2026-09-14c-7str-oform-1_35,206,27.2,696,0,0
6578.lol,2026-09-18,lol,content-2026-09-17b-7str-oform_10,206,26.7,802,0,0
d5r.team,2026-09-15,team,content-2026-09-14b-7str-oform-2_18,206,26.7,454,0,0
w1l4.team,2026-09-16,team,content-2026-09-14c-7str-oform-1_26,206,25.7,1821,0,0
2211.team,2026-09-15,team,content-2026-09-14c-7str-oform-2_1,206,25.7,1019,0,0
casinorca.team,2026-09-17,team,content-2026-09-14b-7str-oform-1_43,206,25.7,862,0,0
46casino.lol,2026-09-15,lol,content-2026-09-14c-7str-oform-1_23,206,25.7,274,0,0
5988.team,2026-09-18,team,content-2026-09-17-7str-oform-2_35,150,25.3,328,0,0
1980.lol,2026-09-17,lol,content-2026-09-14b-7str-oform-1_50,206,25.2,2314,0,0
3479.team,2026-09-15,team,content-2026-09-14b-7str-oform-2_24,206,25.2,1603,0,0
1831.lol,2026-09-15,lol,content-2026-09-14c-7str-oform-2_27,206,24.8,4070,0,0
2388.team,2026-09-15,team,content-2026-09-14c-12str-oform_3,206,24.3,3403,0,0
678casino.team,2026-09-15,team,content-2026-09-14b-7str-oform-2_19,206,24.3,669,0,0
3665.lol,2026-09-16,lol,content-2026-09-15-7str-oform-2_4,206,24.3,372,0,0
casino3416.team,2026-09-14,team,content-2026-09-14-12str-oform_11,206,23.8,1097,0,0
casinonb.lol,2026-09-17,lol,content-2026-09-16-7str_25,206,23.8,1519,0,0
0760.team,2026-09-15,team,content-2026-09-14c-7str-oform-2_22,206,23.8,820,0,0
casinor4.lol,2026-09-14,lol,content-2026-09-14-12str-oform_2,206,23.8,345,0,0
casino4420.lol,2026-09-16,lol,content-2026-09-14c-7str-oform-2_8,206,23.3,5730,0,0
0938.team,2026-09-15,team,content-2026-09-14c-7str-oform-2_42,206,23.3,1857,0,0
casino27.team,2026-09-16,team,content-2026-09-14c-7str-oform-1_33,206,23.3,1630,0,0
casinoez.team,2026-09-15,team,content-2026-09-14c-7str-oform-2_38,206,23.3,792,0,0
1794.lol,2026-09-18,lol,nabory-621-630_10,150,23.3,420,0,0
1274.lol,2026-09-16,lol,content-2026-09-15-7str-oform-2_35,206,23.3,315,0,0
fhml.lol,2026-09-18,lol,nabory-621-630_8,150,23.3,309,0,0
9412.team,2026-09-16,team,nabory-565-580_12,205,22.9,768,0,0
1792.lol,2026-09-15,lol,content-2026-09-14c-7str-oform-1_21,206,22.8,810,0,0
casinoucp.lol,2026-09-14,lol,content-2026-09-14-12str-oform_5,206,22.8,811,0,0
casinodqt.lol,2026-09-16,lol,content-2026-09-14c-7str-oform-1_12,206,22.8,647,0,0
2514.team,2026-09-16,team,nabory-555-564_styled_img_8,206,22.8,508,0,0
mfmj.lol,2026-09-16,lol,nabory-545-554_styled_img_8,206,22.3,1684,0,0
538casino.team,2026-09-17,team,content-2026-09-16-7str_11,206,22.3,1106,0,0
casinorj.lol,2026-09-15,lol,content-2026-09-14c-7str-oform-2_33,206,22.3,793,0,0
jflj.team,2026-09-17,team,content-2026-09-15-7str-oform-1_4,206,22.3,493,0,0
4333.lol,2026-09-18,lol,content-2026-09-17b-7str-oform_23,150,22.0,222,0,0
4092.team,2026-09-15,team,content-2026-09-14c-7str-oform-1_39,206,21.8,2507,0,0
4269casino.team,2026-09-15,team,content-2026-09-14c-7str-oform-1_16,206,21.8,357,0,0
casinogsl.lol,2026-09-14,lol,content-2026-09-14-12str-oform_6,206,21.8,331,0,0
kccasino.team,2026-09-16,team,content-2026-09-15-7str-oform-2_38,206,21.4,2355,0,0
2245.team,2026-09-16,team,content-2026-09-15-7str-oform-1_50,206,21.4,1550,0,0
5442.lol,2026-09-16,lol,nabory-535-544_styled_img_3,206,21.4,900,0,0
cyfd.team,2026-09-15,team,content-2026-09-14c-7str-oform-2_16,206,21.4,401,0,0
7983.team,2026-09-17,team,content-2026-09-14b-7str-oform-1_36,206,21.4,364,0,0
wfcasino.team,2026-09-16,team,content-2026-09-15-7str-oform-2_47,206,21.4,306,0,0
t2h6.team,2026-09-16,team,content-2026-09-14c-7str-oform-1_9,206,21.4,235,0,0
2966.lol,2026-09-18,lol,content-2026-09-17b-7str-oform_36,150,21.3,541,0,0
casinobl.lol,2026-09-16,lol,nabory-535-544_styled_img_4,206,20.9,3194,0,0
3305.lol,2026-09-16,lol,nabory-545-554_styled_img_2,206,20.9,3063,0,0
casinox1.lol,2026-09-16,lol,content-2026-09-14c-7str-oform-1_40,206,20.9,1103,0,0
7966.lol,2026-09-16,lol,content-2026-09-15-7str-oform-2_16,206,20.9,890,0,0
85casino.team,2026-09-15,team,content-2026-09-14c-7str-oform-2_35,206,20.9,555,0,0
czfe.lol,2026-09-18,lol,content-2026-09-17b-7str-oform_1,150,20.7,141,0,0
3663.team,2026-09-16,team,nabory-555-564_styled_img_4,206,20.4,527,0,0
0786.team,2026-09-15,team,content-2026-09-14-7str-oform-9_33,206,20.4,258,0,0
dyxo.lol,2026-09-18,lol,content-2026-09-17-7str-oform-2_4,150,20.0,301,0,0
btum.team,2026-09-18,team,content-2026-09-17-7str-oform-2_46,150,20.0,167,0,0
s2f.lol,2026-09-16,lol,nabory-545-554_styled_img_6,206,19.9,1446,0,0
8838.lol,2026-09-16,lol,content-2026-09-14c-7str-oform-1_3,206,19.9,674,0,0
qpcasino.lol,2026-09-16,lol,content-2026-09-15-7str-oform-2_31,206,19.9,662,0,0
g5c3.lol,2026-09-15,lol,content-2026-09-14b-7str-oform-2_25,206,19.9,462,0,0
9456.lol,2026-09-14,lol,content-2026-09-14-12str-oform_3,206,19.9,410,0,0
casinobwf.team,2026-09-16,team,content-2026-09-14c-7str-oform-1_17,206,19.4,2355,0,0
59casino.team,2026-09-15,team,content-2026-09-14-7str-oform-9_20,206,19.4,552,0,0
8792.lol,2026-09-15,lol,content-2026-09-14c-7str-oform-2_19,206,19.4,308,0,0
casinonw.team,2026-09-17,team,content-2026-09-14b-7str-oform-2_11,206,18.9,605,0,0
8510.team,2026-09-15,team,content-2026-09-14c-7str-oform-1_20,206,18.9,400,0,0
casino6166.team,2026-09-16,team,content-2026-09-14c-7str-oform-1_8,206,18.4,2923,0,0
hnur.team,2026-09-15,team,content-2026-09-14c-7str-oform-2_29,206,18.4,1542,0,0
gzb.lol,2026-09-16,lol,content-2026-09-14c-7str-oform-2_10,206,18.4,748,0,0
cpcasino.lol,2026-09-15,lol,content-2026-09-14-7str-oform-8_28,206,18.4,444,0,0
0964.lol,2026-09-15,lol,content-2026-09-14c-7str-oform-2_36,206,18.4,423,0,0
4691.lol,2026-09-14,lol,content-2026-09-14-12str-oform_4,206,18.4,418,0,0
w7o3.team,2026-09-16,team,content-2026-09-15-7str-oform-2_11,206,18.4,225,0,0
7957.lol,2026-09-18,lol,content-2026-09-17-7str-oform-2_24,150,18.0,2627,0,0
4773.lol,2026-09-15,lol,content-2026-09-14c-7str-oform-2_44,206,18.0,1627,0,0
2198.lol,2026-09-16,lol,nabory-555-564_styled_img_9,206,18.0,1443,0,0
3833.lol,2026-09-15,lol,content-2026-09-14c-7str-oform-1_41,206,18.0,1230,0,0
nffn.team,2026-09-15,team,content-2026-09-14b-7str-oform-2_44,206,18.0,602,0,0
casino5341.lol,2026-09-17,lol,content-2026-09-14b-7str-oform-1_35,206,18.0,489,0,0
k2x1.lol,2026-09-18,lol,nabory-621-630_6,150,18.0,409,0,0
2974.team,2026-09-16,team,content-2026-09-15-7str-oform-2_33,206,17.5,3313,0,0
dsrt.team,2026-09-16,team,content-2026-09-15-7str-oform-2_30,206,17.5,941,0,0
casinodx.team,2026-09-16,team,nabory-565-580_8,206,17.5,817,0,0
ymrb.team,2026-09-16,team,content-2026-09-14c-7str-oform-1_1,206,17.5,434,0,0
5420.team,2026-09-17,team,content-2026-09-16-7str_24,206,17.5,180,0,0
casinoi0.team,2026-09-16,team,content-2026-09-14c-7str-oform-1_6,206,17.5,155,0,0
ttbz.team,2026-09-15,team,content-2026-09-14b-7str-oform-2_51,206,17.5,104,0,0
1578.lol,2026-09-18,lol,content-2026-09-17b-7str-oform_24,150,17.3,190,0,0
dwyv.team,2026-09-16,team,content-2026-09-14b-7str-oform-2_17,206,17.0,1626,0,0
diii.team,2026-09-15,team,content-2026-09-14b-7str-oform-2_30,206,17.0,723,0,0
8531.team,2026-09-15,team,content-2026-09-14b-7str-oform-2_50,206,17.0,510,0,0
nrcasino.team,2026-09-16,team,nabory-565-580_9,206,17.0,619,0,0
7516casino.team,2026-09-15,team,content-2026-09-14c-7str-oform-1_7,206,17.0,457,0,0
jqcasino.team,2026-09-15,team,content-2026-09-14-7str-oform-9_30,206,17.0,412,0,0
hsrk.lol,2026-09-16,lol,content-2026-09-14c-7str-oform-1_27,206,17.0,457,0,0
iuic.team,2026-09-17,team,content-2026-09-14b-7str-oform-2_9,206,17.0,395,0,0
wkdp.lol,2026-09-15,lol,content-2026-09-14c-7str-oform-2_12,206,17.0,177,0,0
2272.team,2026-09-17,team,content-2026-09-16-7str_37,206,17.0,289,0,0
3453.team,2026-09-15,team,content-2026-09-14c-7str-oform-1_34,206,17.0,224,0,0
h1s.lol,2026-09-17,lol,content-2026-09-16-7str_31,206,17.0,169,0,0
1806.lol,2026-09-18,lol,content-2026-09-17-7str-oform-2_54,150,16.7,675,0,0
rxdu.lol,2026-09-18,lol,nabory-621-630_1,150,16.7,165,0,0
casino6204.team,2026-09-16,team,content-2026-09-14c-7str-oform-1_14,206,16.5,3941,0,0
b6t.lol,2026-09-16,lol,content-2026-09-15-7str-oform-2_1,206,16.5,2773,0,0
3616.lol,2026-09-16,lol,content-2026-09-15-7str-oform-2_17,206,16.5,811,0,0
4860.team,2026-09-15,team,content-2026-09-14-7str-oform-9_35,206,16.5,469,0,0
cztz.team,2026-09-16,team,nabory-565-580_7,206,16.5,435,0,0
daoi.lol,2026-09-16,lol,nabory-535-544_styled_img_10,206,16.5,388,0,0
7663.lol,2026-09-15,lol,content-2026-09-14c-7str-oform-2_43,206,16.5,310,0,0
7311.team,2026-09-15,team,content-2026-09-14c-7str-oform-2_20,206,16.5,237,0,0
8459.lol,2026-09-15,lol,content-2026-09-14c-7str-oform-1_29,206,16.5,288,0,0
3294casino.team,2026-09-15,team,content-2026-09-14b-7str-oform-2_22,206,16.5,274,0,0
6166.lol,2026-09-15,lol,content-2026-09-14c-7str-oform-1_42,206,16.5,151,0,0
9836.team,2026-09-15,team,content-2026-09-14-7str-oform-9_11,206,16.5,140,0,0
bzcasino.team,2026-09-17,team,content-2026-09-16-7str_20,206,16.0,1496,0,0
8736.team,2026-09-17,team,nabory-591-600_10,206,16.0,1270,0,0
0291.lol,2026-09-16,lol,content-2026-09-14b-7str-oform-2_12,206,16.0,917,0,0
50casino.team,2026-09-15,team,content-2026-09-14c-7str-oform-2_41,206,16.0,807,0,0
5653.lol,2026-09-16,lol,nabory-555-564_styled_img_3,206,16.0,411,0,0
6399.team,2026-09-17,team,nabory-581-590_7,206,16.0,422,0,0
5027.lol,2026-09-17,lol,content-2026-09-14b-7str-oform-2_2,206,16.0,341,0,0
y3z5.team,2026-09-17,team,content-2026-09-16-7str_39,206,16.0,338,0,0
y6o.lol,2026-09-15,lol,content-2026-09-14c-7str-oform-2_30,206,16.0,236,0,0
2593.lol,2026-09-15,lol,content-2026-09-14c-7str-oform-1_32,206,16.0,245,0,0
casinorty.lol,2026-09-15,lol,content-2026-09-14-7str-oform-1_4,206,16.0,197,0,0
wgcasino.team,2026-09-15,team,content-2026-09-14c-12str-oform_4,206,15.5,2382,0,0
opue.team,2026-09-17,team,content-2026-09-16-7str_29,206,15.5,992,0,0
xwmcasino.team,2026-09-16,team,content-2026-09-14c-7str-oform-1_5,206,15.5,713,0,0
ngxo.team,2026-09-15,team,content-2026-09-14c-7str-oform-2_18,206,15.5,555,0,0
casinofgp.lol,2026-09-15,lol,content-2026-09-14-7str-oform-8_26,206,15.5,544,0,0
5628.team,2026-09-17,team,content-2026-09-14b-7str-oform-1_40,206,15.5,361,0,0
jnpz.lol,2026-09-17,lol,content-2026-09-14b-7str-oform-1_47,206,15.5,321,0,0
7888.team,2026-09-16,team,nabory-535-544_styled_img_8,206,15.5,264,0,0
7213.lol,2026-09-18,lol,content-2026-09-17b-7str-oform_6,206,15.5,278,0,0
7817.team,2026-09-17,team,content-2026-09-16-7str_28,206,15.5,141,0,0
7574.lol,2026-09-16,lol,nabory-565-580_6,206,15.5,120,0,0
casinozr.lol,2026-09-18,lol,content-2026-09-14b-7str-oform-1_38,150,15.3,535,0,0
2669.lol,2026-09-18,lol,content-2026-09-17-7str-oform-2_44,150,15.3,167,0,0
8648.lol,2026-09-16,lol,content-2026-09-15-7str-oform-2_50,206,15.0,4006,0,0
3129.team,2026-09-17,team,nabory-591-600_8,206,15.0,2945,0,0
8334.lol,2026-09-15,lol,content-2026-09-14c-7str-oform-2_4,206,15.0,1756,0,0
37casino.lol,2026-09-16,lol,content-2026-09-15-7str-oform-2_49,206,15.0,1317,0,0
moqcasino.lol,2026-09-16,lol,content-2026-09-15-7str-oform-2_42,206,15.0,703,0,0
713casino.team,2026-09-16,team,content-2026-09-15-7str-oform-2_29,206,15.0,625,0,0
3789.team,2026-09-15,team,content-2026-09-14-7str-oform-9_36,206,15.0,466,0,0
lbpy.team,2026-09-14,team,content-2026-09-14-12str-oform_13,206,15.0,297,0,0
684casino.lol,2026-09-16,lol,nabory-545-554_styled_img_1,206,15.0,345,0,0
kztt.lol,2026-09-15,lol,content-2026-09-14c-7str-oform-2_37,206,15.0,165,0,0
casinoaa.lol,2026-09-18,lol,content-2026-09-17-7str-oform-2_36,150,14.7,78,0,0
1734.lol,2026-09-16,lol,nabory-535-544_styled_img_2,206,14.6,1057,0,0
casino624.lol,2026-09-16,lol,nabory-565-580_3,206,14.6,753,0,0
5347.lol,2026-09-17,lol,content-2026-09-16-12str_3,206,14.6,451,0,0
jfgcasino.team,2026-09-16,team,nabory-565-580_15,206,14.6,407,0,0
0346.lol,2026-09-17,lol,content-2026-09-15-7str-oform-1_22,206,14.6,237,0,0
iqcasino.team,2026-09-16,team,content-2026-09-14c-7str-oform-1_19,206,14.6,192,0,0
7790.team,2026-09-15,team,content-2026-09-14-7str-oform-9_28,206,14.6,118,0,0
7371.lol,2026-09-16,lol,content-2026-09-14b-7str-oform-2_13,206,14.1,1229,0,0
lwqm.team,2026-09-15,team,content-2026-09-14b-7str-oform-2_39,206,14.1,754,0,0
3520.team,2026-09-16,team,nabory-565-580_11,206,14.1,529,0,0
zlxm.team,2026-09-15,team,content-2026-09-14-7str-oform-9_32,206,14.1,393,0,0
3774.team,2026-09-16,team,content-2026-09-15-7str-oform-2_32,206,14.1,300,0,0
566casino.team,2026-09-15,team,content-2026-09-14b-7str-oform-2_38,206,14.1,161,0,0
9825.lol,2026-09-16,lol,content-2026-09-15-7str-oform-2_41,206,14.1,190,0,0
4954.team,2026-09-15,team,content-2026-09-14b-7str-oform-2_27,206,14.1,109,0,0
casinoun.lol,2026-09-18,lol,content-2026-09-17-7str-oform-2_10,150,14.0,366,0,0
tbvi.lol,2026-09-18,lol,content-2026-09-17b-7str-oform_11,150,14.0,73,0,0
0783.lol,2026-09-14,lol,content-2026-09-14-12str-oform_1,206,13.6,669,0,0
1523.lol,2026-09-15,lol,content-2026-09-14c-7str-oform-1_37,206,13.6,614,0,0
w9i2.lol,2026-09-16,lol,nabory-545-554_styled_img_4,206,13.6,803,0,0
o3d.team,2026-09-15,team,content-2026-09-14-7str-oform-9_34,206,13.6,714,0,0
5255.lol,2026-09-17,lol,content-2026-09-16-7str_14,206,13.6,579,0,0
0318.team,2026-09-16,team,content-2026-09-15-7str-oform-2_5,206,13.6,406,0,0
sclw.lol,2026-09-15,lol,content-2026-09-14c-7str-oform-2_11,206,13.6,419,0,0
casino00.team,2026-09-15,team,content-2026-09-14-7str-oform-1_19,206,13.6,404,0,0
6834.lol,2026-09-15,lol,content-2026-09-14c-7str-oform-2_5,206,13.6,316,0,0
2063.team,2026-09-16,team,content-2026-09-15-7str-oform-2_26,206,13.6,340,0,0
3081.team,2026-09-15,team,content-2026-09-14b-7str-oform-2_42,206,13.6,255,0,0
76casino.team,2026-09-14,team,content-2026-09-14-7str-oform-8_50,206,13.6,152,0,0
f8t4.team,2026-09-14,team,content-2026-09-14-7str-oform-8_43,206,13.6,79,0,0
0343.lol,2026-09-15,lol,content-2026-09-14c-7str-oform-2_32,206,13.6,98,0,0
5652.team,2026-09-14,team,content-2026-09-14-7str-oform-8_44,206,13.6,90,0,0
oxin.lol,2026-09-15,lol,content-2026-09-14-7str-oform-8_35,206,13.1,1006,0,0
5772.team,2026-09-17,team,content-2026-09-16-12str_4,206,13.1,461,0,0
4110.team,2026-09-15,team,content-2026-09-14c-7str-oform-2_40,206,13.1,379,0,0
0079.lol,2026-09-17,lol,nabory-601-610_7,206,13.1,361,0,0
s7w.lol,2026-09-16,lol,nabory-545-554_styled_img_9,206,13.1,321,0,0
wxvb.team,2026-09-16,team,content-2026-09-15-7str-oform-2_10,206,13.1,323,0,0
8095.team,2026-09-16,team,content-2026-09-15-7str-oform-2_28,206,13.1,277,0,0
casinole.lol,2026-09-17,lol,nabory-611-620_8,206,13.1,294,0,0
0332casino.team,2026-09-16,team,nabory-555-564_styled_img_5,206,13.1,238,0,0
2404.lol,2026-09-15,lol,content-2026-09-14b-7str-oform-2_23,206,13.1,177,0,0
casinos9.team,2026-09-15,team,nabory-515-524_styled_img_5,206,12.6,628,0,0
casino862.lol,2026-09-16,lol,nabory-565-580_14,206,12.6,1463,0,0
6100.lol,2026-09-17,lol,content-2026-09-16-7str_4,206,12.6,1428,0,0
k6r.team,2026-09-16,team,content-2026-09-15-7str-oform-2_8,206,12.6,364,0,0
499casino.team,2026-09-16,team,content-2026-09-15-7str-oform-2_37,206,12.6,377,0,0
8391.team,2026-09-17,team,nabory-591-600_5,206,12.6,370,0,0
fjuw.lol,2026-09-15,lol,content-2026-09-14-7str-oform-9_2,206,12.6,227,0,0
8763.lol,2026-09-17,lol,content-2026-09-15-7str-oform-1_38,206,12.6,229,0,0
1543.lol,2026-09-16,lol,nabory-545-554_styled_img_3,206,12.6,220,0,0
lvcasino.lol,2026-09-17,lol,content-2026-09-16-7str_32,206,12.6,205,0,0
casino72.team,2026-09-16,team,content-2026-09-14c-7str-oform-1_2,206,12.6,180,0,0
ykvm.team,2026-09-14,team,content-2026-09-14-12str-oform_10,206,12.6,149,0,0
yciu.lol,2026-09-17,lol,content-2026-09-16-7str_42,206,12.6,165,0,0
7316.team,2026-09-17,team,nabory-611-620_9,206,12.6,130,0,0
9131.lol,2026-09-15,lol,content-2026-09-14-7str-oform-1_3,206,12.6,75,0,0
m3o.team,2026-09-17,team,content-2026-09-15-12str-oform_1,206,12.6,100,0,0
5751.lol,2026-09-16,lol,nabory-565-580_2,206,12.1,873,0,0
casinosw.team,2026-09-17,team,content-2026-09-15-7str-oform-1_40,206,12.1,747,0,0
casinob4.team,2026-09-16,team,content-2026-09-14b-7str-oform-2_15,206,12.1,548,0,0
1018.lol,2026-09-17,lol,content-2026-09-15-7str-oform-1_11,206,12.1,561,0,0
casinoni.lol,2026-09-17,lol,content-2026-09-14b-7str-oform-1_42,206,12.1,487,0,0
gvgcasino.team,2026-09-16,team,content-2026-09-15-7str-oform-2_21,206,12.1,339,0,0
3343.lol,2026-09-15,lol,content-2026-09-14c-7str-oform-2_39,206,12.1,235,0,0
k3b5.team,2026-09-15,team,content-2026-09-14b-7str-oform-2_34,206,12.1,113,0,0
casino160.lol,2026-09-14,lol,content-2026-09-14-7str-oform-8_42,206,12.1,98,0,0
1186.lol,2026-09-17,lol,nabory-611-620_6,206,12.1,138,0,0
casinojq.team,2026-09-14,team,content-2026-09-14-7str-oform-8_46,206,12.1,81,0,0
casinoxn.lol,2026-09-18,lol,content-2026-09-17-7str-oform-2_41,150,12.0,91,0,0
3523.lol,2026-09-18,lol,content-2026-09-17-7str-oform-2_9,150,12.0,49,0,0
669casino.lol,2026-09-16,lol,content-2026-09-15-7str-oform-2_6,206,11.7,2762,0,0
casino9923.team,2026-09-16,team,content-2026-09-14c-7str-oform-1_30,206,11.7,664,0,0
casinov6.lol,2026-09-16,lol,nabory-545-554_styled_img_10,94,11.7,388,0,0
ujvcasino.team,2026-09-17,team,content-2026-09-15-7str-oform-1_46,206,11.7,368,0,0
xxhcasino.team,2026-09-15,team,content-2026-09-14b-7str-oform-2_46,206,11.7,307,0,0
5863.team,2026-09-17,team,content-2026-09-16-7str_34,206,11.7,305,0,0
zkmt.lol,2026-09-17,lol,content-2026-09-15-7str-oform-1_30,206,11.7,240,0,0
casino4761.team,2026-09-17,team,content-2026-09-15-7str-oform-1_32,205,11.7,202,0,0
casino63.team,2026-09-15,team,content-2026-09-14-7str-oform-9_26,206,11.7,126,0,0
0196.team,2026-09-17,team,nabory-591-600_1,206,11.7,135,0,0
8995.team,2026-09-14,team,content-2026-09-14-12str-oform_7,206,11.7,80,0,0
y6u3.lol,2026-09-16,lol,content-2026-09-15-7str-oform-2_19,206,11.7,69,0,0
6806.lol,2026-09-18,lol,content-2026-09-17-7str-oform-2_43,150,11.3,1344,0,0
hlfa.lol,2026-09-18,lol,content-2026-09-16-7str_8,150,11.3,439,0,0
dbcasino.lol,2026-09-18,lol,content-2026-09-17-7str-oform-2_17,150,11.3,124,0,0
casinoaun.lol,2026-09-16,lol,nabory-555-564_styled_img_1,206,11.2,1044,0,0
ccrcasino.lol,2026-09-16,lol,content-2026-09-15-7str-oform-2_15,206,11.2,648,0,0
6691.lol,2026-09-17,lol,content-2026-09-15-7str-oform-1_2,206,11.2,595,0,0
yjim.team,2026-09-17,team,content-2026-09-14b-7str-oform-1_44,206,11.2,600,0,0
3472.team,2026-09-16,team,content-2026-09-15-7str-oform-2_3,206,11.2,438,0,0
bepcasino.team,2026-09-17,team,nabory-581-590_8,206,11.2,441,0,0
2473.lol,2026-09-16,lol,content-2026-09-15-7str-oform-2_45,206,11.2,365,0,0
casinofg.team,2026-09-17,team,content-2026-09-14b-7str-oform-1_31,206,11.2,388,0,0
6390.lol,2026-09-14,lol,content-2026-09-14-7str-oform-8_37,206,11.2,153,0,0
5228.lol,2026-09-17,lol,nabory-601-610_9,206,11.2,309,0,0
s8e.lol,2026-09-17,lol,content-2026-09-15-7str-oform-1_20,206,11.2,190,0,0
casinoc8.team,2026-09-16,team,content-2026-09-15-7str-oform-2_9,206,11.2,165,0,0
7497.team,2026-09-15,team,content-2026-09-14b-7str-oform-2_26,206,10.7,2695,0,0
4421.lol,2026-09-17,lol,nabory-581-590_10,150,10.7,600,0,0
dkwq.team,2026-09-15,team,content-2026-09-14c-7str-oform-2_26,206,10.7,335,0,0
8625.team,2026-09-16,team,content-2026-09-15-7str-oform-2_36,206,10.7,274,0,0
3318.team,2026-09-15,team,nabory-525-534_styled_img_2,206,10.7,101,0,0
3533.team,2026-09-16,team,nabory-581-590_4,206,10.7,124,0,0
d4n.lol,2026-09-16,lol,content-2026-09-14b-7str-oform-2_14,206,10.7,69,0,0
9747.team,2026-09-17,team,content-2026-09-16-7str_18,206,10.7,67,0,0
casinozzx.team,2026-09-15,team,nabory-515-524_styled_img_2,206,10.2,903,0,0
8077.team,2026-09-17,team,content-2026-09-14b-7str-oform-1_39,206,10.2,769,0,0
8414.team,2026-09-15,team,content-2026-09-14c-7str-oform-2_21,206,10.2,503,0,0
nztj.team,2026-09-17,team,content-2026-09-16-7str_38,206,10.2,356,0,0
casinomol.lol,2026-09-17,lol,content-2026-09-15-7str-oform-1_3,206,10.2,276,0,0
vafe.team,2026-09-17,team,content-2026-09-14b-7str-oform-2_5,206,10.2,219,0,0
9814.team,2026-09-15,team,content-2026-09-14b-7str-oform-2_43,206,10.2,186,0,0
hhsw.team,2026-09-16,team,content-2026-09-14c-7str-oform-1_11,206,10.2,193,0,0
m3e.lol,2026-09-15,lol,content-2026-09-14-7str-oform-8_25,206,10.2,127,0,0
2233.team,2026-09-14,team,nabory-515-524_styled_img_1,206,10.2,95,0,0
9058.team,2026-09-17,team,content-2026-09-16-7str_9,206,10.2,86,0,0
casinobqy.team,2026-09-15,team,nabory-515-524_styled_img_4,206,10.2,63,0,0
tzeq.lol,2026-09-17,lol,content-2026-09-15-7str-oform-1_28,206,10.2,70,0,0
t8z9.lol,2026-09-18,lol,content-2026-09-17-7str-oform-2_21,150,10.0,24,0,0
6804.team,2026-09-16,team,nabory-565-580_5,206,9.7,1348,0,0
e1h3.team,2026-09-15,team,content-2026-09-14c-7str-oform-2_15,206,9.7,793,0,0
casinoja.team,2026-09-16,team,content-2026-09-15-7str-oform-2_44,206,9.7,292,0,0
qlhc.lol,2026-09-15,lol,content-2026-09-14c-7str-oform-2_28,206,9.7,116,0,0
4705.lol,2026-09-18,lol,content-2026-09-17-7str-oform-2_12,150,9.3,177,0,0
3134.team,2026-09-16,team,content-2026-09-15-7str-oform-1_45,206,9.2,2103,0,0
yaid.team,2026-09-17,team,content-2026-09-15-7str-oform-1_31,206,9.2,826,0,0
2429.lol,2026-09-17,lol,nabory-591-600_3,206,9.2,550,0,0
yadn.lol,2026-09-15,lol,content-2026-09-14-7str-oform-9_4,206,9.2,323,0,0
casino705.lol,2026-09-16,lol,nabory-545-554_styled_img_5,206,9.2,320,0,0
nywv.lol,2026-09-16,lol,content-2026-09-15-7str-oform-2_18,206,9.2,86,0,0
casinoph.lol,2026-09-16,lol,nabory-545-554_styled_img_7,206,9.2,108,0,0
kfrcasino.lol,2026-09-17,lol,content-2026-09-15-7str-oform-1_15,206,9.2,121,0,0
3744.team,2026-09-15,team,content-2026-09-14-7str-oform-9_24,206,9.2,56,0,0
zxcasino.team,2026-09-17,team,content-2026-09-16-12str_5,206,9.2,65,0,0
1494.lol,2026-09-14,lol,content-2026-09-14-7str-oform-8_40,206,9.2,32,0,0
casinodh.lol,2026-09-17,lol,content-2026-09-16-7str_15,206,8.7,1370,0,0
n2m.team,2026-09-17,team,content-2026-09-16-7str_19,206,8.7,764,0,0
ejucasino.lol,2026-09-14,lol,content-2026-09-12-7str-oform-3_9,206,8.7,448,0,0
2363.lol,2026-09-17,lol,content-2026-09-14b-7str-oform-2_3,206,8.7,329,0,0
8271.lol,2026-09-16,lol,nabory-535-544_styled_img_6,206,8.7,250,0,0
0305.lol,2026-09-16,lol,content-2026-09-15-7str-oform-1_49,206,8.7,148,0,0
hmdcasino.lol,2026-09-16,lol,content-2026-09-14c-7str-oform-1_18,206,8.7,122,0,0
8275.team,2026-09-17,team,nabory-581-590_5,206,8.7,99,0,0
1959.team,2026-09-14,team,content-2026-09-14-7str-oform-8_49,206,8.7,71,0,0
7473.lol,2026-09-17,lol,nabory-581-590_6,206,8.7,88,0,0
7847.team,2026-09-15,team,content-2026-09-14b-7str-oform-2_40,206,8.7,80,0,0
x5j.lol,2026-09-17,lol,content-2026-09-16-7str_16,206,8.7,65,0,0
5295.lol,2026-09-17,lol,content-2026-09-15-7str-oform-1_6,206,8.7,61,0,0
0908.lol,2026-09-18,lol,content-2026-09-17-7str-oform-2_11,150,8.7,37,0,0
b1l2.team,2026-09-15,team,content-2026-09-14b-7str-oform-2_32,206,8.3,396,0,0
gmcasino.lol,2026-09-14,lol,content-2026-09-12-7str-oform-3_5,206,8.3,241,0,0
casinoz1.lol,2026-09-16,lol,nabory-555-564_styled_img_10,206,8.3,270,0,0
n7t0.team,2026-09-17,team,nabory-601-610_10,206,8.3,258,0,0
0248.lol,2026-09-16,lol,content-2026-09-15-7str-oform-2_40,206,8.3,217,0,0
5368casino.team,2026-09-17,team,content-2026-09-16-7str_26,206,8.3,183,0,0
0503.team,2026-09-17,team,nabory-601-610_5,206,8.3,172,0,0
1779.lol,2026-09-17,lol,nabory-601-610_8,206,8.3,186,0,0
9243.team,2026-09-17,team,nabory-581-590_3,206,8.3,122,0,0
3613.team,2026-09-14,team,nabory-515-524_styled_img_7,206,8.3,69,0,0
8723.team,2026-09-16,team,content-2026-09-15-7str-oform-2_34,206,8.3,65,0,0
xwo.lol,2026-09-16,lol,nabory-565-580_13,206,8.3,57,0,0
emot.team,2026-09-17,team,content-2026-09-16-7str_40,206,8.3,51,0,0
8208.lol,2026-09-18,lol,content-2026-09-17-7str-oform-2_15,150,8.0,37,0,0
m9h6.team,2026-09-16,team,content-2026-09-15-7str-oform-2_2,206,7.8,565,0,0
8374.lol,2026-09-17,lol,content-2026-09-16-12str_2,206,7.8,516,0,0
6965.team,2026-09-15,team,content-2026-09-14b-7str-oform-2_35,206,7.8,141,0,0
casinoxm.team,2026-09-15,team,content-2026-09-14-7str-oform-9_31,206,7.8,125,0,0
xsjb.team,2026-09-14,team,content-2026-09-14-12str-oform_12,206,7.8,185,0,0
9341.lol,2026-09-14,lol,content-2026-09-14-7str-oform-8_33,206,7.8,103,0,0
6775casino.team,2026-09-15,team,content-2026-09-14-7str-oform-9_22,206,7.8,116,0,0
tyfh.lol,2026-09-15,lol,nabory-525-534_styled_img_3,206,7.8,108,0,0
casino1543.lol,2026-09-15,lol,nabory-525-534_styled_img_7,206,7.8,88,0,0
nkrh.team,2026-09-17,team,content-2026-09-16-7str_33,206,7.8,92,0,0
0431.team,2026-09-15,team,content-2026-09-14-7str-oform-9_21,206,7.8,63,0,0
0472.lol,2026-09-16,lol,nabory-565-580_10,206,7.8,66,0,0
fwl.lol,2026-09-17,lol,content-2026-09-15-7str-oform-1_13,206,7.8,59,0,0
d8c3.team,2026-09-17,team,content-2026-09-16-7str_22,206,7.8,56,0,0
4885.lol,2026-09-14,lol,content-2026-09-14-7str-oform-8_39,206,7.8,30,0,0
0699.lol,2026-09-15,lol,nabory-525-534_styled_img_5,206,7.8,42,0,0
f3a.lol,2026-09-14,lol,content-2026-09-14-7str-oform-8_34,206,7.8,34,0,0
hmhh.team,2026-09-15,team,content-2026-09-14b-7str-oform-2_49,206,7.8,35,0,0
e5m9.lol,2026-09-17,lol,content-2026-09-15-7str-oform-1_36,206,7.8,32,0,0
casino1596.team,2026-09-16,team,nabory-535-544_styled_img_7,206,7.3,887,0,0
kjrcasino.team,2026-09-15,team,content-2026-09-14-7str-oform-9_27,206,7.3,526,0,0
1820casino.team,2026-09-15,team,content-2026-09-14-7str-oform-9_23,206,7.3,415,0,0
1697casino.lol,2026-09-17,lol,content-2026-09-15-7str-oform-1_29,206,7.3,135,0,0
casinonz.team,2026-09-18,team,nabory-611-620_2,150,7.3,124,0,0
q8k0.team,2026-09-15,team,content-2026-09-14b-7str-oform-2_45,206,7.3,68,0,0
1287.lol,2026-09-15,lol,content-2026-09-14-7str-oform-1_1,206,7.3,88,0,0
casino8768.lol,2026-09-17,lol,content-2026-09-15-7str-oform-1_33,206,7.3,100,0,0
8618.team,2026-09-16,team,content-2026-09-15-7str-oform-2_27,206,7.3,96,0,0
0649.lol,2026-09-17,lol,content-2026-09-15-7str-oform-1_35,206,7.3,66,0,0
0269.lol,2026-09-18,lol,content-2026-09-17b-7str-oform_32,150,7.3,52,0,0
4457.lol,2026-09-17,lol,content-2026-09-16-7str_17,206,7.3,27,0,0
casinou0.team,2026-09-17,team,nabory-611-620_7,204,6.9,449,0,0
casinoqr.team,2026-09-15,team,content-2026-09-14-7str-oform-9_38,206,6.8,459,0,0
6465.team,2026-09-17,team,content-2026-09-15-7str-oform-1_17,206,6.8,197,0,0
7163.lol,2026-09-17,lol,content-2026-09-16-7str_35,206,6.8,118,0,0
cnlu.lol,2026-09-17,lol,content-2026-09-15-7str-oform-1_1,206,6.8,85,0,0
5403.team,2026-09-17,team,content-2026-09-14b-7str-oform-1_45,206,6.8,68,0,0
nidcasino.lol,2026-09-17,lol,content-2026-09-16-7str_27,206,6.8,70,0,0
39casino.lol,2026-09-15,lol,content-2026-09-14-7str-oform-9_1,206,6.8,60,0,0
6709.team,2026-09-17,team,content-2026-09-16-7str_10,206,6.8,52,0,0
0400.lol,2026-09-16,lol,nabory-565-580_1,206,6.8,47,0,0
6277.team,2026-09-15,team,content-2026-09-14-7str-oform-9_12,206,6.8,34,0,0
gwrt.team,2026-09-16,team,content-2026-09-15-7str-oform-2_24,206,6.8,44,0,0
nfdh.team,2026-09-15,team,content-2026-09-14-7str-oform-9_25,206,6.8,16,0,0
6856casino.team,2026-09-17,team,nabory-591-600_4,206,6.8,23,0,0
jgd.lol,2026-09-18,lol,content-2026-09-14b-7str-oform-1_32,150,6.7,193,0,0
33casino.lol,2026-09-18,lol,content-2026-09-17-7str-oform-2_25,150,6.7,106,0,0
7859.team,2026-09-15,team,content-2026-09-14-7str-oform-9_13,206,6.3,1124,0,0
682casino.team,2026-09-15,team,content-2026-09-14-7str-oform-9_19,206,6.3,367,0,0
casino97.lol,2026-09-17,lol,content-2026-09-15-7str-oform-1_7,206,6.3,237,0,0
plol.lol,2026-09-17,lol,content-2026-09-15-7str-oform-1_12,206,6.3,220,0,0
yqzcasino.team,2026-09-17,team,content-2026-09-15-7str-oform-1_24,206,6.3,160,0,0
1916.team,2026-09-17,team,nabory-591-600_6,206,6.3,134,0,0
h9y9.lol,2026-09-14,lol,content-2026-09-14-7str-oform-8_32,206,6.3,57,0,0
casino60.team,2026-09-17,team,content-2026-09-16-7str_41,206,6.3,72,0,0
casino50.team,2026-09-17,team,content-2026-09-16-7str_30,206,6.3,59,0,0
4970.team,2026-09-14,team,content-2026-09-14-7str-oform-8_48,206,6.3,48,0,0
4468.team,2026-09-16,team,nabory-565-580_16,206,6.3,33,0,0
8069casino.lol,2026-09-18,lol,content-2026-09-17b-7str-oform_19,150,6.0,436,0,0
6015casino.lol,2026-09-18,lol,content-2026-09-17b-7str-oform_16,150,6.0,23,0,0
7829.lol,2026-09-18,lol,content-2026-09-17b-7str-oform_41,150,6.0,14,0,0
0717.team,2026-09-16,team,content-2026-09-15-7str-oform-1_39,206,5.8,1113,0,0
2557.team,2026-09-16,team,content-2026-09-15-7str-oform-1_47,206,5.8,514,0,0
8057.team,2026-09-16,team,content-2026-09-15-7str-oform-2_25,206,5.8,239,0,0
casinoe8.lol,2026-09-16,lol,nabory-535-544_styled_img_5,206,5.8,83,0,0
788casino.lol,2026-09-17,lol,content-2026-09-14b-7str-oform-2_4,206,5.8,74,0,0
vdvg.lol,2026-09-16,lol,content-2026-09-14b-7str-oform-2_16,206,5.8,34,0,0
584casino.team,2026-09-14,team,nabory-515-524_styled_img_3,206,5.8,26,0,0
d7w5.lol,2026-09-15,lol,content-2026-09-14-7str-oform-8_29,206,5.3,152,0,0
1490.team,2026-09-18,team,content-2026-09-17-7str-oform-2_20,150,5.3,79,0,0
6907.team,2026-09-15,team,content-2026-09-14-7str-oform-9_37,206,5.3,66,0,0
casinofdv.lol,2026-09-17,lol,content-2026-09-15-7str-oform-1_14,206,5.3,70,0,0
3089.team,2026-09-18,team,content-2026-09-17-7str-oform-2_29,150,5.3,51,0,0
casino2861.team,2026-09-17,team,nabory-581-590_9,206,5.3,43,0,0
7841casino.team,2026-09-14,team,nabory-515-524_styled_img_10,206,5.3,18,0,0
74casino.lol,2026-09-16,lol,content-2026-09-15-7str-oform-2_14,206,5.3,35,0,0
ktto.lol,2026-09-17,lol,content-2026-09-15-7str-oform-1_37,206,5.3,24,0,0
2753casino.lol,2026-09-18,lol,content-2026-09-17-7str-oform-2_26,150,5.3,14,0,0
3829.lol,2026-09-18,lol,nabory-611-620_4,150,5.3,12,0,0
casinoc9.team,2026-09-17,team,content-2026-09-14b-7str-oform-2_7,206,4.9,303,0,0
9882.team,2026-09-15,team,content-2026-09-14-7str-oform-9_10,206,4.9,233,0,0
casinoqw.lol,2026-09-16,lol,content-2026-09-14c-7str-oform-1_10,206,4.9,74,0,0
8831.team,2026-09-17,team,content-2026-09-15-12str-oform_3,206,4.9,103,0,0
anpl.lol,2026-09-17,lol,content-2026-09-16-7str_12,206,4.9,70,0,0
8514.lol,2026-09-17,lol,content-2026-09-14b-7str-oform-1_51,206,4.9,43,0,0
0416.team,2026-09-15,team,content-2026-09-14b-7str-oform-2_33,206,4.9,26,0,0
1061.lol,2026-09-14,lol,content-2026-09-14-7str-oform-8_38,206,4.9,12,0,0
662casino.lol,2026-09-15,lol,content-2026-09-14-7str-oform-1_18,206,4.9,16,0,0
v5w.lol,2026-09-16,lol,nabory-565-580_4,206,4.9,17,0,0
4572.lol,2026-09-18,lol,nabory-611-620_5,150,4.7,14,0,0
t1g7.lol,2026-09-18,lol,content-2026-09-17b-7str-oform_31,150,4.7,12,0,0
q8l4.lol,2026-09-15,lol,content-2026-09-14-7str-oform-8_27,206,4.4,675,0,0
6996.team,2026-09-14,team,nabory-515-524_styled_img_9,206,4.4,456,0,0
90casino.lol,2026-09-15,lol,nabory-525-534_styled_img_10,206,4.4,97,0,0
6375.team,2026-09-17,team,nabory-591-600_2,206,4.4,85,0,0
1163.team,2026-09-14,team,nabory-500-509_styled_img_3,206,4.4,47,0,0
oqnd.lol,2026-09-15,lol,nabory-525-534_styled_img_4,206,4.4,40,0,0
8159.lol,2026-09-15,lol,content-2026-09-14-7str-oform-8_30,206,4.4,33,0,0
6749.lol,2026-09-17,lol,content-2026-09-15-7str-oform-1_26,206,4.4,42,0,0
6408.team,2026-09-16,team,content-2026-09-15-7str-oform-2_13,206,4.4,34,0,0
651casino.lol,2026-09-17,lol,content-2026-09-14b-7str-oform-2_10,206,4.4,32,0,0
casino0752.team,2026-09-18,team,nabory-611-620_3,150,4.0,159,0,0
casinov7.lol,2026-09-18,lol,content-2026-09-17-7str-oform-2_18,150,4.0,53,0,0
1153.team,2026-09-18,team,content-2026-09-17-7str-oform-2_51,150,4.0,30,0,0
casino42.lol,2026-09-17,lol,nabory-591-600_7,206,3.9,578,0,0
casinoy1.team,2026-09-16,team,content-2026-09-15-7str-oform-2_43,206,3.9,148,0,0
awzt.team,2026-09-17,team,nabory-581-590_2,206,3.9,196,0,0
casinohy.team,2026-09-16,team,content-2026-09-15-7str-oform-2_39,206,3.9,131,0,0
lkcasino.lol,2026-09-17,lol,content-2026-09-16-7str_13,206,3.9,146,0,0
casinot0.lol,2026-09-14,lol,content-2026-09-12-7str-oform-3_2,206,3.9,57,0,0
casino5308.team,2026-09-17,team,content-2026-09-14b-7str-oform-2_8,206,3.9,60,0,0
5494.team,2026-09-14,team,nabory-515-524_styled_img_8,206,3.9,21,0,0
1054.lol,2026-09-14,lol,content-2026-09-14-7str-oform-8_36,206,3.9,31,0,0
casino04.team,2026-09-17,team,content-2026-09-15-7str-oform-1_5,206,3.9,33,0,0
5638casino.lol,2026-09-15,lol,nabory-525-534_styled_img_6,206,3.9,18,0,0
hhal.lol,2026-09-17,lol,content-2026-09-15-7str-oform-1_10,206,3.9,19,0,0
8325.lol,2026-09-15,lol,content-2026-09-14-7str-oform-1_2,206,3.9,16,0,0
kdjm.lol,2026-09-17,lol,nabory-591-600_9,206,3.9,16,0,0
3093casino.lol,2026-09-17,lol,content-2026-09-15-7str-oform-1_27,206,3.4,41,0,0
pkbh.team,2026-09-17,team,content-2026-09-14b-7str-oform-2_6,206,3.4,34,0,0
hhfr.team,2026-09-14,team,nabory-500-509_styled_img_5,206,3.4,26,0,0
8380.team,2026-09-15,team,content-2026-09-14-7str-oform-1_20,206,3.4,20,0,0
3989.team,2026-09-15,team,content-2026-09-14-7str-oform-1_22,206,3.4,24,0,0
6297.lol,2026-09-17,lol,content-2026-09-15-7str-oform-1_21,206,3.4,24,0,0
0652.team,2026-09-15,team,nabory-525-534_styled_img_1,206,3.4,16,0,0
3655.lol,2026-09-17,lol,nabory-611-620_10,206,3.4,9,0,0
casinoiho.lol,2026-09-18,lol,content-2026-09-17-7str-oform-2_53,150,3.3,58,0,0
zodd.lol,2026-09-18,lol,content-2026-09-14b-7str-oform-1_33,150,3.3,22,0,0
qwzn.lol,2026-09-18,lol,content-2026-09-16-7str_2,150,3.3,11,0,0
9426.team,2026-09-17,team,nabory-581-590_1,206,2.9,98,0,0
7412.team,2026-09-14,team,content-2026-09-14-7str-oform-8_45,206,2.9,17,0,0
ozts.lol,2026-09-16,lol,content-2026-09-15-7str-oform-2_12,206,2.9,24,0,0
lvma.lol,2026-09-17,lol,nabory-601-610_6,206,2.9,22,0,0
casinow7.team,2026-09-17,team,nabory-601-610_1,206,2.9,16,0,0
qwmt.lol,2026-09-14,lol,content-2026-09-12-12str-oform_1,206,2.9,9,0,0
7383.lol,2026-09-17,lol,content-2026-09-15-7str-oform-1_8,206,2.9,7,0,0
0858.lol,2026-09-18,lol,content-2026-09-17b-7str-oform_15,150,2.7,167,0,0
casinoz3.lol,2026-09-18,lol,content-2026-09-17-7str-oform-2_22,150,2.7,8,0,0
8959.lol,2026-09-18,lol,content-2026-09-17-7str-oform-2_23,150,2.7,5,0,0
9085.team,2026-09-14,team,content-2026-09-14-7str-oform-8_47,206,2.4,199,0,0
6839.lol,2026-09-17,lol,content-2026-09-15-7str-oform-1_19,206,2.4,168,0,0
7114casino.lol,2026-09-15,lol,nabory-525-534_styled_img_9,206,2.4,26,0,0
9758.team,2026-09-17,team,content-2026-09-15-7str-oform-1_44,206,2.4,32,0,0
5377.lol,2026-09-14,lol,content-2026-09-12-7str-oform-1_3,206,2.4,12,0,0
m0w5.team,2026-09-17,team,nabory-601-610_3,206,2.4,13,0,0
bkny.team,2026-09-17,team,content-2026-09-15-7str-oform-1_18,206,2.4,10,0,0
0592.team,2026-09-15,team,nabory-525-534_styled_img_8,206,2.4,6,0,0
0887.lol,2026-09-17,lol,content-2026-09-14b-7str-oform-1_41,206,2.4,6,0,0
7569.lol,2026-09-18,lol,content-2026-09-17-7str-oform-2_14,150,2.0,4,0,0
casinoc7.team,2026-09-17,team,content-2026-09-14b-7str-oform-2_1,206,1.9,192,0,0
3155.team,2026-09-14,team,nabory-500-509_styled_img_10,206,1.9,73,0,0
casino423.lol,2026-09-17,lol,content-2026-09-14b-7str-oform-1_30,206,1.9,65,0,0
pocasino.team,2026-09-14,team,nabory-500-509_styled_img_8,206,1.9,26,0,0
casinox5.lol,2026-09-14,lol,content-2026-09-12-7str-oform-3_8,206,1.9,14,0,0
casinof8.team,2026-09-15,team,nabory-515-524_styled_img_6,206,1.9,14,0,0
2138.team,2026-09-14,team,content-2026-09-14-12str-oform_15,206,1.9,8,0,0
6393.team,2026-09-15,team,content-2026-09-14-7str-oform-9_29,206,1.9,10,0,0
2494.lol,2026-09-14,lol,content-2026-09-12-7str-oform-3_4,206,1.9,5,0,0
689casino.lol,2026-09-14,lol,content-2026-09-14-7str-oform-8_41,206,1.9,5,0,0
casinorvx.team,2026-09-17,team,content-2026-09-15-7str-oform-1_25,206,1.9,5,0,0
5211.team,2026-09-15,team,content-2026-09-14b-7str-oform-2_47,206,1.5,82,0,0
casinostt.team,2026-09-14,team,nabory-510-514_styled_img_2,206,1.5,30,0,0
6106.lol,2026-09-17,lol,content-2026-09-16-7str_36,206,1.5,14,0,0
9766.lol,2026-09-14,lol,content-2026-09-12-7str-oform-3_3,206,1.5,7,0,0
9237.team,2026-09-14,team,content-2026-09-14-12str-oform_14,206,1.5,5,0,0
0141.lol,2026-09-16,lol,content-2026-09-15-7str-oform-1_41,206,1.5,7,0,0
5894.team,2026-09-14,team,nabory-510-514_styled_img_3,205,1.5,4,0,0
casino0469.lol,2026-09-17,lol,content-2026-09-14b-7str-oform-1_49,206,1.5,5,0,0
nzbcasino.team,2026-09-17,team,content-2026-09-16-12str_6,206,1.5,4,0,0
y0e7.lol,2026-09-18,lol,content-2026-09-16-7str_7,150,1.3,7,0,0
ihkx.lol,2026-09-18,lol,content-2026-09-16-7str_5,150,1.3,5,0,0
casinoydl.team,2026-09-18,team,nabory-611-620_1,150,1.3,4,0,0
7694.team,2026-09-18,team,content-2026-09-17-7str-oform-2_50,150,1.3,4,0,0
3744casino.team,2026-09-17,team,content-2026-09-15-7str-oform-1_34,206,1.0,47,0,0
lmlx.lol,2026-09-16,lol,content-2026-09-15-7str-oform-2_20,206,1.0,13,0,0
0569.team,2026-09-14,team,nabory-500-509_styled_img_2,206,1.0,3,0,0
6606.lol,2026-09-18,lol,content-2026-09-17-7str-oform-2_5,206,1.0,4,0,0
gvcasino.lol,2026-09-17,lol,content-2026-09-15-7str-oform-1_9,206,1.0,3,0,0
drdj.team,2026-09-14,team,nabory-500-509_styled_img_7,206,1.0,2,0,0
1424.lol,2026-09-17,lol,content-2026-09-15-7str-oform-1_16,206,1.0,2,0,0
6258.team,2026-09-17,team,content-2026-09-14b-7str-oform-1_34,206,1.0,2,0,0
9614.lol,2026-09-18,lol,content-2026-09-17-7str-oform-2_16,150,0.7,1,0,0
casinou5.team,2026-09-15,team,content-2026-09-14b-7str-oform-2_36,205,0.5,268,0,0
casino716.lol,2026-09-16,lol,content-2026-09-15-7str-oform-2_22,206,0.5,14,0,0
0581.lol,2026-09-17,lol,content-2026-09-14b-7str-oform-1_37,206,0.5,11,0,0
casino936.team,2026-09-14,team,nabory-500-509_styled_img_6,206,0.5,1,0,0
ustn.team,2026-09-14,team,nabory-510-514_styled_img_1,206,0.5,6,0,0
3121.team,2026-09-14,team,nabory-500-509_styled_img_4,206,0.5,1,0,0
0444.lol,2026-09-14,lol,nabory-500-509_styled_img_1,206,0.5,2,0,0
0189.lol,2026-09-14,lol,content-2026-09-12-12str-oform_2,206,0.5,1,0,0
casino307.lol,2026-09-17,lol,content-2026-09-15-12str-oform_2,206,0.5,2,0,0
kkci.lol,2026-09-19,lol,content-2026-09-17-7str-oform-2_37,206,,3236,0,0
6188.lol,2026-09-20,lol,content-2026-09-17-7str-oform-2_2,206,,3886,0,0
casinomd.team,2026-09-19,team,content-2026-09-17-7str-oform-2_7,206,,3748,0,0
r1m.lol,2026-09-20,lol,nabory-641-650_10,206,,2655,0,0
btcasino.team,2026-09-19,team,content-2026-09-17-7str-oform-2_19,206,,2809,0,0
kwsg.lol,2026-09-19,lol,nabory-621-630_9,206,,2411,0,0
casinom9.lol,2026-09-19,lol,content-2026-09-17b-7str-oform_13,206,,2387,0,0
casino587.lol,2026-09-20,lol,content-2026-09-17-7str-oform-1_21,206,,1983,0,0
lmfq.team,2026-09-19,team,content-2026-09-17-7str-oform-2_39,206,,2008,0,0
1540.lol,2026-09-19,lol,nabory-641-650_2,206,,1983,0,0
casino0321.lol,2026-09-20,lol,content-2026-09-17-7str-oform-1_33,206,,1814,0,0
pscasino.lol,2026-09-20,lol,nabory-631-640_6,206,,1546,0,0
j1a.lol,2026-09-19,lol,content-2026-09-17b-7str-oform_14,206,,1454,0,0
29casino.lol,2026-09-20,lol,content-2026-09-17-7str-oform-1_42,206,,1390,0,0
2708.lol,2026-09-19,lol,nabory-641-650_4,206,,1387,0,0
4928.lol,2026-09-19,lol,nabory-651-660_10,206,,1376,0,0
jafcasino.lol,2026-09-19,lol,content-2026-09-17-7str-oform-2_40,206,,1316,0,0
5104.lol,2026-09-20,lol,content-2026-09-17-7str-oform-1_43,206,,1079,0,0
2424.lol,2026-09-20,lol,content-2026-09-17-7str-oform-1_35,206,,1163,0,0
4222.lol,2026-09-20,lol,content-2026-09-17-7str-oform-1_29,206,,957,0,0
casino507.lol,2026-09-20,lol,content-2026-09-17-7str-oform-1_50,206,,957,0,0
5242.lol,2026-09-19,lol,nabory-651-660_3,206,,1049,0,0
casinoyks.lol,2026-09-19,lol,content-2026-09-17b-7str-oform_30,206,,1035,0,0
casino362.lol,2026-09-19,lol,nabory-631-640_5,206,,869,0,0
qtcasino.lol,2026-09-20,lol,nabory-651-660_6,206,,937,0,0
62casino.lol,2026-09-20,lol,content-2026-09-19-12str_3,206,,896,0,0
w9g6.lol,2026-09-20,lol,content-2026-09-17b-7str-oform_4,206,,589,0,0
j2i.lol,2026-09-19,lol,content-2026-09-17-7str-oform-2_33,206,,899,0,0
xtcasino.lol,2026-09-20,lol,content-2026-09-17-7str-oform-1_24,206,,885,0,0
6542.lol,2026-09-20,lol,content-2026-09-17-7str-oform-1_48,206,,864,0,0
casinoa1.lol,2026-09-20,lol,content-2026-09-17-7str-oform-1_39,206,,872,0,0
casinohpe.lol,2026-09-20,lol,content-2026-09-17-7str-oform-1_25,206,,771,0,0
zinb.lol,2026-09-20,lol,content-2026-09-17b-7str-oform_39,206,,660,0,0
jlbq.lol,2026-09-19,lol,content-2026-09-17b-7str-oform_3,206,,726,0,0
4774.lol,2026-09-20,lol,content-2026-09-17-7str-oform-1_37,206,,630,0,0
lfra.lol,2026-09-20,lol,nabory-641-650_5,206,,594,0,0
3715casino.lol,2026-09-20,lol,content-2026-09-19-12str_1,206,,601,0,0
154casino.lol,2026-09-19,lol,nabory-641-650_1,206,,673,0,0
b3r.lol,2026-09-19,lol,content-2026-09-17b-7str-oform_34,206,,575,0,0
vbtw.team,2026-09-20,team,content-2026-09-17-7str-oform-2_48,206,,567,0,0
0711.lol,2026-09-19,lol,nabory-641-650_3,206,,563,0,0
oaza.lol,2026-09-20,lol,content-2026-09-17-12str-oform_1,206,,491,0,0
3260.lol,2026-09-20,lol,content-2026-09-17-7str-oform-1_20,206,,453,0,0
rkw.lol,2026-09-19,lol,content-2026-09-17b-7str-oform_28,206,,433,0,0
mjeu.lol,2026-09-20,lol,content-2026-09-17-7str-oform-1_31,206,,448,0,0
ofyc.lol,2026-09-20,lol,content-2026-09-17-7str-oform-1_26,206,,429,0,0
4069casino.lol,2026-09-20,lol,content-2026-09-17-7str-oform-1_36,206,,300,0,0
ogji.lol,2026-09-20,lol,content-2026-09-17-7str-oform-1_32,206,,396,0,0
zlxcasino.lol,2026-09-20,lol,nabory-631-640_4,206,,359,0,0
sjan.lol,2026-09-20,lol,content-2026-09-17-7str-oform-1_45,206,,350,0,0
dtu.lol,2026-09-20,lol,content-2026-09-17-7str-oform-1_19,206,,349,0,0
casino377.lol,2026-09-20,lol,content-2026-09-17-7str-oform-1_40,206,,299,0,0
9145.lol,2026-09-19,lol,nabory-621-630_7,206,,263,0,0
hjeu.lol,2026-09-20,lol,nabory-651-660_9,206,,283,0,0
g4j.lol,2026-09-19,lol,content-2026-09-17b-7str-oform_29,206,,261,0,0
casino8600.lol,2026-09-20,lol,nabory-651-660_4,206,,218,0,0
4389.lol,2026-09-21,lol,content-2026-09-14b-7str-oform-1_13,150,,235,0,0
5936.lol,2026-09-21,lol,content-2026-09-14b-7str-oform-1_24,150,,229,0,0
x5i0.lol,2026-09-20,lol,content-2026-09-17-7str-oform-1_30,206,,216,0,0
6657.lol,2026-09-20,lol,content-2026-09-17-7str-oform-2_1,206,,207,0,0
casinot8.lol,2026-09-19,lol,nabory-631-640_7,206,,200,0,0
yjxb.lol,2026-09-20,lol,content-2026-09-17b-7str-oform_20,206,,199,0,0
8504.lol,2026-09-20,lol,nabory-651-660_8,206,,190,0,0
x2g8.lol,2026-09-20,lol,content-2026-09-19-12str_2,206,,181,0,0
7711.lol,2026-09-20,lol,nabory-651-660_1,206,,174,0,0
4248.team,2026-09-21,team,content-2026-09-14b-7str-oform-1_21,150,,172,0,0
52casino.team,2026-09-21,team,content-2026-09-14b-7str-oform-1_28,150,,167,0,0
eozw.lol,2026-09-20,lol,content-2026-09-17-7str-oform-1_46,206,,163,0,0
2032.lol,2026-09-20,lol,content-2026-09-17-7str-oform-1_38,206,,136,0,0
nnjcasino.lol,2026-09-20,lol,nabory-631-640_3,206,,124,0,0
t6g.lol,2026-09-20,lol,content-2026-09-17-7str-oform-1_47,206,,134,0,0
y2p5.lol,2026-09-20,lol,nabory-641-650_9,206,,126,0,0
ywbb.lol,2026-09-20,lol,content-2026-09-17-7str-oform-1_49,206,,118,0,0
yzxw.lol,2026-09-20,lol,content-2026-09-17b-7str-oform_17,206,,115,0,0
9495casino.lol,2026-09-19,lol,content-2026-09-17b-7str-oform_12,206,,101,0,0
opxcasino.lol,2026-09-20,lol,content-2026-09-17-7str-oform-1_18,206,,97,0,0
n8i.lol,2026-09-20,lol,content-2026-09-17-7str-oform-2_3,206,,93,0,0
2640.lol,2026-09-21,lol,content-2026-09-14b-7str-oform-1_7,150,,87,0,0
6527.lol,2026-09-20,lol,content-2026-09-17-7str-oform-1_23,206,,85,0,0
rgjz.lol,2026-09-19,lol,content-2026-09-17b-7str-oform_9,206,,83,0,0
2155.lol,2026-09-21,lol,content-2026-09-17-7str-oform-1_12,150,,76,0,0
95casino.team,2026-09-19,team,content-2026-09-17-7str-oform-2_31,206,,65,0,0
1186casino.lol,2026-09-20,lol,content-2026-09-17-7str-oform-1_41,206,,38,0,0
4771.team,2026-09-21,team,content-2026-09-17-7str-oform-1_5,150,,62,0,0
9827.lol,2026-09-20,lol,content-2026-09-17-12str-oform_2,206,,58,0,0
casinon4.team,2026-09-21,team,content-2026-09-14b-7str-oform-1_29,150,,56,0,0
2502.lol,2026-09-21,lol,content-2026-09-14b-7str-oform-1_16,150,,53,0,0
3808.lol,2026-09-21,lol,content-2026-09-17-7str-oform-1_9,150,,52,0,0
mvxy.lol,2026-09-20,lol,content-2026-09-17b-7str-oform_37,206,,43,0,0
wlncasino.lol,2026-09-20,lol,content-2026-09-17b-7str-oform_8,206,,45,0,0
7763.lol,2026-09-19,lol,content-2026-09-17b-7str-oform_7,206,,44,0,0
7132.lol,2026-09-20,lol,nabory-641-650_7,206,,35,0,0
casinokgq.lol,2026-09-20,lol,nabory-651-660_7,206,,36,0,0
1519.lol,2026-09-21,lol,content-2026-09-17-7str-oform-1_13,150,,36,0,0
casino95.lol,2026-09-19,lol,nabory-631-640_8,206,,35,0,0
m9a2.lol,2026-09-20,lol,content-2026-09-17-7str-oform-2_30,206,,33,0,0
jmpj.lol,2026-09-20,lol,nabory-651-660_2,206,,30,0,0
4892casino.lol,2026-09-21,lol,content-2026-09-14b-7str-oform-1_8,150,,25,0,0
0036.lol,2026-09-14,lol,content-2026-09-12-7str-oform-1_2,206,0.0,0,0,0
casinoi7.team,2026-09-21,team,content-2026-09-14b-7str-oform-1_9,150,,19,0,0
casino395.team,2026-09-14,team,content-2026-09-14-12str-oform_16,206,0.0,0,0,0
byxx.lol,2026-09-20,lol,nabory-641-650_8,206,,13,0,0
8352.team,2026-09-17,team,content-2026-09-14b-7str-oform-1_46,206,0.0,6,0,0
8084casino.lol,2026-09-20,lol,nabory-641-650_6,206,,7,0,0
bhge.lol,2026-09-21,lol,content-2026-09-17-7str-oform-1_17,150,,7,0,0
4060.lol,2026-09-21,lol,content-2026-09-17-7str-oform-1_14,150,,7,0,0
9471.lol,2026-09-21,lol,content-2026-09-14b-7str-oform-1_26,150,,7,0,0
6572.team,2026-09-21,team,content-2026-09-14b-7str-oform-1_14,150,,7,0,0
9816.team,2026-09-21,team,content-2026-09-17-7str-oform-1_2,150,,5,0,0
6223.lol,2026-09-21,lol,content-2026-09-14b-7str-oform-1_23,150,,3,0,0
1787.team,2026-09-14,team,nabory-500-509_styled_img_9,206,0.0,0,0,0
3469.lol,2026-09-14,lol,content-2026-09-12-7str-oform-3_7,206,0.0,0,0,0
0085.lol,2026-09-14,lol,content-2026-09-12-7str-oform-3_6,206,0.0,0,0,0
eyoz.lol,2026-09-14,lol,content-2026-09-12-7str-oform-2_1_1,206,0.0,0,0,0
453casino.lol,2026-09-14,lol,content-2026-09-12-7str-oform-1_1,206,0.0,0,0,0
2848.lol,2026-09-14,lol,content-2026-09-12-12str-oform_3,206,0.0,0,0,0
4631.team,2026-09-14,team,nabory-510-514_styled_img_5,206,0.0,0,0,0
casino0645.team,2026-09-14,team,nabory-510-514_styled_img_4,206,0.0,0,0,0
casinoz7.lol,2026-09-17,lol,content-2026-09-14b-7str-oform-1_48,206,0.0,0,0,0
tgwv.lol,2026-09-18,lol,content-2026-09-17b-7str-oform_18,150,0.0,0,0,0
lvsm.lol,2026-09-21,lol,content-2026-09-17-7str-oform-1_16,150,,0,0,0
oejcasino.lol,2026-09-21,lol,content-2026-09-17-7str-oform-1_15,150,,0,0,0
m2y1.lol,2026-09-21,lol,content-2026-09-17-7str-oform-1_10,150,,0,0,0
egucasino.lol,2026-09-21,lol,content-2026-09-17-7str-oform-1_8,150,,0,0,0
e3e3.team,2026-09-21,team,content-2026-09-17-7str-oform-1_4,150,,0,0,0
l6a.team,2026-09-21,team,content-2026-09-17-7str-oform-1_3,150,,0,0,0
p8e.team,2026-09-21,team,content-2026-09-14b-7str-oform-1_27,150,,0,0,0
tocasino.team,2026-09-21,team,content-2026-09-14b-7str-oform-1_25,150,,0,0,0
xphv.lol,2026-09-21,lol,content-2026-09-14b-7str-oform-1_17,150,,0,0,0
f9j.team,2026-09-21,team,content-2026-09-14b-7str-oform-1_12,150,,0,0,0
nbpcasino.lol,2026-09-21,lol,content-2026-09-14b-7str-oform-1_10,150,,0,0,0
0805.lol,2026-09-21,lol,content-2026-09-14-7str-oform-9_16,150,,0,0,0
3039.lol,2026-09-21,lol,content-2026-09-14-7str-oform-9_7,150,,0,0,0
3515.lol,2026-09-21,lol,content-2026-09-14-7str-oform-8_31,150,,0,0,0
3913.lol,2026-09-21,lol,content-2026-09-14-7str-oform-8_21,150,,0,0,0
6021.lol,2026-09-18,lol,nabory-631-640_2,0,,0,0,0
casino9415.team,2026-09-21,team,content-2026-09-14b-7str-oform-1_6,0,,0,0,0
6891.team,2026-09-21,team,content-2026-09-14b-7str-oform-1_5,0,,0,0,0
casinoanz.team,2026-09-21,team,content-2026-09-14b-7str-oform-1_4,0,,0,0,0
7989.lol,2026-09-21,lol,content-2026-09-14b-7str-oform-1_3,0,,0,0,0
5043.lol,2026-09-21,lol,content-2026-09-14b-7str-oform-1_2,0,,0,0,0
l2p3.lol,2026-09-22,lol,content-2026-09-14-7str-oform-9_18,0,,0,0,0
casinomj.lol,2026-09-22,lol,content-2026-09-14-7str-oform-9_17,0,,0,0,0
ypdcasino.lol,2026-09-22,lol,content-2026-09-14-7str-oform-9_15,0,,0,0,0
p9v2.team,2026-09-22,team,content-2026-09-14-7str-oform-9_14,0,,0,0,0
4916.team,2026-09-21,team,content-2026-09-14-7str-oform-9_9,0,,0,0,0
9741.lol,2026-09-21,lol,content-2026-09-14-7str-oform-9_8,0,,0,0,0
fnmh.lol,2026-09-22,lol,content-2026-09-14-7str-oform-9_6,0,,0,0,0
5519.team,2026-09-21,team,content-2026-09-14-7str-oform-9_5,0,,0,0,0
8768.team,2026-09-21,team,content-2026-09-14-7str-oform-8_24,0,,0,0,0
casinovad.lol,2026-09-22,lol,content-2026-09-14-7str-oform-8_23,0,,0,0,0
r3r1.lol,2026-09-22,lol,content-2026-09-14-7str-oform-8_22,0,,0,0,0
edfc.lol,2026-09-22,lol,content-2026-09-14-7str-oform-8_20,0,,0,0,0
ctk.lol,2026-09-22,lol,content-2026-09-14-7str-oform-8_19,0,,0,0,0
casinolw.lol,2026-09-22,lol,content-2026-09-14-7str-oform-8_18,0,,0,0,0
xtgo.lol,2026-09-22,lol,content-2026-09-14-7str-oform-8_16,0,,0,0,0
casinojal.lol,2026-09-22,lol,content-2026-09-14-7str-oform-8_15,0,,0,0,0
8571.lol,2026-09-21,lol,content-2026-09-14-7str-oform-8_14,0,,0,0,0
casinoas.lol,2026-09-21,lol,content-2026-09-14-7str-oform-8_13,0,,0,0,0
casino893.lol,2026-09-21,lol,content-2026-09-14-7str-oform-8_12,0,,0,0,0
casino4257.lol,2026-09-22,lol,nabory-661-669_9,0,,0,0,0
3483.lol,2026-09-22,lol,nabory-661-669_8,0,,0,0,0
1079.team,2026-09-22,team,nabory-661-669_7,0,,0,0,0
8014casino.team,2026-09-22,team,nabory-661-669_6,0,,0,0,0
7144.team,2026-09-22,team,nabory-661-669_5,0,,0,0,0
5269.team,2026-09-22,team,nabory-661-669_4,0,,0,0,0
b6g.team,2026-09-22,team,nabory-661-669_2,0,,0,0,0
xhcasino.lol,2026-09-22,lol,nabory-661-669_1,0,,0,0,0
lgzq.lol,2026-09-22,lol,content-2026-09-14-7str-oform-8_11,0,,0,0,0
8062casino.lol,2026-09-22,lol,content-2026-09-21-7str-oform-3_50,0,,0,0,0
501casino.team,2026-09-22,team,content-2026-09-21-7str-oform-3_49,0,,0,0,0
frbb.team,2026-09-22,team,content-2026-09-21-7str-oform-3_48,0,,0,0,0
8382.lol,2026-09-22,lol,content-2026-09-21-7str-oform-3_47,0,,0,0,0
ancj.lol,2026-09-22,lol,content-2026-09-21-7str-oform-3_46,0,,0,0,0
ugcasino.lol,2026-09-22,lol,content-2026-09-21-7str-oform-3_45,0,,0,0,0
7472.team,2026-09-22,team,content-2026-09-21-7str-oform-3_44,0,,0,0,0
3606.team,2026-09-22,team,content-2026-09-21-7str-oform-3_43,0,,0,0,0
7596.lol,2026-09-22,lol,content-2026-09-21-7str-oform-3_42,0,,0,0,0
casinoih.lol,2026-09-22,lol,content-2026-09-21-7str-oform-3_41,0,,0,0,0
casinohjn.team,2026-09-22,team,content-2026-09-21-7str-oform-3_40,0,,0,0,0
t6k4.lol,2026-09-22,lol,content-2026-09-21-7str-oform-3_39,0,,0,0,0
7575.lol,2026-09-22,lol,content-2026-09-21-7str-oform-3_38,0,,0,0,0
tdik.lol,2026-09-22,lol,content-2026-09-21-7str-oform-3_37,0,,0,0,0
urtl.lol,2026-09-22,lol,content-2026-09-21-7str-oform-3_36,0,,0,0,0
qfxcasino.team,2026-09-22,team,content-2026-09-21-7str-oform-3_35,0,,0,0,0
hxsj.lol,2026-09-22,lol,content-2026-09-21-7str-oform-3_34,0,,0,0,0
2462.team,2026-09-22,team,content-2026-09-21-7str-oform-3_33,0,,0,0,0
h8j.lol,2026-09-22,lol,content-2026-09-21-7str-oform-3_32,0,,0,0,0
lyvr.team,2026-09-22,team,content-2026-09-21-7str-oform-3_31,0,,0,0,0
3733.team,2026-09-22,team,content-2026-09-21-7str-oform-3_30,0,,0,0,0
casinozwu.lol,2026-09-22,lol,content-2026-09-21-7str-oform-3_28,0,,0,0,0
1912.lol,2026-09-22,lol,content-2026-09-21-7str-oform-3_27,0,,0,0,0
mmhx.lol,2026-09-22,lol,content-2026-09-21-7str-oform-3_26,0,,0,0,0
casino47.lol,2026-09-22,lol,content-2026-09-21b-12str_11,0,,0,0,0
7451.lol,2026-09-22,lol,content-2026-09-21b-12str_9,0,,0,0,0
casino4882.team,2026-09-22,team,content-2026-09-21b-12str_7,0,,0,0,0
0265.team,2026-09-22,team,content-2026-09-21b-12str_3,0,,0,0,0
712casino.team,2026-09-22,team,content-2026-09-21b-12str_2,0,,0,0,0
1041.team,2026-09-22,team,content-2026-09-21b-12str_1,0,,0,0,0
5783.lol,2026-09-22,lol,content-2026-09-21b-7str-2_44,0,,0,0,0
5809.lol,2026-09-22,lol,content-2026-09-21b-7str-2_42,0,,0,0,0
casino525.team,2026-09-22,team,content-2026-09-21b-7str-2_41,0,,0,0,0
7313.team,2026-09-22,team,content-2026-09-21b-7str-2_40,0,,0,0,0
6238.team,2026-09-22,team,content-2026-09-21b-7str-2_37,0,,0,0,0
5184casino.team,2026-09-22,team,content-2026-09-21b-7str-2_32,0,,0,0,0
8375.team,2026-09-22,team,content-2026-09-21b-7str-2_28,0,,0,0,0
casino0087.lol,2026-09-22,lol,content-2026-09-21b-7str-2_24,0,,0,0,0
4463casino.lol,2026-09-22,lol,content-2026-09-21b-7str-2_23,0,,0,0,0
0812.team,2026-09-22,team,content-2026-09-21b-7str-2_22,0,,0,0,0
1437.team,2026-09-22,team,content-2026-09-21b-7str-2_19,0,,0,0,0
0789.team,2026-09-22,team,content-2026-09-21b-7str-2_18,0,,0,0,0
3642.team,2026-09-22,team,content-2026-09-21b-7str-2_17,0,,0,0,0
0990.team,2026-09-22,team,NEW100-оформлено_48,0,,0,0,0
1825.team,2026-09-22,team,NEW100-оформлено_40,0,,0,0,0
2520.lol,2026-09-22,lol,NEW100-оформлено_38,0,,0,0,0
4670.lol,2026-09-22,lol,NEW100-оформлено_31,0,,0,0,0
0432.lol,2026-09-22,lol,NEW100-оформлено_29,0,,0,0,0
0975casino.lol,2026-09-22,lol,NEW100-оформлено_27,0,,0,0,0
0237.team,2026-09-22,team,NEW100-оформлено_25,0,,0,0,0
0857.team,2026-09-22,team,NEW100-оформлено_24,0,,0,0,0
3105.team,2026-09-22,team,NEW100-оформлено_20,0,,0,0,0
1785.team,2026-09-22,team,NEW100-оформлено_18,0,,0,0,0
1338.team,2026-09-22,team,NEW100-оформлено_17,0,,0,0,0
4434casino.lol,2026-09-22,lol,NEW100-оформлено_6,0,,0,0,0
