группа контента,баз,сайтов,первый день,дней,зоны,кликов из поиска в окне,регистраций,ФД,рег на 100 сайтов,рег на 10 тыс. кликов,сайтов .team,рег .team,на 100 в .team,сайтов .lol,рег .lol,на 100 в .lol,сайтов .casino,рег .casino,на 100 в .casino,сайтов .buzz,рег .buzz,на 100 в .buzz
content-2026-09-14c-12str-oform,4,824,2026-09-15,2,.team 100%,15011,6,2,0.728,4.0,824,6,0.728,0,0,,0,0,,0,0,
NEW50_2_12pages_nodate_02.09,6,1236,2026-09-02,2,.lol 67% .team 33%,7677,8,1,0.647,10.4,412,1,0.243,824,7,0.85,0,0,,0,0,
NEW20_4_12pages_withdate,3,618,2026-09-07,2,.lol 100%,2414,4,0,0.647,16.6,0,0,,618,4,0.647,0,0,,0,0,
archive412_unique12оформлено,12,2471,2026-09-09,2,.lol 50% .buzz 50%,22178,13,2,0.526,5.9,0,0,,1236,13,1.052,0,0,,1235,0,0.0
NEW21_12pages_withdate_styled_img,4,824,2026-09-05,2,.casino 100%,10157,4,1,0.485,3.9,0,0,,0,0,,824,4,0.485,0,0,
Generator_11page_test_1…_9 (dorgen com,9,1854,2026-08-31,2,.team 100%,56488,8,0,0.431,1.4,1854,8,0.431,0,0,,0,0,,0,0,
NEW102оформленосдатой,18,3708,2026-09-10,3,.team 39% .casino 39% .lol 22%,30432,15,5,0.405,4.9,1442,5,0.347,824,3,0.364,1442,7,0.485,0,0,
NEW20_12pages_nodate_styled_img,4,824,2026-09-04,2,.casino 100%,11527,3,0,0.364,2.6,0,0,,0,0,,824,3,0.364,0,0,
NEW50_3_12pages_withdate_styled,14,2884,2026-09-03,2,.team 57% .lol 43%,21613,8,2,0.277,3.7,1648,5,0.303,1236,3,0.243,0,0,,0,0,
Content_script_12page_08.09,11,2266,2026-09-08,2,.lol 64% .team 36%,22145,6,0,0.265,2.7,824,2,0.243,1442,4,0.277,0,0,,0,0,
NEW33_12pages_nodate+img_25.08,15,3090,2026-08-26,3,.team 100%,25433,8,0,0.259,3.1,3090,8,0.259,0,0,,0,0,,0,0,
NEW50_12pages_withdate_01.09,17,3502,2026-09-01,4,.team 47% .casino 41% .lol 12%,14141,9,2,0.257,6.4,1648,5,0.303,412,0,0.0,1442,4,0.277,0,0,
NEW50_2_7pages_withdate,6,1236,2026-09-02,2,.team 100%,4648,3,0,0.243,6.5,1236,3,0.243,0,0,,0,0,,0,0,
NEW20_4_12pages_nodate,6,1236,2026-09-07,2,.team 67% .lol 33%,7481,3,1,0.243,4.0,824,2,0.243,412,1,0.243,0,0,,0,0,
NEW17_img_withdate_26.08,9,1852,2026-08-26,2,.team 100%,19627,4,0,0.216,2.0,1852,4,0.216,0,0,,0,0,,0,0,
Generator_346353_styled_img,8,1648,2026-09-04,2,.team 100%,5797,3,0,0.182,5.2,1648,3,0.182,0,0,,0,0,,0,0,
Выдача_06.09_12стр,8,1648,2026-09-07,2,.lol 62% .team 38%,7466,3,0,0.182,4.0,618,1,0.162,1030,2,0.194,0,0,,0,0,
nabory-621-630,10,1724,2026-09-18,3,.lol 100%,10951,3,0,0.174,2.7,0,0,,1724,3,0.174,0,0,,0,0,
nabory461463_styled_img,3,594,2026-09-09,2,.casino 100%,4524,1,0,0.168,2.2,0,0,,0,0,,594,1,0.168,0,0,
content-2026-09-14c-7str-oform-2,44,9064,2026-09-15,3,.lol 50% .team 50%,55311,15,3,0.165,2.7,4532,12,0.265,4532,3,0.066,0,0,,0,0,
NEW20_12pages_withdate_styled_img,6,1236,2026-09-04,2,.casino 50% .team 33% .lol 17%,5414,2,0,0.162,3.7,412,1,0.243,206,1,0.485,618,0,0.0,0,0,
nabory470472_styled_img,3,618,2026-09-10,2,.team 100%,1174,1,0,0.162,8.5,618,1,0.162,0,0,,0,0,,0,0,
content-2026-09-17-7str-oform-2,56,9576,2026-09-18,4,.lol 59% .team 41%,54834,15,1,0.157,2.7,3916,11,0.281,5660,4,0.071,0,0,,0,0,
КОНТЕНТ НЕ ЗАПИСАН,335,66990,2026-08-11,24,.team 77% .lol 13% .buzz 3%,632667,102,8,0.152,1.6,51423,89,0.173,8644,8,0.093,824,2,0.243,2125,0,0.0
nabory-555-564_styled_img,10,2060,2026-09-16,2,.lol 50% .team 50%,6981,3,0,0.146,4.3,1030,2,0.194,1030,1,0.097,0,0,,0,0,
NEW17_NOimg_withdate_26.08,7,1440,2026-08-26,2,.team 86% .lol 14%,9892,2,0,0.139,2.0,1234,2,0.162,206,0,0.0,0,0,,0,0,
NEW50_7pages_nodate_01.09,14,2884,2026-09-02,3,.team 100%,27455,4,1,0.139,1.5,2884,4,0.139,0,0,,0,0,,0,0,
NEW50_3_12pages_nodate_styled,11,2266,2026-09-03,2,.lol 73% .team 27%,19563,3,0,0.132,1.5,618,0,0.0,1648,3,0.182,0,0,,0,0,
NEW20_3_7pages_withdate_styled_img,4,824,2026-09-06,2,.team 100%,4104,1,0,0.121,2.4,824,1,0.121,0,0,,0,0,,0,0,
NEW33_12pages_withdate+img_25.08,17,3500,2026-08-26,2,.team 94% .lol 6%,24204,4,2,0.114,1.7,3294,4,0.121,206,0,0.0,0,0,,0,0,
КОНТРОЛЬ NEW50_5_7pages_nodate_21.08,18,3707,2026-08-25,3,.team 89% .lol 11%,47580,4,1,0.108,0.8,3295,4,0.121,412,0,0.0,0,0,,0,0,
Generator_11page_NOimg_25.08,10,2060,2026-08-25,2,.team 80% .lol 20%,16427,2,0,0.097,1.2,1648,2,0.121,412,0,0.0,0,0,,0,0,
Generator_11page_img_25.08,5,1030,2026-08-25,2,.team 100%,4032,1,0,0.097,2.5,1030,1,0.097,0,0,,0,0,,0,0,
nabory411420_styled_img,10,2060,2026-09-06,2,.lol 50% .team 50%,5985,2,2,0.097,3.3,1030,1,0.097,1030,1,0.097,0,0,,0,0,
nabory421425_styled_img,5,1029,2026-09-06,2,.lol 60% .team 40%,3399,1,0,0.097,2.9,412,0,0.0,617,1,0.162,0,0,,0,0,
NEW20_4_7pages_withdate,5,1030,2026-09-07,2,.lol 60% .team 40%,1111,1,1,0.097,9.0,412,1,0.243,618,0,0.0,0,0,,0,0,
NEW20_7pages_withdate_оформлено,5,1030,2026-09-07,2,.team 80% .lol 20%,889,1,0,0.097,11.2,824,0,0.0,206,1,0.485,0,0,,0,0,
content-2026-09-14c-7str-oform-1,45,9270,2026-09-15,3,.team 60% .lol 40%,63665,9,2,0.097,1.4,5562,5,0.09,3708,4,0.108,0,0,,0,0,
nabory-601-610,10,2060,2026-09-17,2,.team 60% .lol 40%,4114,2,1,0.097,4.9,1236,2,0.162,824,0,0.0,0,0,,0,0,
NEW50_7pages_withdate_01.09,11,2266,2026-09-01,4,.team 82% .lol 18%,20287,2,1,0.088,1.0,1854,2,0.108,412,0,0.0,0,0,,0,0,
clean12_unique11оформлено,11,2266,2026-09-07,2,.team 82% .lol 18%,8823,2,1,0.088,2.3,1854,1,0.054,412,1,0.243,0,0,,0,0,
clean7_part1_50оформлено,50,10300,2026-09-08,4,.lol 46% .team 44% .casino 10%,30038,9,1,0.087,3.0,4532,7,0.154,4738,1,0.021,1030,1,0.097,0,0,
NEW50_2_12pages_withdate_02.09,17,3501,2026-09-02,2,.team 82% .lol 18%,20980,3,0,0.086,1.4,2883,3,0.104,618,0,0.0,0,0,,0,0,
content-2026-09-17b-7str-oform,40,7176,2026-09-18,4,.lol 100%,21691,6,1,0.084,2.8,0,0,,7176,6,0.084,0,0,,0,0,
NEW21_7pages_nodate_styled_img,6,1236,2026-09-05,2,.team 83% .lol 17%,2588,1,1,0.081,3.9,1030,1,0.097,206,0,0.0,0,0,,0,0,
NEW20_12pages_nodate_оформлено,6,1236,2026-09-07,2,.lol 50% .team 50%,1971,1,0,0.081,5.1,618,1,0.162,618,0,0.0,0,0,,0,0,
archive37строформленоv2часть3,45,9270,2026-09-08,4,.lol 56% .buzz 27% .team 13%,18661,7,2,0.076,3.8,1236,0,0.0,5150,2,0.039,412,4,0.971,2472,1,0.04
NEW102оформленобездаты,42,8652,2026-09-10,4,.casino 40% .team 31% .lol 29%,37335,6,2,0.069,1.6,2678,3,0.112,2472,1,0.04,3502,2,0.057,0,0,
content-2026-09-15-7str-oform-1,50,10299,2026-09-16,3,.lol 62% .team 38%,15307,7,2,0.068,4.6,3913,6,0.153,6386,1,0.016,0,0,,0,0,
NEW33_12pages_withdate_25.08,8,1647,2026-08-25,2,.team 100%,12898,1,0,0.061,0.8,1647,1,0.061,0,0,,0,0,,0,0,
NEW50_12pages_nodate_01.09,8,1648,2026-09-01,2,.casino 100%,13606,1,1,0.061,0.7,0,0,,0,0,,1648,1,0.061,0,0,
content-2026-09-14-12str-oform,16,3296,2026-09-14,2,.team 62% .lol 38%,5342,2,0,0.061,3.7,2060,2,0.097,1236,0,0.0,0,0,,0,0,
content-2026-09-16-7str,42,8372,2026-09-17,2,.team 56% .lol 44%,25427,5,1,0.06,2.0,4682,3,0.064,3690,2,0.054,0,0,,0,0,
nabory-631-640,9,1742,2026-09-18,4,.lol 100%,5561,1,0,0.057,1.8,0,0,,1742,1,0.057,0,0,,0,0,
content-2026-09-14-7str-oform-1,9,1854,2026-09-15,2,.lol 56% .team 44%,1303,1,0,0.054,7.7,824,1,0.121,1030,0,0.0,0,0,,0,0,
nabory274283,10,2060,2026-09-02,4,.lol 70% .team 30%,3058,1,0,0.049,3.3,618,0,0.0,1442,1,0.069,0,0,,0,0,
archive47_unique119оформленочасть1,40,8240,2026-09-09,3,.team 50% .lol 40% .casino 10%,12950,4,2,0.049,3.1,4120,0,0.0,3296,3,0.091,824,1,0.121,0,0,
nabory-535-544_styled_img,10,2060,2026-09-16,2,.lol 70% .team 30%,9421,1,0,0.049,1.1,618,0,0.0,1442,1,0.069,0,0,,0,0,
content-2026-09-15-7str-oform-2,50,10300,2026-09-16,2,.team 58% .lol 42%,38091,5,2,0.049,1.3,5974,3,0.05,4326,2,0.046,0,0,,0,0,
nabory-651-660,10,2060,2026-09-19,3,.lol 100%,4399,1,0,0.049,2.3,0,0,,2060,1,0.049,0,0,,0,0,
script_yandex_12page,21,4326,2026-09-11,3,.casino 76% .team 19% .lol 5%,9389,2,0,0.046,2.1,824,2,0.243,206,0,0.0,3296,0,0.0,0,0,
content-2026-09-17-7str-oform-1,50,9347,2026-09-20,2,.lol 89% .team 11%,26058,4,1,0.043,1.5,1050,0,0.0,8297,4,0.048,0,0,,0,0,
NEW50_3_7pages_withdate_styled,12,2472,2026-09-03,2,.lol 75% .team 25%,6137,1,0,0.04,1.6,618,1,0.162,1854,0,0.0,0,0,,0,0,
content-2026-09-14b-7str-oform-2,51,10505,2026-09-15,4,.team 75% .lol 25%,31182,4,2,0.038,1.3,7827,4,0.051,2678,0,0.0,0,0,,0,0,
NEW50_3_7pages_nodate_styled,13,2678,2026-09-03,2,.team 62% .lol 38%,3613,1,0,0.037,2.8,1648,1,0.061,1030,0,0.0,0,0,,0,0,
archive37строформленоv2часть1,45,9269,2026-09-08,5,.lol 53% .team 29% .buzz 18%,13319,3,1,0.032,2.3,2678,2,0.075,4943,1,0.02,0,0,,1648,0,0.0
content-2026-09-12-7str-oform,121,24925,2026-09-12,4,.team 55% .lol 41% .casino 3%,32400,7,1,0.028,2.2,13801,3,0.022,10300,4,0.039,824,0,0.0,0,0,
content-2026-09-14b-7str-oform-1,45,7814,2026-09-17,3,.lol 51% .team 49%,9537,2,0,0.026,2.1,3804,2,0.053,4010,0,0.0,0,0,,0,0,
archive37строформленоv2часть2,45,9270,2026-09-08,2,.buzz 58% .lol 42%,6861,2,1,0.022,2.9,0,0,,3914,1,0.026,0,0,,5356,1,0.019
archive47_unique119оформленочасть2,24,4943,2026-09-09,3,.team 83% .lol 13% .casino 4%,6001,1,0,0.02,1.7,4119,0,0.0,618,1,0.162,206,0,0.0,0,0,
content-2026-09-14-7str-oform-9,31,6274,2026-09-15,3,.team 82% .lol 18%,9506,1,1,0.016,1.1,5150,0,0.0,1124,1,0.089,0,0,,0,0,
ТЕСТ B Generator_11page_NOimg_24.08,11,2266,2026-08-24,2,.team 82% .lol 18%,17388,0,0,0.0,0.0,1854,0,0.0,412,0,0.0,0,0,,0,0,
nabory264268_01.09,4,824,2026-09-01,2,.team 100%,401,0,0,0.0,0.0,824,0,0.0,0,0,,0,0,,0,0,
nabory294303,10,2060,2026-09-02,4,.lol 70% .team 30%,2985,0,0,0.0,0.0,618,0,0.0,1442,0,0.0,0,0,,0,0,
nabory284293,10,2060,2026-09-02,4,.lol 100%,1504,0,0,0.0,0.0,0,0,,2060,0,0.0,0,0,,0,0,
kruzhevnayamasterskaya1html,1,206,2026-09-04,2,.team 100%,954,0,0,0.0,0.0,206,0,0.0,0,0,,0,0,,0,0,
Generator_354359_styled_img,6,1235,2026-09-04,2,.team 100%,1064,0,0,0.0,0.0,1235,0,0.0,0,0,,0,0,,0,0,
NEW20_7pages_withdate_styled_img,3,618,2026-09-04,2,.casino 100%,213,0,0,0.0,0.0,0,0,,0,0,,618,0,0.0,0,0,
NEW20_7pages_nodate_styled_img,6,1236,2026-09-04,2,.team 67% .casino 33%,1242,0,0,0.0,0.0,824,0,0.0,0,0,,412,0,0.0,0,0,
Generator_368369_styled_img,2,412,2026-09-04,2,.team 100%,427,0,0,0.0,0.0,412,0,0.0,0,0,,0,0,,0,0,
trikomplekta,3,618,2026-09-04,2,.team 100%,1176,0,0,0.0,0.0,618,0,0.0,0,0,,0,0,,0,0,
Generator_B_novyy_bez_img,2,412,2026-09-04,2,.team 100%,78,0,0,0.0,0.0,412,0,0.0,0,0,,0,0,,0,0,
Generator_A_staryy_stil,2,412,2026-09-04,2,.team 100%,117,0,0,0.0,0.0,412,0,0.0,0,0,,0,0,,0,0,
Generator_370382_styled_img,13,2678,2026-09-05,2,.team 100%,565,0,0,0.0,0.0,2678,0,0.0,0,0,,0,0,,0,0,
trikomplektaB,3,618,2026-09-05,2,.team 67% .lol 33%,364,0,0,0.0,0.0,412,0,0.0,206,0,0.0,0,0,,0,0,
Generator_385390_styled_img,6,1236,2026-09-05,2,.team 83% .lol 17%,601,0,0,0.0,0.0,1030,0,0.0,206,0,0.0,0,0,,0,0,
degtyarnya,1,206,2026-09-05,2,.team 100%,15,0,0,0.0,0.0,206,0,0.0,0,0,,0,0,,0,0,
NEW21_12pages_nodate_styled_img,6,1236,2026-09-05,2,.casino 100%,6553,0,0,0.0,0.0,0,0,,0,0,,1236,0,0.0,0,0,
NEW21_7pages_withdate_styled_img,5,1030,2026-09-05,2,.casino 100%,2658,0,0,0.0,0.0,0,0,,0,0,,1030,0,0.0,0,0,
shponnayarezka1,1,206,2026-09-05,2,.team 100%,58,0,0,0.0,0.0,206,0,0.0,0,0,,0,0,,0,0,
tesemochnaya1,1,206,2026-09-05,2,.team 100%,221,0,0,0.0,0.0,206,0,0.0,0,0,,0,0,,0,0,
nabor391,1,206,2026-09-05,2,.team 100%,20,0,0,0.0,0.0,206,0,0.0,0,0,,0,0,,0,0,
Generator_392396_styled_img,5,1030,2026-09-06,2,.team 100%,6003,0,0,0.0,0.0,1030,0,0.0,0,0,,0,0,,0,0,
bortnichiydvor1,1,206,2026-09-06,2,.team 100%,368,0,0,0.0,0.0,206,0,0.0,0,0,,0,0,,0,0,
drobilnyydvor1,1,206,2026-09-06,2,.lol 100%,24,0,0,0.0,0.0,0,0,,206,0,0.0,0,0,,0,0,
NEW20_3_12pages_withdate_styled_img,5,1030,2026-09-06,2,.lol 100%,4455,0,0,0.0,0.0,0,0,,1030,0,0.0,0,0,,0,0,
NEW20_3_12pages_nodate_styled_img,4,824,2026-09-06,2,.casino 100%,5546,0,0,0.0,0.0,0,0,,0,0,,824,0,0.0,0,0,
nabory400410_styled_img,11,2266,2026-09-06,2,.lol 64% .team 36%,2774,0,0,0.0,0.0,824,0,0.0,1442,0,0.0,0,0,,0,0,
struktura8x7,8,1648,2026-09-06,2,.team 100%,6625,0,0,0.0,0.0,1648,0,0.0,0,0,,0,0,,0,0,
troykaC,3,618,2026-09-06,2,.team 100%,972,0,0,0.0,0.0,618,0,0.0,0,0,,0,0,,0,0,
NEW20_3_7pages_nodate_styled_img,6,1235,2026-09-06,2,.team 83% .lol 17%,3752,0,0,0.0,0.0,1030,0,0.0,205,0,0.0,0,0,,0,0,
Выдача_06.09_7стр,2,412,2026-09-07,2,.lol 50% .team 50%,978,0,0,0.0,0.0,206,0,0.0,206,0,0.0,0,0,,0,0,
NEW20_4_7pages_nodate,5,1030,2026-09-07,2,.team 80% .lol 20%,1461,0,0,0.0,0.0,824,0,0.0,206,0,0.0,0,0,,0,0,
nabory431435_styled_img,5,1030,2026-09-07,2,.team 60% .lol 40%,4060,0,0,0.0,0.0,618,0,0.0,412,0,0.0,0,0,,0,0,
nabory436440_styled_img,5,1030,2026-09-07,2,.team 100%,1472,0,0,0.0,0.0,1030,0,0.0,0,0,,0,0,,0,0,
NEW20_12pages_withdate_оформлено,4,824,2026-09-07,2,.lol 50% .team 50%,1791,0,0,0.0,0.0,412,0,0.0,412,0,0.0,0,0,,0,0,
NEW20_7pages_nodate_оформлено,5,1030,2026-09-07,2,.team 100%,1221,0,0,0.0,0.0,1030,0,0.0,0,0,,0,0,,0,0,
nabory441443_styled_img,3,618,2026-09-07,2,.team 100%,1174,0,0,0.0,0.0,618,0,0.0,0,0,,0,0,,0,0,
nabory447451_styled_img,5,1030,2026-09-08,2,.buzz 60% .lol 40%,1511,0,0,0.0,0.0,0,0,,412,0,0.0,0,0,,618,0,0.0
nabory455457_styled_img,3,618,2026-09-09,2,.lol 100%,414,0,0,0.0,0.0,0,0,,618,0,0.0,0,0,,0,0,
nabory464466,3,618,2026-09-10,2,.team 100%,2494,0,0,0.0,0.0,618,0,0.0,0,0,,0,0,,0,0,
nabory481483_styled_img_dark,3,618,2026-09-11,2,.team 100%,1867,0,0,0.0,0.0,618,0,0.0,0,0,,0,0,,0,0,
nabory484486_styled_img,3,618,2026-09-11,2,.team 100%,399,0,0,0.0,0.0,618,0,0.0,0,0,,0,0,,0,0,
nabory-490-494_styled_img,5,1030,2026-09-12,2,.team 80% .casino 20%,420,0,0,0.0,0.0,824,0,0.0,0,0,,206,0,0.0,0,0,
nabory-495-499_styled_img,5,1030,2026-09-13,2,.team 80% .lol 20%,683,0,0,0.0,0.0,824,0,0.0,206,0,0.0,0,0,,0,0,
nabory-500-509_styled_img,10,2060,2026-09-14,2,.team 90% .lol 10%,181,0,0,0.0,0.0,1854,0,0.0,206,0,0.0,0,0,,0,0,
content-2026-09-12-12str-oform,3,618,2026-09-14,2,.lol 100%,10,0,0,0.0,0.0,0,0,,618,0,0.0,0,0,,0,0,
nabory-510-514_styled_img,5,1029,2026-09-14,2,.team 100%,40,0,0,0.0,0.0,1029,0,0.0,0,0,,0,0,,0,0,
content-2026-09-14-7str-oform-8,27,5450,2026-09-14,4,.lol 70% .team 30%,4273,0,0,0.0,0.0,1648,0,0.0,3802,0,0.0,0,0,,0,0,
nabory-515-524_styled_img,10,2060,2026-09-14,3,.team 100%,2293,0,0,0.0,0.0,2060,0,0.0,0,0,,0,0,,0,0,
nabory-525-534_styled_img,10,2060,2026-09-15,2,.lol 70% .team 30%,542,0,0,0.0,0.0,618,0,0.0,1442,0,0.0,0,0,,0,0,
nabory-545-554_styled_img,10,1948,2026-09-16,2,.lol 100%,8698,0,0,0.0,0.0,0,0,,1948,0,0.0,0,0,,0,0,
nabory-565-580,16,3295,2026-09-16,2,.lol 50% .team 50%,8352,0,0,0.0,0.0,1647,0,0.0,1648,0,0.0,0,0,,0,0,
nabory-581-590,10,2004,2026-09-16,3,.team 82% .lol 18%,2233,0,0,0.0,0.0,1648,0,0.0,356,0,0.0,0,0,,0,0,
nabory-591-600,10,2060,2026-09-17,2,.team 70% .lol 30%,6106,0,0,0.0,0.0,1442,0,0.0,618,0,0.0,0,0,,0,0,
content-2026-09-15-12str-oform,3,618,2026-09-17,2,.team 67% .lol 33%,205,0,0,0.0,0.0,412,0,0.0,206,0,0.0,0,0,,0,0,
content-2026-09-16-12str,6,1236,2026-09-17,2,.team 67% .lol 33%,3886,0,0,0.0,0.0,824,0,0.0,412,0,0.0,0,0,,0,0,
nabory-611-620,10,1778,2026-09-17,2,.lol 52% .team 48%,1333,0,0,0.0,0.0,860,0,0.0,918,0,0.0,0,0,,0,0,
nabory-641-650,10,2060,2026-09-19,3,.lol 100%,8036,0,0,0.0,0.0,0,0,,2060,0,0.0,0,0,,0,0,
content-2026-09-19-12str,3,618,2026-09-20,2,.lol 100%,1678,0,0,0.0,0.0,0,0,,618,0,0.0,0,0,,0,0,
content-2026-09-17-12str-oform,2,412,2026-09-20,2,.lol 100%,549,0,0,0.0,0.0,0,0,,412,0,0.0,0,0,,0,0,
