domain,content,recrawl,days,clicks,peak,peak_day,drop_day,state,series
hkucasino.team,content-2026-09-16-7str_3,18.09 00:53,11,469,211,3,5,обвал,0 45 38 211 68 26 19 30 10 17 5
hlfa.lol,content-2026-09-16-7str_8,18.09 00:56,11,116,19,8,,держится,0 2 2 12 9 15 13 16 19 15 13
ihkx.lol,content-2026-09-16-7str_5,18.09 00:59,11,13,,,,почти без кликов,0 0 0 2 0 2 0 3 3 3 0
jgd.lol,content-2026-09-14b-7str-oform-1_32,18.09 01:09,11,42,13,3,8,обвал,0 2 2 13 7 5 7 5 1 0 0
qwzn.lol,content-2026-09-16-7str_2,18.09 01:12,11,11,,,,почти без кликов,0 0 0 0 3 1 2 2 1 1 1
y0e7.lol,content-2026-09-16-7str_7,18.09 01:16,11,8,,,,почти без кликов,0 1 0 1 0 2 1 1 1 1 0
zodd.lol,content-2026-09-14b-7str-oform-1_33,18.09 01:26,11,12,,,,почти без кликов,0 0 2 0 2 0 2 2 2 2 0
3829.lol,nabory-611-620_4,18.09 01:29,11,24,6,5,9,обвал,0 1 0 4 1 6 2 3 5 1 1
4572.lol,nabory-611-620_5,18.09 01:31,11,18,,,,почти без кликов,0 1 1 1 3 4 2 3 1 2 0
casino0752.team,nabory-611-620_3,18.09 01:40,11,27,13,3,4,обвал,0 1 3 13 3 2 3 1 1 0 0
casinonz.team,nabory-611-620_2,18.09 01:54,11,22,5,5,10,обвал,0 2 0 4 2 5 2 3 2 2 0
casinoydl.team,nabory-611-620_1,18.09 01:57,11,17,,,,почти без кликов,0 0 1 1 1 1 3 1 4 5 0
0860.team,content-2026-09-17-7str-oform-2_8,18.09 02:00,11,1873,530,6,7,обвал,0 0 56 412 130 368 530 120 77 116 64
0908.lol,content-2026-09-17-7str-oform-2_11,18.09 02:09,11,33,9,3,5,обвал,0 0 3 9 6 1 1 6 4 2 1
1153.team,content-2026-09-17-7str-oform-2_51,18.09 02:19,11,48,13,8,10,обвал,0 0 0 3 3 8 4 9 13 7 1
1490.team,content-2026-09-17-7str-oform-2_20,18.09 02:22,11,37,7,5,10,обвал,0 0 2 2 4 7 4 7 7 3 1
1806.lol,content-2026-09-17-7str-oform-2_54,18.09 02:32,11,137,29,10,,держится,0 3 12 15 20 15 16 10 11 6 29
2385.lol,content-2026-09-17-7str-oform-2_38,18.09 02:38,11,45,11,3,8,обвал,0 3 5 11 7 8 4 7 0 0 0
2596.team,content-2026-09-17-7str-oform-2_34,18.09 02:41,11,184,41,3,10,обвал,0 4 26 41 22 17 14 19 23 12 6
2669.lol,content-2026-09-17-7str-oform-2_44,18.09 02:48,11,67,24,3,6,обвал,0 0 9 24 8 8 3 5 5 3 2
2753casino.lol,content-2026-09-17-7str-oform-2_26,18.09 02:55,11,19,,,,почти без кликов,0 0 1 4 1 4 0 6 1 2 0
3089.team,content-2026-09-17-7str-oform-2_29,18.09 02:57,11,17,,,,почти без кликов,0 0 1 1 3 3 4 0 3 1 1
33casino.lol,content-2026-09-17-7str-oform-2_25,18.09 03:07,11,29,6,4,9,обвал,0 0 3 3 6 5 3 2 4 1 2
3523.lol,content-2026-09-17-7str-oform-2_9,18.09 03:10,11,82,26,2,4,обвал,0 3 26 9 4 15 4 13 4 4 0
3578.lol,content-2026-09-17-7str-oform-2_13,18.09 03:20,11,355,67,8,,держится,0 0 11 34 20 17 56 57 67 45 48
4705.lol,content-2026-09-17-7str-oform-2_12,18.09 03:23,11,65,16,3,8,обвал,0 0 8 16 14 6 5 7 2 5 2
5988.team,content-2026-09-17-7str-oform-2_35,18.09 03:33,11,79,16,4,9,обвал,0 1 4 7 16 15 8 8 15 3 2
6099.team,content-2026-09-17-7str-oform-2_49,18.09 03:39,11,26,6,7,10,обвал,0 0 3 5 1 4 1 6 2 4 0
6806.lol,content-2026-09-17-7str-oform-2_43,18.09 03:42,11,70,19,2,4,обвал,0 2 19 8 2 8 11 6 8 3 3
7569.lol,content-2026-09-17-7str-oform-2_14,18.09 03:48,11,1,,,,почти без кликов,0 0 0 0 0 0 0 0 0 0 1
7694.team,content-2026-09-17-7str-oform-2_50,18.09 03:56,11,35,11,6,9,обвал,0 0 0 1 2 4 11 9 4 2 2
7957.lol,content-2026-09-17-7str-oform-2_24,18.09 03:59,11,613,205,3,6,обвал,0 2 86 205 70 64 45 25 35 47 34
8208.lol,content-2026-09-17-7str-oform-2_15,18.09 12:15,11,37,9,7,10,обвал,0 1 4 2 5 4 3 9 4 3 2
8959.lol,content-2026-09-17-7str-oform-2_23,18.09 12:18,11,25,8,7,,снижается,0 0 1 2 0 4 0 8 2 5 3
9614.lol,content-2026-09-17-7str-oform-2_16,18.09 12:21,11,49,14,8,,держится,0 0 0 0 0 3 0 13 14 11 8
casinoaa.lol,content-2026-09-17-7str-oform-2_36,18.09 12:31,11,121,28,3,8,обвал,0 1 20 28 21 23 8 17 0 3 0
casinoiho.lol,content-2026-09-17-7str-oform-2_53,18.09 12:34,11,18,,,,почти без кликов,0 2 0 4 0 5 0 5 0 2 0
casinoun.lol,content-2026-09-17-7str-oform-2_10,18.09 12:39,11,122,24,7,9,обвал,0 0 23 20 17 13 12 24 8 3 2
casinov7.lol,content-2026-09-17-7str-oform-2_18,18.09 12:47,11,29,7,10,,держится,0 0 5 1 3 1 3 5 4 0 7
casinoxn.lol,content-2026-09-17-7str-oform-2_41,18.09 12:51,11,43,9,5,8,обвал,0 1 7 6 7 9 4 4 1 3 1
casinoz3.lol,content-2026-09-17-7str-oform-2_22,18.09 13:00,11,98,67,2,3,обвал,0 0 67 12 9 2 4 2 0 2 0
dbcasino.lol,content-2026-09-17-7str-oform-2_17,18.09 13:04,11,110,32,4,8,обвал,0 2 10 13 32 17 8 8 7 8 5
0269.lol,content-2026-09-17b-7str-oform_32,18.09 13:38,11,87,25,7,9,обвал,0 1 5 4 13 16 7 25 9 5 2
0858.lol,content-2026-09-17b-7str-oform_15,18.09 13:41,11,23,12,2,4,обвал,0 0 12 3 0 2 1 2 2 1 0
1558.lol,content-2026-09-17b-7str-oform_35,18.09 13:45,11,98,21,4,8,обвал,0 1 20 14 21 10 14 8 4 2 4
1578.lol,content-2026-09-17b-7str-oform_24,18.09 13:55,11,109,19,4,8,обвал,0 16 11 15 19 14 12 14 4 3 1
1794.lol,nabory-621-630_10,18.09 14:01,11,313,110,2,4,обвал,0 104 110 34 18 9 13 6 9 4 6
2756.lol,content-2026-09-17b-7str-oform_2,18.09 14:02,11,669,137,4,9,обвал,0 34 88 85 137 60 74 83 92 6 10
4333.lol,content-2026-09-17b-7str-oform_23,18.09 14:11,11,129,23,7,10,обвал,0 3 20 19 18 17 12 23 8 6 3
7829.lol,content-2026-09-17b-7str-oform_41,18.09 14:17,11,37,8,4,9,обвал,0 0 6 2 8 4 8 4 4 1 0
8069casino.lol,content-2026-09-17b-7str-oform_19,18.09 14:18,11,349,114,3,6,обвал,0 0 113 114 60 40 9 5 3 4 1
bihl.lol,content-2026-09-17b-7str-oform_22,18.09 14:26,11,418,151,2,4,обвал,0 63 151 84 32 25 15 23 9 7 9
btum.team,content-2026-09-17-7str-oform-2_46,18.09 14:39,11,142,47,2,4,обвал,0 31 47 13 10 10 9 11 4 2 5
casino45.lol,content-2026-09-17b-7str-oform_40,18.09 14:45,11,340,135,2,5,обвал,0 9 135 48 37 30 13 25 6 20 17
czfe.lol,content-2026-09-17b-7str-oform_1,18.09 14:48,11,123,24,3,9,обвал,0 6 21 24 16 17 9 20 6 4 0
dyxo.lol,content-2026-09-17-7str-oform-2_4,18.09 14:56,11,568,90,7,,снижается,0 2 61 77 54 66 75 90 68 44 31
fhml.lol,nabory-621-630_8,18.09 15:03,10,101,24,2,9,обвал,0 4 24 13 17 11 12 9 8 3
k2x1.lol,nabory-621-630_6,18.09 15:07,10,89,17,2,9,обвал,0 3 17 13 12 14 8 15 5 2
k6x.team,content-2026-09-17-7str-oform-2_42,18.09 15:13,10,351,89,3,6,обвал,0 7 76 89 41 50 17 41 12 18
rxdu.lol,nabory-621-630_1,18.09 15:19,10,57,16,2,8,обвал,0 3 16 5 7 9 8 6 3 0
t1g7.lol,content-2026-09-17b-7str-oform_31,18.09 15:34,10,34,9,7,8,обвал,0 0 3 2 6 7 5 9 2 0
t8z9.lol,content-2026-09-17-7str-oform-2_21,18.09 15:50,10,55,12,7,,снижается,0 3 2 7 5 8 6 12 8 4
tbvi.lol,content-2026-09-17b-7str-oform_11,18.09 16:06,10,93,27,3,6,обвал,0 2 6 27 12 11 6 14 9 6
tgwv.lol,content-2026-09-17b-7str-oform_18,18.09 16:26,10,4,,,,почти без кликов,0 0 0 1 0 2 0 1 0 0
2928.lol,content-2026-09-17b-7str-oform_26,18.09 17:29,10,175,73,2,4,обвал,0 31 73 21 13 9 13 9 6 0
2966.lol,content-2026-09-17b-7str-oform_36,18.09 17:34,10,498,116,2,5,обвал,0 86 116 77 48 17 74 56 21 3
2991.lol,content-2026-09-17b-7str-oform_33,18.09 17:38,10,141,25,2,8,обвал,0 5 25 24 18 23 16 18 5 7
3442.lol,nabory-621-630_5,18.09 17:46,10,154,50,2,6,обвал,0 3 50 29 21 18 12 16 5 0
3785.lol,content-2026-09-17b-7str-oform_38,18.09 17:50,10,1082,518,2,4,обвал,0 15 518 337 59 41 19 46 25 22
4497.lol,nabory-631-640_9,18.09 17:57,10,55,13,2,8,обвал,0 1 13 10 5 9 5 8 2 2
5649.lol,nabory-631-640_10,18.09 18:04,10,111,22,5,8,обвал,0 3 13 14 16 22 13 21 5 4
6015casino.lol,content-2026-09-17b-7str-oform_16,18.09 18:48,10,160,69,1,2,обвал,0 69 16 13 14 5 11 15 14 3
casinog4.lol,nabory-621-630_3,18.09 19:04,10,286,69,2,9,обвал,0 24 69 52 26 31 21 35 20 8
casinok9.team,content-2026-09-17-7str-oform-2_27,18.09 19:20,10,893,324,2,5,обвал,0 211 324 126 96 35 25 37 26 13
6021.lol,nabory-631-640_2,18.09 20:42,10,196,50,2,8,обвал,0 3 50 38 20 31 13 29 4 8
6051.lol,content-2026-09-17b-7str-oform_27,18.09 20:45,10,1086,297,3,6,обвал,0 5 240 297 231 147 51 67 39 9
6578.lol,content-2026-09-17b-7str-oform_10,18.09 20:48,10,159,58,2,3,обвал,0 8 58 14 26 11 14 14 12 2
6606.lol,content-2026-09-17-7str-oform-2_5,18.09 20:59,10,1,,,,почти без кликов,0 0 0 0 0 0 0 0 0 1
7213.lol,content-2026-09-17b-7str-oform_6,18.09 21:03,10,217,58,2,6,обвал,0 16 58 38 40 36 7 15 3 4
7743casino.lol,content-2026-09-17-7str-oform-2_6,19.09 00:59,10,340,103,3,6,обвал,2 3 98 103 56 38 6 13 5 16
7763.lol,content-2026-09-17b-7str-oform_7,19.09 01:02,10,61,13,2,6,обвал,0 2 13 7 7 12 3 13 1 3
8590.lol,content-2026-09-17b-7str-oform_5,19.09 01:05,10,24,6,5,6,обвал,0 1 1 4 2 6 1 6 1 2
9145.lol,nabory-621-630_7,19.09 01:15,10,278,97,2,5,обвал,1 15 97 70 30 20 24 14 3 4
9495casino.lol,content-2026-09-17b-7str-oform_12,19.09 01:17,10,77,34,2,3,обвал,7 22 34 6 1 3 0 3 1 0
95casino.team,content-2026-09-17-7str-oform-2_31,19.09 03:48,10,178,50,1,3,обвал,5 50 40 10 6 5 12 12 18 20
b3r.lol,content-2026-09-17b-7str-oform_34,19.09 03:49,10,520,176,2,5,обвал,4 30 176 93 84 19 37 25 22 30
btcasino.team,content-2026-09-17-7str-oform-2_19,19.09 03:51,10,1018,620,2,3,обвал,1 313 620 28 19 8 16 7 6 0
casino362.lol,nabory-631-640_5,19.09 04:03,10,532,196,2,5,обвал,54 63 196 140 51 10 9 8 1 0
casino95.lol,nabory-631-640_8,19.09 04:05,10,47,12,4,5,обвал,0 5 8 8 12 0 11 2 1 0
casinoasg.lol,nabory-621-630_4,19.09 12:55,10,2026,708,2,4,обвал,94 661 708 338 157 16 24 12 12 4
casinom9.lol,content-2026-09-17b-7str-oform_13,19.09 12:58,10,1319,519,1,3,обвал,255 519 380 84 27 12 23 9 8 2
casinomd.team,content-2026-09-17-7str-oform-2_7,19.09 13:01,10,3832,1367,1,5,обвал,9 1367 1168 545 426 170 54 36 27 30
casinooat.lol,nabory-631-640_1,19.09 13:11,10,2001,551,1,5,обвал,103 551 521 341 215 82 49 51 56 32
casinot8.lol,nabory-631-640_7,19.09 13:14,10,212,49,3,7,обвал,8 32 47 49 30 16 17 6 4 3
casinoyks.lol,content-2026-09-17b-7str-oform_30,19.09 13:17,10,922,271,1,6,обвал,45 271 205 86 150 72 48 18 19 8
fvqcasino.lol,nabory-621-630_2,19.09 13:48,10,2628,945,1,4,обвал,50 945 889 373 164 64 55 37 35 16
g4j.lol,content-2026-09-17b-7str-oform_29,19.09 14:04,10,183,63,1,5,обвал,0 63 45 25 21 7 14 2 5 1
h1g.team,content-2026-09-17-7str-oform-2_55,19.09 14:23,10,2197,1085,1,3,обвал,8 1085 742 149 56 20 48 26 36 27
hch.lol,content-2026-09-17-7str-oform-2_47,19.09 14:39,10,1664,691,2,3,обвал,41 632 691 162 43 22 28 15 17 13
iitm.team,content-2026-09-17-7str-oform-2_52,19.09 14:55,10,2982,887,2,5,обвал,16 784 887 447 328 151 140 90 63 76
j1a.lol,content-2026-09-17b-7str-oform_14,19.09 15:11,9,612,252,1,4,обвал,6 252 158 72 40 26 27 11 20
j2i.lol,content-2026-09-17-7str-oform-2_33,19.09 15:25,9,861,284,1,5,обвал,0 284 254 123 95 19 34 31 21
rgjz.lol,content-2026-09-17b-7str-oform_9,19.09 15:28,9,115,27,1,5,обвал,0 27 27 21 14 6 10 4 6
rkw.lol,content-2026-09-17b-7str-oform_28,19.09 15:32,9,366,97,2,5,обвал,2 67 97 63 65 20 32 10 10
jafcasino.lol,content-2026-09-17-7str-oform-2_40,19.09 15:41,9,799,461,1,3,обвал,1 461 167 81 40 10 21 4 14
jlbq.lol,content-2026-09-17b-7str-oform_3,19.09 15:45,9,579,192,1,5,обвал,27 192 156 64 78 30 12 11 9
kicasino.team,content-2026-09-17-7str-oform-2_56,19.09 16:04,9,4674,1658,2,4,обвал,25 1546 1658 707 375 185 89 37 52
kkci.lol,content-2026-09-17-7str-oform-2_37,19.09 16:20,9,2849,1101,1,5,обвал,9 1101 936 300 300 86 56 35 26
kwsg.lol,nabory-621-630_9,19.09 16:36,9,1971,735,1,4,обвал,33 735 657 281 135 45 23 40 22
l3c7.lol,content-2026-09-17b-7str-oform_25,19.09 16:52,9,946,444,1,3,обвал,3 444 258 70 70 23 33 27 18
lmfq.team,content-2026-09-17-7str-oform-2_39,19.09 17:15,9,945,323,1,3,обвал,5 323 220 68 100 34 49 45 101
0711.lol,nabory-641-650_3,19.09 22:53,9,392,202,1,3,обвал,3 202 75 24 45 20 7 11 5
1540.lol,nabory-641-650_2,19.09 22:55,9,1648,951,2,3,обвал,8 511 951 114 21 15 9 16 3
154casino.lol,nabory-641-650_1,19.09 22:58,9,613,282,1,3,обвал,33 282 168 52 47 13 6 10 2
2708.lol,nabory-641-650_4,19.09 23:07,9,1080,516,1,3,обвал,37 516 284 110 72 26 9 22 4
4928.lol,nabory-651-660_10,19.09 23:37,9,633,387,1,3,обвал,6 387 143 35 10 23 8 17 4
5242.lol,nabory-651-660_3,19.09 23:54,9,936,496,1,3,обвал,24 496 273 48 37 19 10 25 4
7132.lol,nabory-641-650_7,20.09 00:52,9,67,29,1,4,обвал,0 29 9 10 0 10 0 8 1
7711.lol,nabory-651-660_1,20.09 01:08,9,278,136,1,3,обвал,6 136 56 26 17 17 5 14 1
8084casino.lol,nabory-641-650_6,20.09 01:24,9,15,,,,почти без кликов,0 3 1 5 2 3 0 1 0
8504.lol,nabory-651-660_8,20.09 01:40,9,472,122,3,5,обвал,35 95 115 122 80 5 6 8 6
byxx.lol,nabory-641-650_8,20.09 01:49,9,87,42,2,3,обвал,3 21 42 5 3 5 3 4 1
casino8600.lol,nabory-651-660_4,20.09 01:51,9,451,207,2,3,обвал,46 102 207 51 21 10 4 8 2
casinokgq.lol,nabory-651-660_7,20.09 01:58,9,66,30,1,3,обвал,2 30 14 6 4 6 0 3 1
hjeu.lol,nabory-651-660_9,20.09 02:04,9,270,88,1,3,обвал,56 88 49 15 19 16 13 10 4
j9x4.lol,nabory-651-660_5,20.09 02:11,9,132,37,0,5,обвал,37 35 19 11 15 7 3 4 1
jmpj.lol,nabory-651-660_2,20.09 03:04,9,34,8,1,4,обвал,5 8 5 4 1 5 1 4 1
lfra.lol,nabory-641-650_5,20.09 03:28,9,359,114,1,3,обвал,70 114 98 21 25 9 8 8 6
m9a2.lol,content-2026-09-17-7str-oform-2_30,20.09 03:55,9,73,28,1,2,обвал,7 28 6 11 5 4 3 5 4
mvxy.lol,content-2026-09-17b-7str-oform_37,20.09 04:17,9,24,4,1,8,обвал,3 4 3 4 2 4 2 2 0
n8i.lol,content-2026-09-17-7str-oform-2_3,20.09 04:33,9,99,32,2,4,обвал,17 28 32 8 3 3 3 3 2
nnjcasino.lol,nabory-631-640_3,20.09 04:56,9,287,67,2,5,обвал,45 57 67 56 35 6 9 9 3
pscasino.lol,nabory-631-640_6,20.09 05:22,9,1915,737,1,3,обвал,428 737 437 181 83 7 17 9 16
qtcasino.lol,nabory-651-660_6,20.09 05:38,9,1500,667,1,3,обвал,274 667 317 86 90 20 16 15 15
qucasino.team,content-2026-09-17-7str-oform-2_28,20.09 05:54,9,8351,4256,1,3,обвал,2527 4256 1344 127 42 7 23 6 19
r1m.lol,nabory-641-650_10,20.09 06:10,9,2984,1008,0,2,обвал,1008 880 247 260 396 67 49 50 27
v1t.team,content-2026-09-17-7str-oform-2_32,20.09 06:26,9,4058,2157,1,3,обвал,789 2157 781 119 44 56 37 41 34
vago.team,content-2026-09-17-7str-oform-2_45,20.09 06:42,9,1790,716,1,3,обвал,339 716 370 106 87 25 45 58 44
vbtw.team,content-2026-09-17-7str-oform-2_48,20.09 07:00,9,762,311,0,3,обвал,311 244 93 57 32 6 10 3 6
w9g6.lol,content-2026-09-17b-7str-oform_4,20.09 07:02,9,350,156,1,3,обвал,110 156 48 7 7 7 7 5 3
wlncasino.lol,content-2026-09-17b-7str-oform_8,20.09 07:03,9,71,37,1,3,обвал,4 37 18 4 2 3 2 1 0
wujcasino.lol,content-2026-09-17b-7str-oform_21,20.09 11:55,9,526,146,1,5,обвал,145 146 96 64 41 9 10 7 8
y2p5.lol,nabory-641-650_9,20.09 11:56,9,238,77,0,4,обвал,77 52 44 28 16 7 6 3 5
yjxb.lol,content-2026-09-17b-7str-oform_20,20.09 11:58,9,350,95,0,5,обвал,95 60 51 70 51 4 7 5 7
yzxw.lol,content-2026-09-17b-7str-oform_17,20.09 12:10,9,280,70,2,5,обвал,55 57 70 33 30 12 12 6 5
zinb.lol,content-2026-09-17b-7str-oform_39,20.09 12:13,9,1173,438,0,4,обвал,438 272 130 134 106 49 24 11 9
zlxcasino.lol,nabory-631-640_4,20.09 12:16,9,1426,576,1,4,обвал,289 576 300 150 87 7 6 5 6
1186casino.lol,content-2026-09-17-7str-oform-1_41,20.09 12:25,9,184,62,0,3,обвал,62 58 26 11 11 6 5 4 1
1244.lol,content-2026-09-17-7str-oform-1_27,20.09 12:53,9,2989,1017,1,4,обвал,567 1017 442 669 207 14 21 29 23
2032.lol,content-2026-09-17-7str-oform-1_38,20.09 13:09,9,255,90,0,4,обвал,90 40 32 35 17 12 10 11 8
2424.lol,content-2026-09-17-7str-oform-1_35,20.09 13:25,9,5642,2553,0,3,обвал,2553 2095 639 145 90 48 33 17 22
29casino.lol,content-2026-09-17-7str-oform-1_42,20.09 13:41,9,2490,1418,0,2,обвал,1418 948 75 15 12 8 11 3 0
3260.lol,content-2026-09-17-7str-oform-1_20,20.09 13:58,9,1502,328,1,5,обвал,311 328 218 301 114 53 76 59 42
3715casino.lol,content-2026-09-19-12str_1,20.09 14:14,9,1365,553,0,3,обвал,553 367 231 111 45 22 18 9 9
4069casino.lol,content-2026-09-17-7str-oform-1_36,20.09 14:29,9,625,339,0,2,обвал,339 212 25 14 9 4 11 11 0
4222.lol,content-2026-09-17-7str-oform-1_29,20.09 14:36,9,1948,915,1,2,обвал,819 915 138 10 19 8 20 5 14
4774.lol,content-2026-09-17-7str-oform-1_37,20.09 14:38,9,1261,561,1,2,обвал,542 561 101 10 11 9 13 5 9
5104.lol,content-2026-09-17-7str-oform-1_43,20.09 14:45,9,2969,1392,0,2,обвал,1392 1320 184 17 17 6 17 3 13
6081.lol,content-2026-09-17-7str-oform-1_22,20.09 14:52,9,930,609,0,2,обвал,609 258 26 11 7 8 8 3 0
6188.lol,content-2026-09-17-7str-oform-2_2,20.09 14:54,9,5997,4136,0,2,обвал,4136 1810 16 10 10 5 9 1 0
62casino.lol,content-2026-09-19-12str_3,20.09 15:02,8,2844,1140,1,3,обвал,996 1140 515 119 42 13 16 3
6527.lol,content-2026-09-17-7str-oform-1_23,20.09 15:09,8,219,62,1,3,обвал,61 62 44 15 15 5 12 5
6542.lol,content-2026-09-17-7str-oform-1_48,20.09 15:13,8,2890,807,1,5,обвал,799 807 378 544 215 90 36 21
6657.lol,content-2026-09-17-7str-oform-2_1,20.09 15:19,8,680,196,0,4,обвал,196 196 146 86 29 4 16 7
9827.lol,content-2026-09-17-12str-oform_2,20.09 15:45,8,245,101,1,3,обвал,63 101 42 14 8 8 8 1
casino0321.lol,content-2026-09-17-7str-oform-1_33,20.09 16:00,8,2991,2250,0,2,обвал,2250 632 67 11 12 4 9 6
casino377.lol,content-2026-09-17-7str-oform-1_40,20.09 16:16,8,1227,416,1,4,обвал,334 416 184 210 50 8 18 7
casino507.lol,content-2026-09-17-7str-oform-1_50,20.09 16:32,8,2261,1137,1,2,обвал,968 1137 105 17 13 6 12 3
casino587.lol,content-2026-09-17-7str-oform-1_21,20.09 16:48,8,12134,3931,1,4,обвал,2965 3931 2204 2000 333 263 287 151
casino792.lol,content-2026-09-17-7str-oform-1_28,20.09 17:04,8,9186,4462,1,2,обвал,3963 4462 613 81 22 13 23 9
casinoa1.lol,content-2026-09-17-7str-oform-1_39,20.09 17:19,8,5388,2557,1,3,обвал,1853 2557 656 243 38 11 20 10
oaza.lol,content-2026-09-17-12str-oform_1,20.09 17:20,8,1166,576,0,2,обвал,576 397 110 42 16 4 17 4
ofhy.lol,content-2026-09-17-7str-oform-1_44,20.09 17:23,8,1271,395,1,4,обвал,272 395 214 198 94 37 33 28
ofyc.lol,content-2026-09-17-7str-oform-1_26,20.09 17:32,8,831,326,0,4,обвал,326 179 101 170 35 4 11 5
ogji.lol,content-2026-09-17-7str-oform-1_32,20.09 17:53,8,879,518,0,2,обвал,518 253 41 30 15 11 8 3
opxcasino.lol,content-2026-09-17-7str-oform-1_18,20.09 18:09,8,586,216,1,4,обвал,171 216 88 65 11 6 21 8
sjan.lol,content-2026-09-17-7str-oform-1_45,20.09 18:25,8,1123,390,0,4,обвал,390 285 164 170 42 10 29 33
t6g.lol,content-2026-09-17-7str-oform-1_47,20.09 18:41,8,389,140,0,3,обвал,140 98 78 31 17 10 10 5
x2g8.lol,content-2026-09-19-12str_2,20.09 18:57,8,850,287,1,4,обвал,252 287 132 107 26 12 25 9
x5i0.lol,content-2026-09-17-7str-oform-1_30,20.09 19:14,8,591,239,0,3,обвал,239 197 73 44 20 2 15 1
xtcasino.lol,content-2026-09-17-7str-oform-1_24,20.09 19:21,8,4591,1801,1,3,обвал,1427 1801 744 421 92 39 36 31
ywbb.lol,content-2026-09-17-7str-oform-1_49,20.09 19:23,8,353,142,0,3,обвал,142 100 45 30 16 9 7 4
casinohpe.lol,content-2026-09-17-7str-oform-1_25,20.09 23:23,8,3894,1698,0,3,обвал,1698 1286 646 222 10 17 7 8
ckcasino.lol,content-2026-09-17-7str-oform-1_34,20.09 23:26,8,4608,4117,0,1,обвал,4117 233 158 48 9 22 8 13
dtu.lol,content-2026-09-17-7str-oform-1_19,20.09 23:29,8,1990,671,0,4,обвал,671 416 338 327 60 66 52 60
eozw.lol,content-2026-09-17-7str-oform-1_46,20.09 23:38,8,885,275,0,4,обвал,275 212 197 165 8 15 5 8
mjeu.lol,content-2026-09-17-7str-oform-1_31,20.09 23:44,8,2157,974,0,3,обвал,974 677 304 114 15 37 18 18
1519.lol,content-2026-09-17-7str-oform-1_13,21.09 00:54,8,1094,315,1,4,обвал,215 315 291 190 26 34 17 6
2155.lol,content-2026-09-17-7str-oform-1_12,21.09 00:55,8,1820,624,1,4,обвал,450 624 420 286 18 8 12 2
2502.lol,content-2026-09-14b-7str-oform-1_16,21.09 00:56,8,1031,372,1,4,обвал,302 372 190 121 16 13 13 4
2640.lol,content-2026-09-14b-7str-oform-1_7,21.09 01:09,8,1462,658,1,4,обвал,308 658 270 186 13 14 6 7
2749.team,content-2026-09-17-7str-oform-1_1,21.09 01:13,8,8202,3914,1,2,обвал,3716 3914 352 140 22 14 29 15
3808.lol,content-2026-09-17-7str-oform-1_9,21.09 01:16,8,510,232,0,2,обвал,232 180 43 18 16 9 9 3
4060.lol,content-2026-09-17-7str-oform-1_14,21.09 01:25,8,303,118,1,4,обвал,68 118 40 40 8 16 5 8
4248.team,content-2026-09-14b-7str-oform-1_21,21.09 01:31,8,1641,601,0,4,обвал,601 396 338 269 17 6 11 3
4389.lol,content-2026-09-14b-7str-oform-1_13,21.09 01:34,8,3708,2338,0,2,обвал,2338 1233 77 22 12 12 7 7
45casino.lol,content-2026-09-17-7str-oform-1_11,21.09 01:40,8,3525,1753,1,3,обвал,798 1753 717 212 12 13 11 9
4771.team,content-2026-09-17-7str-oform-1_5,21.09 01:54,8,676,207,1,4,обвал,194 207 167 60 18 11 14 5
4892casino.lol,content-2026-09-14b-7str-oform-1_8,21.09 01:57,8,521,180,1,4,обвал,110 180 148 59 9 6 5 4
52casino.team,content-2026-09-14b-7str-oform-1_28,21.09 02:02,8,6336,2111,1,4,обвал,1612 2111 1460 848 140 114 30 21
5656.team,content-2026-09-14b-7str-oform-1_19,21.09 02:09,8,9372,2862,1,4,обвал,2388 2862 1528 1527 64 172 448 383
5936.lol,content-2026-09-14b-7str-oform-1_24,21.09 02:14,8,3564,1005,2,4,обвал,712 920 1005 811 20 31 39 26
casinon4.team,content-2026-09-14b-7str-oform-1_29,21.09 09:13,8,10862,2675,0,5,обвал,2675 2663 2042 1561 1473 393 31 24
casinoi7.team,content-2026-09-14b-7str-oform-1_9,21.09 09:13,8,5252,1549,0,5,обвал,1549 1135 1048 852 470 146 34 18
6572.team,content-2026-09-14b-7str-oform-1_14,21.09 09:13,8,2447,689,2,5,обвал,558 563 689 204 308 87 17 21
8109.team,content-2026-09-14b-7str-oform-1_20,21.09 09:13,8,2255,795,0,5,обвал,795 440 383 253 260 93 23 8
agcr.team,content-2026-09-14b-7str-oform-1_11,21.09 09:13,8,1106,395,0,3,обвал,395 325 276 41 41 12 12 4
9816.team,content-2026-09-17-7str-oform-1_2,21.09 09:13,8,428,214,0,2,обвал,214 90 51 23 31 8 8 3
9471.lol,content-2026-09-14b-7str-oform-1_26,21.09 09:13,8,420,179,0,3,обвал,179 109 50 13 46 14 6 3
6223.lol,content-2026-09-14b-7str-oform-1_23,21.09 09:13,8,314,107,0,3,обвал,107 86 60 21 21 7 10 2
bhge.lol,content-2026-09-17-7str-oform-1_17,21.09 09:14,8,677,184,0,4,обвал,184 169 159 99 39 15 10 2
6147.team,content-2026-09-17-7str-oform-1_6,21.09 09:14,8,459,165,0,3,обвал,165 154 101 9 13 6 7 4
jsm.team,content-2026-09-14b-7str-oform-1_15,21.09 11:13,8,5128,3415,0,2,обвал,3415 1354 183 63 47 22 24 20
ltfa.team,content-2026-09-14b-7str-oform-1_22,21.09 11:13,8,4644,1822,0,3,обвал,1822 1211 669 436 350 93 37 26
clyr.team,content-2026-09-17-7str-oform-1_7,21.09 11:13,8,2902,1833,0,2,обвал,1833 889 66 39 28 18 14 15
e3e3.team,content-2026-09-17-7str-oform-1_4,21.09 11:13,8,2434,770,0,5,обвал,770 685 356 230 242 83 43 25
egucasino.lol,content-2026-09-17-7str-oform-1_8,21.09 11:13,8,1545,600,0,3,обвал,600 437 251 144 86 12 10 5
f9j.team,content-2026-09-14b-7str-oform-1_12,21.09 11:13,8,1013,458,0,2,обвал,458 336 72 21 73 33 16 4
l6a.team,content-2026-09-17-7str-oform-1_3,21.09 11:13,8,650,244,0,3,обвал,244 204 85 46 35 13 14 9
nbpcasino.lol,content-2026-09-14b-7str-oform-1_10,21.09 11:13,8,359,131,0,4,обвал,131 61 72 40 31 14 8 2
m2y1.lol,content-2026-09-17-7str-oform-1_10,21.09 11:14,8,597,262,0,3,обвал,262 148 82 58 29 7 9 2
lvsm.lol,content-2026-09-17-7str-oform-1_16,21.09 11:14,8,95,24,0,5,обвал,24 18 23 12 11 2 5 0
oejcasino.lol,content-2026-09-17-7str-oform-1_15,21.09 12:39,8,1490,542,0,4,обвал,542 304 263 223 117 21 13 7
z6p5.lol,content-2026-09-14b-7str-oform-1_18,21.09 12:39,8,617,156,3,6,обвал,138 43 110 156 87 45 31 7
tocasino.team,content-2026-09-14b-7str-oform-1_25,21.09 12:39,8,397,116,0,5,обвал,116 68 56 44 75 24 10 4
xphv.lol,content-2026-09-14b-7str-oform-1_17,21.09 12:39,8,199,74,0,3,обвал,74 36 28 18 23 6 10 4
p8e.team,content-2026-09-14b-7str-oform-1_27,21.09 12:39,8,146,59,0,3,обвал,59 27 27 7 14 4 7 1
0805.lol,content-2026-09-14-7str-oform-9_16,21.09 13:54,8,1377,328,4,6,обвал,149 264 270 192 328 132 23 19
3039.lol,content-2026-09-14-7str-oform-9_7,21.09 14:11,8,1251,325,4,6,обвал,290 148 183 175 325 89 19 22
3515.lol,content-2026-09-14-7str-oform-8_31,21.09 14:27,8,835,290,0,5,обвал,290 155 121 88 138 22 15 6
3913.lol,content-2026-09-14-7str-oform-8_21,21.09 14:42,8,1521,1079,0,1,обвал,1079 243 94 31 24 20 12 18
4916.team,content-2026-09-14-7str-oform-9_9,21.09 14:59,8,11782,3111,1,5,обвал,1593 3111 2460 981 2229 651 375 382
9741.lol,content-2026-09-14-7str-oform-9_8,21.09 15:20,7,362,113,0,5,обвал,113 73 42 39 82 8 5
casino893.lol,content-2026-09-14-7str-oform-8_12,21.09 15:36,7,1187,847,0,1,обвал,847 192 102 12 22 4 8
casino9415.team,content-2026-09-14b-7str-oform-1_6,21.09 15:51,7,1751,543,1,4,обвал,339 543 542 268 40 10 9
casinoanz.team,content-2026-09-14b-7str-oform-1_4,21.09 16:09,7,828,360,0,3,обвал,360 246 170 29 7 12 4
5043.lol,content-2026-09-14b-7str-oform-1_2,21.09 16:28,7,2737,1136,4,5,обвал,240 321 520 414 1136 93 13
5519.team,content-2026-09-14-7str-oform-9_5,21.09 16:43,7,4704,1331,0,5,обвал,1331 1210 977 334 572 196 84
6891.team,content-2026-09-14b-7str-oform-1_5,21.09 16:59,7,1066,344,0,4,обвал,344 225 268 158 50 13 8
7989.lol,content-2026-09-14b-7str-oform-1_3,21.09 17:16,7,4926,3482,0,2,обвал,3482 1232 120 30 35 17 10
8571.lol,content-2026-09-14-7str-oform-8_14,21.09 17:37,7,26,10,5,,снижается,3 0 4 0 6 10 3
8649.lol,content-2026-09-14-7str-oform-8_17,21.09 17:52,7,1447,327,4,5,обвал,259 154 324 311 327 61 11
8768.team,content-2026-09-14-7str-oform-8_24,21.09 18:08,7,146,96,0,1,обвал,96 19 8 2 8 9 4
casinoas.lol,content-2026-09-14-7str-oform-8_13,21.09 18:24,7,836,289,2,5,обвал,103 80 289 192 131 33 8
casinojal.lol,content-2026-09-14-7str-oform-8_15,21.09 18:52,7,268,141,6,,держится,1 5 2 3 37 79 141
casinolw.lol,content-2026-09-14-7str-oform-8_18,22.09 00:52,7,1594,478,1,5,обвал,320 478 420 177 142 48 9
casinomj.lol,content-2026-09-14-7str-oform-9_17,22.09 01:08,7,2725,1105,0,3,обвал,1105 859 690 36 11 20 4
fnmh.lol,content-2026-09-14-7str-oform-9_6,22.09 01:28,7,2720,895,0,4,обвал,895 746 683 293 74 22 7
l2p3.lol,content-2026-09-14-7str-oform-9_18,22.09 01:43,7,244,93,0,4,обвал,93 52 45 26 14 11 3
p9v2.team,content-2026-09-14-7str-oform-9_14,22.09 01:46,7,144,35,1,6,обвал,30 35 21 35 11 11 1
r3r1.lol,content-2026-09-14-7str-oform-8_22,22.09 01:50,7,566,120,3,6,обвал,75 98 119 120 86 54 14
xtgo.lol,content-2026-09-14-7str-oform-8_16,22.09 01:59,7,544,174,0,5,обвал,174 90 115 53 82 19 11
1079.team,nabory-661-669_7,22.09 02:05,7,4289,1577,1,3,обвал,1502 1577 938 173 66 23 10
3483.lol,nabory-661-669_8,22.09 02:12,7,74,24,0,4,обвал,24 13 9 18 3 7 0
5269.team,nabory-661-669_4,22.09 03:02,7,7672,3204,1,3,обвал,2888 3204 1440 80 25 20 15
7144.team,nabory-661-669_5,22.09 03:18,7,674,327,0,3,обвал,327 196 89 20 15 12 15
8014casino.team,nabory-661-669_6,22.09 03:54,7,338,102,2,4,обвал,78 67 102 54 18 13 6
b6g.team,nabory-661-669_2,22.09 04:30,7,873,473,0,2,обвал,473 151 106 75 37 18 13
casino4257.lol,nabory-661-669_9,22.09 04:46,7,1021,452,0,3,обвал,452 217 203 81 27 29 12
casinovad.lol,content-2026-09-14-7str-oform-8_23,22.09 05:20,7,1262,397,2,4,обвал,295 373 397 134 41 9 13
ctk.lol,content-2026-09-14-7str-oform-8_19,22.09 05:36,7,2068,924,0,3,обвал,924 363 544 180 41 10 6
edfc.lol,content-2026-09-14-7str-oform-8_20,22.09 05:52,7,2686,1379,0,3,обвал,1379 702 419 142 29 6 9
few.team,content-2026-09-14b-7str-oform-1_1,22.09 06:08,7,6692,3917,0,2,обвал,3917 1842 660 200 35 20 18
i9q.lol,nabory-661-669_3,22.09 06:24,7,867,435,0,3,обвал,435 233 170 12 6 6 5
lgzq.lol,content-2026-09-14-7str-oform-8_11,22.09 07:00,7,780,275,2,4,обвал,157 155 275 132 44 12 5
xhcasino.lol,nabory-661-669_1,22.09 07:16,7,1036,299,1,4,обвал,251 299 244 179 50 9 4
ypdcasino.lol,content-2026-09-14-7str-oform-9_15,22.09 07:32,7,319,97,2,6,обвал,15 79 97 47 36 42 3
1912.lol,content-2026-09-21-7str-oform-3_27,22.09 09:12,7,15292,8947,1,2,обвал,6242 8947 71 17 4 4 7
2462.team,content-2026-09-21-7str-oform-3_33,22.09 09:12,7,1635,685,3,5,обвал,52 395 259 685 214 12 18
3733.team,content-2026-09-21-7str-oform-3_30,22.09 09:12,7,1184,441,0,4,обвал,441 223 220 153 80 33 34
3606.team,content-2026-09-21-7str-oform-3_43,22.09 09:12,7,579,213,2,4,обвал,136 106 213 114 1 9 0
7575.lol,content-2026-09-21-7str-oform-3_38,22.09 09:12,7,145,56,3,5,обвал,21 19 9 56 30 7 3
h8j.lol,content-2026-09-21-7str-oform-3_32,22.09 10:13,7,2654,1705,3,4,обвал,129 94 499 1705 208 10 9
mmhx.lol,content-2026-09-21-7str-oform-3_26,22.09 10:13,7,1546,442,3,5,обвал,295 340 269 442 119 29 52
frbb.team,content-2026-09-21-7str-oform-3_48,22.09 10:13,7,899,451,0,2,обвал,451 244 99 53 29 14 9
hxsj.lol,content-2026-09-21-7str-oform-3_34,22.09 10:13,7,621,418,3,4,обвал,38 53 37 418 67 3 5
lyvr.team,content-2026-09-21-7str-oform-3_31,22.09 10:13,7,153,42,3,5,обвал,19 34 25 42 19 8 6
7472.team,content-2026-09-21-7str-oform-3_44,22.09 11:13,7,5348,1771,2,4,обвал,371 1633 1771 1141 266 94 72
casinohjn.team,content-2026-09-21-7str-oform-3_40,22.09 11:13,7,3559,1099,1,4,обвал,659 1099 951 649 177 7 17
casinoih.lol,content-2026-09-21-7str-oform-3_41,22.09 11:13,7,1323,497,1,3,обвал,424 497 300 86 8 3 5
casinozwu.lol,content-2026-09-21-7str-oform-3_28,22.09 11:13,7,961,430,0,4,обвал,430 189 165 123 23 19 12
ancj.lol,content-2026-09-21-7str-oform-3_46,22.09 11:13,7,370,99,2,4,обвал,95 71 99 78 15 6 6
9749.team,content-2026-09-21-7str-oform-3_29,22.09 12:13,7,10457,4713,1,3,обвал,2633 4713 2684 350 40 21 16
7596.lol,content-2026-09-21-7str-oform-3_42,22.09 12:13,7,2050,614,3,5,обвал,317 361 571 614 159 14 14
501casino.team,content-2026-09-21-7str-oform-3_49,22.09 12:13,7,808,430,2,3,обвал,118 147 430 86 15 7 5
8382.lol,content-2026-09-21-7str-oform-3_47,22.09 12:13,7,543,174,0,4,обвал,174 123 94 126 15 5 6
8062casino.lol,content-2026-09-21-7str-oform-3_50,22.09 12:13,7,443,159,0,4,обвал,159 112 55 91 14 9 3
qfxcasino.team,content-2026-09-21-7str-oform-3_35,22.09 13:12,7,2364,662,3,4,обвал,387 595 583 662 125 8 4
t6k4.lol,content-2026-09-21-7str-oform-3_39,22.09 13:12,7,1006,390,1,3,обвал,299 390 209 74 20 6 8
ugcasino.lol,content-2026-09-21-7str-oform-3_45,22.09 13:12,7,760,371,0,2,обвал,371 340 22 14 5 4 4
urtl.lol,content-2026-09-21-7str-oform-3_36,22.09 13:12,7,529,189,3,4,обвал,89 128 68 189 39 10 6
tdik.lol,content-2026-09-21-7str-oform-3_37,22.09 13:12,7,236,109,0,2,обвал,109 46 19 45 9 4 4
0265.team,content-2026-09-21b-12str_3,22.09 14:01,7,1802,689,0,4,обвал,689 383 246 462 8 10 4
0789.team,content-2026-09-21b-7str-2_18,22.09 14:05,7,1126,562,0,2,обвал,562 523 21 4 7 1 8
0812.team,content-2026-09-21b-7str-2_22,22.09 14:07,7,420,165,1,3,обвал,100 165 99 39 7 3 7
1041.team,content-2026-09-21b-12str_1,22.09 14:22,7,2447,732,1,4,обвал,590 732 662 419 20 17 7
1437.team,content-2026-09-21b-7str-2_19,22.09 14:40,7,2745,1397,1,2,обвал,1204 1397 79 48 8 3 6
1503.lol,content-2026-09-21b-7str-2_45,22.09 14:57,7,1346,589,1,3,обвал,212 589 399 130 4 8 4
3642.team,content-2026-09-21b-7str-2_17,22.09 15:14,6,487,255,1,3,обвал,150 255 71 6 4 1
4463casino.lol,content-2026-09-21b-7str-2_23,22.09 15:31,6,1309,397,3,4,обвал,163 314 395 397 30 10
5184casino.team,content-2026-09-21b-7str-2_32,22.09 15:48,6,564,262,3,4,обвал,81 83 120 262 13 5
5783.lol,content-2026-09-21b-7str-2_44,22.09 16:06,6,251,87,3,4,обвал,58 37 54 87 13 2
5809.lol,content-2026-09-21b-7str-2_42,22.09 16:12,6,3642,2741,0,1,обвал,2741 680 175 33 12 1
6238.team,content-2026-09-21b-7str-2_37,22.09 16:18,6,1131,389,2,4,обвал,223 299 389 184 21 15
712casino.team,content-2026-09-21b-12str_2,22.09 16:26,6,1016,496,1,2,обвал,410 496 78 19 10 3
7313.team,content-2026-09-21b-7str-2_40,22.09 16:30,6,1719,534,0,4,обвал,534 383 439 337 20 6
7451.lol,content-2026-09-21b-12str_9,22.09 16:32,6,70,52,0,1,обвал,52 6 8 1 2 1
8375.team,content-2026-09-21b-7str-2_28,22.09 16:42,6,360,110,3,4,обвал,95 67 80 110 6 2
casino0087.lol,content-2026-09-21b-7str-2_24,22.09 17:06,6,496,178,2,4,обвал,76 124 178 101 13 4
casino47.lol,content-2026-09-21b-12str_11,22.09 17:28,6,70,40,0,2,обвал,40 12 5 10 2 1
casino4882.team,content-2026-09-21b-12str_7,22.09 17:48,6,5124,1386,2,4,обвал,1346 1186 1386 1060 119 27
casino525.team,content-2026-09-21b-7str-2_41,22.09 18:03,6,1135,516,3,4,обвал,67 233 191 516 120 8
0237.team,NEW100-оформлено_25,22.09 18:22,6,3386,1262,3,4,обвал,456 690 869 1262 95 14
0432.lol,NEW100-оформлено_29,22.09 18:40,6,2408,959,2,4,обвал,241 911 959 265 20 12
0857.team,NEW100-оформлено_24,22.09 18:44,6,1322,777,1,2,обвал,357 777 161 18 6 3
0975casino.lol,NEW100-оформлено_27,22.09 18:50,6,355,247,2,3,обвал,58 34 247 10 3 3
0990.team,NEW100-оформлено_48,22.09 19:24,6,843,434,1,2,обвал,318 434 61 17 6 7
1338.team,NEW100-оформлено_17,22.09 19:43,6,7442,2762,3,4,обвал,509 1811 2212 2762 128 20
1785.team,NEW100-оформлено_18,22.09 19:58,6,1008,492,1,4,обвал,212 492 131 161 5 7
1825.team,NEW100-оформлено_40,22.09 20:17,6,12402,5497,1,2,обвал,5382 5497 968 503 33 19
2520.lol,NEW100-оформлено_38,22.09 20:46,6,5120,2921,0,2,обвал,2921 1717 383 86 6 7
3105.team,NEW100-оформлено_20,22.09 21:02,6,531,257,0,2,обвал,257 168 24 73 2 7
4434casino.lol,NEW100-оформлено_6,22.09 21:37,6,2802,1178,3,4,обвал,177 452 931 1178 50 14
4670.lol,NEW100-оформлено_31,22.09 21:52,6,382,144,1,4,обвал,69 144 74 79 10 6
5308.lol,NEW100-оформлено_33,22.09 22:33,6,3079,1552,1,3,обвал,730 1552 571 208 7 11
6376.team,NEW100-оформлено_47,22.09 23:12,6,249,94,2,4,обвал,35 41 94 69 2 8
64casino.lol,NEW100-оформлено_36,22.09 23:28,6,2016,628,1,4,обвал,148 628 618 605 5 12
6719.lol,content-2026-09-22-12str-1-oform_5,23.09 00:05,6,75,28,0,3,обвал,28 19 16 5 5 2
8043.team,NEW100-оформлено_23,23.09 00:52,6,66,20,1,4,обвал,13 20 14 16 1 2
8096.lol,NEW100-оформлено_41,23.09 01:09,6,3070,1335,1,3,обвал,557 1335 1055 102 11 10
82casino.lol,NEW100-оформлено_32,23.09 01:28,6,1431,569,2,4,обвал,128 288 569 432 7 7
9278.team,NEW100-оформлено_7,23.09 01:42,6,1343,501,1,4,обвал,160 501 411 259 7 5
9351.team,NEW100-оформлено_43,23.09 02:25,6,1070,382,1,3,обвал,345 382 306 26 8 3
952casino.lol,NEW100-оформлено_16,23.09 02:42,6,682,271,2,4,обвал,87 201 271 116 4 3
a9i5.team,NEW100-оформлено_46,23.09 03:07,6,1409,513,1,4,обвал,435 513 299 144 10 8
avjb.lol,NEW100-оформлено_35,23.09 03:24,6,1281,427,1,4,обвал,333 427 332 171 14 4
casino071.lol,NEW100-оформлено_3,23.09 03:54,6,1992,822,1,4,обвал,357 822 577 220 10 6
casino637.team,content-2026-09-21b-12str_6,23.09 04:22,6,6541,1913,1,4,обвал,1221 1913 1693 1168 435 111
casino6582.lol,content-2026-09-21b-7str-2_35,23.09 04:39,6,529,198,2,4,обвал,115 133 198 79 2 2
casino7031.lol,NEW100-оформлено_4,23.09 04:55,6,1385,447,2,4,обвал,351 394 447 181 9 3
casino8332.lol,content-2026-09-21b-7str-2_25,23.09 05:12,6,59,17,1,,снижается,10 17 12 9 5 6
casino846.lol,content-2026-09-21b-12str_4,23.09 05:29,6,2403,1545,1,2,обвал,726 1545 97 28 6 1
casinoj4.lol,content-2026-09-21b-7str-2_30,23.09 05:46,6,44,14,0,5,обвал,14 10 10 4 4 2
casinok6.lol,NEW100-оформлено_1,23.09 05:54,6,2048,809,2,3,обвал,384 651 809 145 51 8
casinoke.team,NEW100-оформлено_42,23.09 06:09,6,2700,1298,0,3,обвал,1298 687 651 50 11 3
casinoqo.team,NEW100-оформлено_39,23.09 06:27,6,2342,1465,0,2,обвал,1465 738 103 27 9 0
casinoy9.team,content-2026-09-21b-7str-2_38,23.09 06:44,6,192,77,1,3,обвал,74 77 25 7 9 0
casinozde.team,NEW100-оформлено_44,23.09 07:02,6,4124,1228,2,5,обвал,659 623 1228 853 567 194
cjmu.lol,content-2026-09-21b-7str-2_21,23.09 07:18,6,1522,464,0,4,обвал,464 415 385 169 55 34
ckky.lol,content-2026-09-21b-7str-2_36,23.09 07:37,6,6819,1888,2,5,обвал,86 1797 1888 1837 999 212
dklk.lol,NEW100-оформлено_37,23.09 07:53,6,1248,280,4,,снижается,269 178 164 276 280 81
dpqw.lol,content-2026-09-21b-7str-2_34,23.09 08:09,6,16,,,,почти без кликов,7 3 1 2 2 1
dzjz.lol,NEW100-оформлено_2,23.09 08:27,6,4962,1705,2,5,обвал,26 625 1705 1314 1006 286
f0e.team,NEW100-оформлено_14,23.09 08:31,6,13850,6117,1,3,обвал,2569 6117 4329 584 191 60
fdhc.team,NEW100-оформлено_9,23.09 08:35,6,438,147,2,5,обвал,64 57 147 80 54 36
fijy.team,NEW100-оформлено_10,23.09 08:45,6,363,99,2,5,обвал,63 57 99 64 63 17
fklx.lol,content-2026-09-21b-7str-2_43,23.09 08:49,6,1065,608,2,3,обвал,164 236 608 22 26 9
ftcasino.team,content-2026-09-21b-12str_8,23.09 09:16,6,10799,2778,2,,снижается,1321 1958 2778 1664 2220 858
ftzq.team,content-2026-09-21b-7str-2_20,23.09 09:34,6,754,195,2,,снижается,55 87 195 190 163 64
6918casino.lol,content-2026-09-22b-12str_3,23.09 09:50,6,7590,2406,2,5,обвал,976 1447 2406 1290 1234 237
8849.lol,content-2026-09-22b-12str_1,23.09 10:07,6,7418,2142,4,,снижается,868 994 1443 1224 2142 747
8869.lol,content-2026-09-22b-12str_7,23.09 10:24,6,3009,1105,0,3,обвал,1105 1093 652 97 52 10
casino827.lol,content-2026-09-22b-12str_6,23.09 10:43,6,21,10,0,2,обвал,10 9 1 0 1 0
casino929.lol,content-2026-09-22b-7str_31,23.09 10:51,6,751,220,2,5,обвал,94 125 220 129 130 53
gccasino.lol,content-2026-09-21b-7str-2_26,23.09 10:55,6,6048,1957,1,5,обвал,576 1957 1218 1011 1065 221
h4b.team,NEW100-оформлено_45,23.09 11:01,6,701,325,1,3,обвал,111 325 209 22 31 3
iwlcasino.team,content-2026-09-21b-7str-2_39,23.09 11:37,6,341,116,2,,держится,6 54 116 56 51 58
iytz.team,NEW100-оформлено_15,23.09 11:55,6,8,,,,почти без кликов,0 4 0 0 1 3
jifcasino.team,NEW100-оформлено_22,23.09 12:11,6,6,,,,почти без кликов,0 0 0 3 2 1
ldnm.team,NEW100-оформлено_13,23.09 13:13,6,172,78,1,3,обвал,23 78 48 6 12 5
lscc.lol,content-2026-09-22b-7str_30,23.09 13:19,6,12,,,,почти без кликов,2 0 0 0 6 4
mirr.team,NEW100-оформлено_11,23.09 13:23,6,30,17,4,,держится,0 0 0 0 17 13
mpcasino.team,NEW100-оформлено_21,23.09 13:34,6,15,,,,почти без кликов,2 3 0 0 3 7
mujy.team,content-2026-09-21b-7str-2_29,23.09 13:38,6,161,48,1,5,обвал,30 48 38 30 13 2
nsg.lol,content-2026-09-22b-12str_5,23.09 13:56,6,40,27,5,,держится,2 0 2 0 9 27
oqns.lol,content-2026-09-21b-7str-2_33,23.09 14:15,6,0,,,,почти без кликов,0 0 0 0 0 0
pejb.lol,NEW100-оформлено_30,23.09 14:38,6,33,19,1,2,обвал,3 19 4 1 5 1
plqw.lol,content-2026-09-22b-12str_4,23.09 14:53,6,9,,,,почти без кликов,4 1 2 0 1 1
q4a.lol,content-2026-09-22-12str-1-oform_6,23.09 15:30,5,46,21,0,1,обвал,21 4 13 5 3
r7h.lol,NEW100-оформлено_34,23.09 15:49,5,18,,,,почти без кликов,9 0 6 0 3
rfiq.lol,content-2026-09-21b-7str-2_27,23.09 16:07,5,39,25,0,1,обвал,25 4 6 0 4
rrkcasino.lol,NEW100-оформлено_28,23.09 16:26,5,21,7,0,4,обвал,7 7 4 2 1
rtkt.team,NEW100-оформлено_8,23.09 16:43,5,2196,870,2,3,обвал,581 529 870 176 40
sacasino.team,content-2026-09-22b-7str_29,23.09 17:05,5,31,20,0,1,обвал,20 1 3 2 5
t4j9.lol,content-2026-09-21b-12str_5,23.09 17:20,5,7,,,,почти без кликов,3 3 0 1 0
tetb.team,NEW100-оформлено_12,23.09 17:40,5,356,166,0,3,обвал,166 126 54 3 7
u2q.team,NEW100-оформлено_26,23.09 17:59,5,82,28,1,4,обвал,24 28 16 10 4
v8c.team,content-2026-09-21b-7str-2_31,23.09 18:36,5,623,218,0,3,обвал,218 201 186 11 7
vifa.lol,content-2026-09-21b-12str_10,23.09 18:51,5,23,9,0,4,обвал,9 3 6 3 2
y1c.lol,content-2026-09-22b-12str_2,23.09 19:09,5,35,11,4,,держится,9 3 10 2 11
y5o.lol,NEW100-оформлено_5,23.09 19:39,5,29,21,0,1,обвал,21 1 3 1 3
zqlr.team,NEW100-оформлено_19,23.09 19:59,5,140,65,0,3,обвал,65 29 27 12 7
0556.team,content-2026-09-22b-7str_23,23.09 20:16,5,36,23,0,1,обвал,23 0 8 1 4
0804.team,content-2026-09-22b-7str_22,23.09 20:38,5,221,99,2,,снижается,25 17 99 37 43
1321.lol,content-2026-09-22b-7str_10,23.09 20:55,5,247,75,2,,снижается,68 34 75 41 29
152casino.team,content-2026-09-22b-7str_13,23.09 21:24,5,47,22,0,1,обвал,22 3 8 9 5
27casino.team,content-2026-09-22b-7str_18,23.09 21:40,5,56,49,0,1,обвал,49 3 1 2 1
4031.lol,content-2026-09-22b-7str_9,23.09 22:10,5,369,208,1,3,обвал,53 208 71 32 5
6493.team,content-2026-09-22b-7str_17,23.09 22:26,5,55,21,2,,снижается,6 13 21 9 6
6551.team,content-2026-09-22b-7str_21,23.09 22:42,5,69,31,2,3,обвал,17 12 31 5 4
732casino.team,content-2026-09-22b-7str_28,23.09 22:58,5,65,18,4,,держится,7 10 14 16 18
7724.lol,content-2026-09-22b-7str_25,23.09 23:15,5,52,38,0,1,обвал,38 6 4 2 2
avqm.team,content-2026-09-22b-7str_11,23.09 23:52,5,168,78,0,3,обвал,78 26 28 17 19
casino982.team,content-2026-09-22b-7str_19,24.09 00:52,5,20,12,4,,держится,8 0 0 0 12
casinocrl.team,content-2026-09-22b-7str_12,24.09 01:09,5,196,89,1,3,обвал,9 89 69 22 7
casinopm.lol,content-2026-09-22b-7str_14,24.09 01:26,5,465,154,2,4,обвал,141 77 154 60 33
e6x6.lol,content-2026-09-22b-7str_16,24.09 01:41,5,797,281,2,4,обвал,153 188 281 107 68
0790.team,content-2026-09-17b-7str-oform_25,24.09 01:57,5,244,109,0,3,обвал,109 58 53 7 17
1463.team,content-2026-09-14c-7str-oform-2_13,24.09 02:14,5,667,267,2,4,обвал,98 179 267 84 39
3226.team,content-2026-09-14c-12str-oform_2,24.09 02:30,5,732,313,0,3,обвал,313 165 181 45 28
4654.team,content-2026-09-14b-7str-oform-2_37,24.09 02:47,5,2579,823,2,,снижается,466 649 823 381 260
5324.team,content-2026-09-14c-7str-oform-2_3,24.09 03:06,5,134,50,0,4,обвал,50 33 30 14 7
5496.team,content-2026-09-14b-7str-oform-2_21,24.09 03:23,5,2558,1409,1,3,обвал,732 1409 363 41 13
57casino.team,content-2026-09-14c-7str-oform-2_17,24.09 03:33,5,3534,1905,2,3,обвал,147 1065 1905 269 148
6119.team,content-2026-09-17-7str-oform-1_34,24.09 03:40,5,473,201,1,3,обвал,143 201 116 11 2
8306.team,content-2026-09-15-7str-oform-2_23,24.09 03:42,5,45,16,2,3,обвал,13 14 16 2 0
9332.team,content-2026-09-16-7str_23,24.09 03:51,5,910,433,1,2,обвал,314 433 100 43 20
casino74.team,content-2026-09-17-7str-oform-2_28,24.09 03:55,5,77,29,2,4,обвал,17 19 29 9 3
casinobkm.team,content-2026-09-14c-7str-oform-2_24,24.09 04:01,5,709,192,2,4,обвал,185 163 192 126 43
casinok2.team,content-2026-09-14b-7str-oform-2_20,24.09 04:12,5,70,31,2,3,обвал,15 17 31 7 0
dnkj.team,content-2026-09-14c-7str-oform-2_25,24.09 04:18,5,115,51,1,3,обвал,29 51 25 5 5
dvgc.team,content-2026-09-17-7str-oform-2_42,24.09 04:21,5,30,20,0,2,обвал,20 5 1 2 2
e7k.team,content-2026-09-14-7str-oform-9_3,24.09 12:40,5,26,13,1,2,обвал,8 13 2 2 1
ffea.team,content-2026-09-22b-7str_24,24.09 12:42,5,12,,,,почти без кликов,3 4 2 2 1
k3j4.team,content-2026-09-14c-7str-oform-1_22,24.09 12:45,5,31,15,1,3,обвал,9 15 4 2 1
kgmx.team,content-2026-09-17-7str-oform-2_34,24.09 12:55,5,448,304,1,2,обвал,19 304 48 67 10
lnncasino.team,content-2026-09-14c-7str-oform-1_38,24.09 12:58,5,33,16,0,2,обвал,16 11 3 1 2
o7c.team,content-2026-09-14c-7str-oform-2_2,24.09 13:04,5,82,53,1,2,обвал,15 53 8 6 0
ppcasino.team,content-2026-09-22b-7str_27,24.09 13:13,5,18,,,,почти без кликов,10 2 2 1 3
r1k8.team,content-2026-09-14b-7str-oform-1_19,24.09 13:17,5,521,362,1,2,обвал,59 362 77 20 3
rwjz.team,content-2026-09-15-7str-oform-1_43,24.09 13:21,5,7,,,,почти без кликов,0 5 1 1 0
s5o5.team,content-2026-09-22b-7str_15,24.09 13:28,5,22,10,0,3,обвал,10 4 4 2 2
tmycasino.team,content-2026-09-14-7str-oform-8_17,24.09 13:40,5,294,95,4,,держится,12 26 73 88 95
vwzj.team,content-2026-09-15-7str-oform-2_48,24.09 13:55,5,3,,,,почти без кликов,0 2 0 1 0
xkjd.lol,content-2026-09-22b-7str_20,24.09 13:58,5,5,,,,почти без кликов,5 0 0 0 0
ytvi.lol,content-2026-09-22b-7str_26,24.09 14:07,5,5,,,,почти без кликов,0 3 1 1 0
0177.team,content-2026-09-23-7str-5-oform_2,24.09 14:14,5,18,,,,почти без кликов,11 1 3 0 3
0206.lol,content-2026-09-23-7str-6-oform_3,24.09 14:16,5,14,,,,почти без кликов,7 2 2 1 2
0237casino.team,content-2026-09-23-7str-5-oform_25,24.09 14:23,5,1,,,,почти без кликов,1 0 0 0 0
0449.team,content-2026-09-23-7str-5-oform_9,24.09 14:28,5,16,,,,почти без кликов,8 4 2 1 1
0527.lol,content-2026-09-23-7str-6-oform_34,24.09 14:57,5,31,11,1,4,обвал,9 11 5 5 1
0552.team,content-2026-09-23-7str-4-oform_42,24.09 15:15,4,27,8,0,,держится,8 6 6 7
0641.team,content-2026-09-23-7str-6-oform_7,24.09 15:31,4,39,18,0,,снижается,18 6 7 8
8525.team,content-2026-09-23-7str-5-oform_16,25.09 00:53,4,214,116,1,,снижается,25 116 31 42
8670.team,content-2026-09-23-7str-6-oform_12,25.09 00:56,4,105,48,1,,снижается,28 48 13 16
8845.lol,content-2026-09-23-7str-6-oform_38,25.09 00:59,4,60,26,0,2,обвал,26 26 2 6
8895.team,content-2026-09-23-7str-6-oform_16,25.09 01:11,4,870,514,0,2,обвал,514 131 74 151
9118.lol,content-2026-09-23-7str-6-oform_36,25.09 01:14,4,45,21,1,2,обвал,14 21 2 8
9627.team,content-2026-09-23-7str-6-oform_1,25.09 01:15,4,120,45,1,3,обвал,44 45 26 5
9662.team,content-2026-09-23-7str-5-oform_27,25.09 01:38,4,2453,700,1,,держится,685 700 461 607
9833.team,content-2026-09-23-7str-5-oform_43,25.09 02:03,4,191,75,1,3,обвал,56 75 44 16
9992.team,content-2026-09-23-7str-5-oform_44,25.09 02:19,4,1568,522,1,,держится,425 522 358 263
9994.lol,content-2026-09-23-7str-5-oform_3,25.09 02:38,4,49,28,0,2,обвал,28 12 5 4
bhdt.team,content-2026-09-23-7str-5-oform_14,25.09 02:54,4,77,51,0,2,обвал,51 13 8 5
casino2941.team,content-2026-09-23-7str-5-oform_45,25.09 03:10,4,13,,,,почти без кликов,0 9 1 3
casino4890.team,content-2026-09-23-7str-4-oform_48,25.09 03:26,4,503,182,2,,держится,68 129 182 124
casino749.lol,content-2026-09-23-7str-4-oform_44,25.09 03:44,4,71,29,0,,снижается,29 16 18 8
casino7688.team,content-2026-09-23-7str-5-oform_1,25.09 04:00,4,12,,,,почти без кликов,2 6 1 3
casinob1.team,content-2026-09-23-7str-5-oform_38,25.09 04:06,4,58,20,3,,держится,14 10 14 20
casinoh7.team,content-2026-09-23-7str-4-oform_40,25.09 04:10,4,26,14,0,3,обвал,14 5 4 3
casinoj8.lol,content-2026-09-23-7str-6-oform_31,25.09 04:19,4,21,8,1,,снижается,3 8 8 2
casinojtq.team,content-2026-09-23-7str-5-oform_41,25.09 04:41,4,36,17,0,2,обвал,17 11 3 5
casinon3.team,content-2026-09-23-7str-6-oform_8,25.09 04:57,4,11,,,,почти без кликов,4 4 1 2
casinooep.team,content-2026-09-23-7str-6-oform_20,25.09 05:13,4,8,,,,почти без кликов,2 3 2 1
casinoqoa.team,content-2026-09-23-7str-5-oform_21,25.09 05:29,4,6,,,,почти без кликов,3 1 1 1
casinotq.team,content-2026-09-23-7str-6-oform_14,25.09 05:45,4,31,10,0,,держится,10 7 8 6
casinov0.team,content-2026-09-23-7str-6-oform_25,25.09 06:01,4,7,,,,почти без кликов,2 3 0 2
casinowx.team,content-2026-09-23-7str-6-oform_18,25.09 06:13,4,7,,,,почти без кликов,3 2 1 1
casinoxb.team,content-2026-09-23-7str-5-oform_11,25.09 06:17,4,5,,,,почти без кликов,2 0 2 1
dvjl.team,content-2026-09-23-7str-5-oform_48,25.09 06:20,4,67,49,0,1,обвал,49 6 8 4
egfn.lol,content-2026-09-23-7str-6-oform_21,25.09 06:28,4,61,39,0,1,обвал,39 8 14 0
ejzcasino.team,content-2026-09-23-7str-6-oform_10,25.09 06:39,4,26,26,0,1,обвал,26 0 0 0
ffhk.team,content-2026-09-23-7str-6-oform_22,25.09 06:55,4,8,,,,почти без кликов,2 6 0 0
g3c.lol,content-2026-09-23-7str-5-oform_50,25.09 07:11,4,15,,,,почти без кликов,11 4 0 0
g3j.team,content-2026-09-23-7str-5-oform_28,25.09 07:27,4,294,249,0,1,обвал,249 44 0 1
huou.team,content-2026-09-23-7str-6-oform_5,25.09 07:43,4,25,9,0,,снижается,9 6 7 3
huqn.team,content-2026-09-23-7str-4-oform_50,25.09 07:59,4,19,,,,почти без кликов,14 4 1 0
i7f.team,content-2026-09-23-7str-6-oform_28,25.09 08:15,4,8,,,,почти без кликов,4 2 1 1
k3g.team,content-2026-09-23-7str-4-oform_46,25.09 08:28,4,53,40,0,1,обвал,40 7 4 2
kdcf.lol,content-2026-09-23-7str-6-oform_30,25.09 08:32,4,16,,,,почти без кликов,10 2 2 2
kkml.lol,content-2026-09-23-7str-6-oform_4,25.09 08:34,4,6,,,,почти без кликов,3 1 2 0
l0s0.team,content-2026-09-23-7str-5-oform_17,25.09 08:44,4,30,28,0,1,обвал,28 0 2 0
l8q0.lol,content-2026-09-23-7str-6-oform_29,25.09 08:47,4,8,,,,почти без кликов,5 2 1 0
m4y8.team,content-2026-09-23-7str-5-oform_36,25.09 09:15,4,11,,,,почти без кликов,8 1 1 1
nycasino.team,content-2026-09-23-7str-6-oform_23,25.09 09:31,4,14,,,,почти без кликов,7 2 3 2
olle.team,content-2026-09-23-7str-5-oform_4,25.09 09:47,4,45,23,0,3,обвал,23 13 7 2
pyzo.team,content-2026-09-23-7str-4-oform_41,25.09 10:03,4,15,,,,почти без кликов,10 0 5 0
s0q.team,content-2026-09-23-7str-4-oform_43,25.09 10:19,4,26,17,0,2,обвал,17 6 3 0
s0r4.team,content-2026-09-23-7str-5-oform_33,25.09 10:35,4,25,13,0,3,обвал,13 6 6 0
shlq.team,content-2026-09-23-7str-6-oform_15,25.09 10:48,4,34,14,0,3,обвал,14 10 9 1
usyn.team,content-2026-09-23-7str-5-oform_5,25.09 10:51,4,10,,,,почти без кликов,5 1 2 2
v9a.team,content-2026-09-23-7str-5-oform_6,25.09 10:54,4,3,,,,почти без кликов,1 1 0 1
vrcasino.team,content-2026-09-23-7str-5-oform_32,25.09 11:04,4,3,,,,почти без кликов,2 0 1 0
w3w.lol,content-2026-09-23-7str-6-oform_32,25.09 11:10,4,12,,,,почти без кликов,4 3 4 1
x6k.team,content-2026-09-23-7str-6-oform_33,25.09 11:16,4,13,,,,почти без кликов,5 1 5 2
x9b.team,content-2026-09-23-7str-5-oform_13,25.09 11:19,4,51,18,0,,держится,18 7 16 10
xaxp.team,content-2026-09-23-7str-6-oform_24,25.09 11:49,4,21,11,0,3,обвал,11 4 5 1
xetf.team,content-2026-09-23-7str-5-oform_18,25.09 12:05,4,54,37,0,1,обвал,37 7 9 1
xgfw.team,content-2026-09-23-7str-5-oform_26,25.09 12:21,4,12,,,,почти без кликов,8 1 3 0
ygug.team,content-2026-09-23-7str-5-oform_24,25.09 12:37,4,171,114,0,1,обвал,114 23 27 7
yscu.team,content-2026-09-23-7str-5-oform_30,25.09 12:53,4,14,,,,почти без кликов,3 5 4 2
z2v.team,content-2026-09-23-7str-6-oform_13,25.09 13:08,4,26,18,0,2,обвал,18 5 2 1
7599.team,NEW10-новые_4,25.09 13:15,4,18,,,,почти без кликов,12 1 4 1
9095.team,NEW10-новые_2,25.09 13:17,4,85,55,0,1,обвал,55 4 15 11
990casino.team,NEW10-новые_3,25.09 13:24,4,1,,,,почти без кликов,1 0 0 0
casinohv.team,NEW10-новые_1,25.09 13:31,4,0,,,,почти без кликов,0 0 0 0
casinotbl.team,NEW10-новые_5,25.09 13:35,4,2,,,,почти без кликов,1 0 1 0
0709.lol,content-2026-09-23-7str-4-oform_27,25.09 13:44,4,28,17,0,2,обвал,17 8 3 0
1098casino.team,content-2026-09-23-7str-4-oform_30,25.09 14:00,4,0,,,,почти без кликов,0 0 0 0
3680.lol,content-2026-09-23-7str-4-oform_28,25.09 14:16,4,31,23,0,1,обвал,23 3 5 0
7840casino.team,content-2026-09-23-7str-4-oform_35,25.09 14:35,4,0,,,,почти без кликов,0 0 0 0
8182casino.lol,content-2026-09-23-7str-4-oform_25,25.09 14:51,4,0,,,,почти без кликов,0 0 0 0
c1a6.lol,content-2026-09-23-7str-4-oform_29,25.09 15:11,3,21,10,0,,держится,10 5 6
casino037.team,content-2026-09-23-7str-4-oform_36,25.09 15:27,3,1,,,,почти без кликов,0 0 1
casino186.team,content-2026-09-23-7str-4-oform_39,25.09 15:43,3,5,,,,почти без кликов,4 0 1
casinomkg.team,content-2026-09-23-7str-4-oform_31,25.09 16:00,3,0,,,,почти без кликов,0 0 0
casinozew.team,content-2026-09-23-7str-4-oform_34,25.09 16:11,3,0,,,,почти без кликов,0 0 0
g5f.team,content-2026-09-23-7str-4-oform_37,25.09 16:16,3,20,10,0,2,обвал,10 8 2
l5x.team,content-2026-09-23-7str-4-oform_32,25.09 16:19,3,56,38,0,2,обвал,38 10 8
nxzw.team,content-2026-09-23-7str-4-oform_33,25.09 16:25,3,7,,,,почти без кликов,5 0 2
p1d6.lol,content-2026-09-23-7str-4-oform_26,25.09 16:34,3,15,,,,почти без кликов,11 3 1
spcasino.team,content-2026-09-23-7str-4-oform_38,25.09 17:07,3,0,,,,почти без кликов,0 0 0
0447.team,content-2026-09-25-пул1-oform_37,25.09 17:27,3,0,,,,почти без кликов,0 0 0
0650.team,content-2026-09-25-12str-oform_3,25.09 17:58,3,38,30,0,1,обвал,30 4 4
0835.team,content-2026-09-25-пул1-oform_39,25.09 18:15,3,23,20,0,1,обвал,20 0 3
2391.team,content-2026-09-25-пул1-oform_44,25.09 18:30,3,5,,,,почти без кликов,2 2 1
2548.team,content-2026-09-25-пул1-oform_46,25.09 18:47,3,12,,,,почти без кликов,7 3 2
3233.team,content-2026-09-25-пул1-oform_38,25.09 19:26,3,60,42,0,1,обвал,42 8 10
3328.team,content-2026-09-25-пул1-oform_36,25.09 19:44,3,40,27,0,2,обвал,27 9 4
5327.team,content-2026-09-25-пул1-oform_47,25.09 20:06,3,30,26,0,1,обвал,26 1 3
5583.team,content-2026-09-25-пул1-oform_40,25.09 20:44,3,97,35,0,,держится,35 32 30
8906.team,content-2026-09-25-пул1-oform_43,25.09 21:04,3,20,8,0,,держится,8 5 7
9762.team,content-2026-09-25-пул1-oform_41,25.09 21:46,3,2,,,,почти без кликов,0 1 1
ewqs.team,content-2026-09-25-12str-oform_2,25.09 22:01,3,5,,,,почти без кликов,4 1 0
ezpt.team,content-2026-09-25-пул1-oform_45,25.09 22:41,3,0,,,,почти без кликов,0 0 0
i2w1.team,content-2026-09-25-пул1-oform_42,25.09 23:23,3,7,,,,почти без кликов,5 1 1
jchr.team,content-2026-09-25-12str-oform_1,26.09 00:52,3,1,,,,почти без кликов,0 1 0
khem.team,content-2026-09-25-пул1-oform_35,26.09 01:08,3,3,,,,почти без кликов,2 1 0
1132.team,content-2026-09-25-пул1-oform_33,26.09 02:40,3,0,,,,почти без кликов,0 0 0
1325.team,content-2026-09-25-пул1-oform_31,26.09 03:12,3,269,183,0,2,обвал,183 82 4
1453.team,content-2026-09-25-пул1-oform_22,26.09 03:49,3,295,284,0,1,обвал,284 10 1
2547.team,content-2026-09-25-пул1-oform_23,26.09 04:35,3,11,,,,почти без кликов,10 0 1
2827.team,content-2026-09-25-пул1-oform_29,26.09 05:10,3,23,17,0,1,обвал,17 3 3
3344.team,content-2026-09-25-пул1-oform_20,26.09 05:26,3,50,30,0,2,обвал,30 14 6
3901.team,content-2026-09-25-пул1-oform_27,26.09 06:01,3,148,86,0,,снижается,86 27 35
4849.team,content-2026-09-25-пул1-oform_24,26.09 06:19,3,7,,,,почти без кликов,1 3 3
5190.team,content-2026-09-25-пул1-oform_19,26.09 06:53,3,16,,,,почти без кликов,11 3 2
7220.team,content-2026-09-25-пул1-oform_30,26.09 07:09,3,3,,,,почти без кликов,1 2 0
8341.team,content-2026-09-25-пул1-oform_25,26.09 07:38,3,436,201,0,,снижается,201 143 92
hvfa.team,content-2026-09-25-пул1-oform_21,26.09 07:54,3,94,44,1,2,обвал,42 44 8
mftx.team,content-2026-09-25-пул1-oform_34,26.09 08:26,3,5,,,,почти без кликов,1 3 1
npyz.team,content-2026-09-25-пул1-oform_26,26.09 08:42,3,5,,,,почти без кликов,1 1 3
q1t.team,content-2026-09-25-пул1-oform_32,26.09 09:10,3,2,,,,почти без кликов,0 1 1
zzji.team,content-2026-09-25-пул1-oform_28,26.09 09:26,3,16,,,,почти без кликов,4 4 8
0126.team,content-2026-09-25-пул1-oform_18,26.09 09:47,3,2,,,,почти без кликов,1 0 1
1764.team,content-2026-09-25-пул5-oform_33,26.09 10:11,3,6,,,,почти без кликов,6 0 0
3356.team,content-2026-09-25-пул1-oform_12,26.09 10:27,3,2,,,,почти без кликов,1 0 1
4529.team,content-2026-09-25-пул1-oform_16,26.09 10:51,3,1,,,,почти без кликов,1 0 0
6518.team,content-2026-09-25-пул1-oform_13,26.09 11:07,3,1,,,,почти без кликов,0 1 0
6584.team,content-2026-09-25-пул5-oform_35,26.09 11:34,3,13,,,,почти без кликов,8 3 2
6940.team,content-2026-09-25-пул1-oform_15,26.09 11:52,3,0,,,,почти без кликов,0 0 0
7108.team,content-2026-09-25-пул5-oform_37,26.09 12:07,3,0,,,,почти без кликов,0 0 0
7622.team,content-2026-09-25-пул5-oform_29,26.09 12:43,3,0,,,,почти без кликов,0 0 0
9249.team,content-2026-09-25-пул5-oform_30,26.09 13:00,3,436,184,1,,держится,119 184 133
9475.team,content-2026-09-25-пул1-oform_10,26.09 13:17,3,0,,,,почти без кликов,0 0 0
9861.team,content-2026-09-25-пул5-oform_34,26.09 13:34,3,1,,,,почти без кликов,1 0 0
bple.team,content-2026-09-25-пул1-oform_17,26.09 13:51,3,13,,,,почти без кликов,8 3 2
cvga.team,content-2026-09-25-пул5-oform_36,26.09 14:36,3,14841,7500,1,,снижается,4660 7500 2681
f0s1.team,content-2026-09-25-пул1-oform_14,26.09 14:52,3,55,31,0,,снижается,31 15 9
tisb.team,content-2026-09-25-пул5-oform_31,26.09 15:08,2,3365,1772,1,,держится,1593 1772
vfge.team,content-2026-09-25-пул5-oform_32,26.09 15:37,2,1990,1173,1,,держится,817 1173
yeke.team,content-2026-09-25-пул1-oform_11,26.09 15:54,2,2324,1164,0,,держится,1164 1160
0442.team,content-2026-09-25-пул5-oform_10,26.09 16:15,2,218,141,0,,держится,141 77
0839.team,content-2026-09-25-пул5-oform_23,26.09 16:31,2,802,407,0,,держится,407 395
0883.team,content-2026-09-25-пул5-oform_21,26.09 16:47,2,64,35,0,,держится,35 29
1379.team,content-2026-09-25-пул5-oform_12,26.09 17:15,2,432,243,0,,держится,243 189
1883.team,content-2026-09-25-пул1-oform_6,26.09 17:43,2,3199,1716,1,,держится,1483 1716
2161.team,content-2026-09-25-пул5-oform_17,26.09 18:10,2,555,338,0,,держится,338 217
2327.team,content-2026-09-25-пул5-oform_4,26.09 18:27,2,298,154,1,,держится,144 154
2963.team,content-2026-09-25-пул1-oform_9,26.09 18:44,2,27,17,0,,держится,17 10
3192.team,content-2026-09-25-пул5-oform_9,26.09 19:09,2,516,294,1,,держится,222 294
3476.team,content-2026-09-25-пул5-oform_7,26.09 19:25,2,644,421,0,,держится,421 223
3681.team,content-2026-09-25-пул5-oform_27,26.09 19:40,2,3310,2225,1,,держится,1085 2225
4071.team,content-2026-09-25-пул5-oform_28,26.09 20:06,2,1093,593,1,,держится,500 593
4086.team,content-2026-09-25-пул1-oform_4,26.09 20:22,2,615,335,0,,держится,335 280
4167.team,content-2026-09-25-пул1-oform_2,26.09 20:53,2,183,113,1,,держится,70 113
5616.team,content-2026-09-25-пул5-oform_22,26.09 21:10,2,334,202,0,,держится,202 132
5943.team,content-2026-09-25-пул5-oform_8,26.09 21:25,2,73,52,0,,снижается,52 21
6094.team,content-2026-09-25-пул5-oform_15,26.09 22:08,2,102,91,0,1,обвал,91 11
7279.team,content-2026-09-25-пул5-oform_16,26.09 22:24,2,4058,2568,0,,держится,2568 1490
7427.team,content-2026-09-25-пул5-oform_19,26.09 22:57,2,65,45,0,,снижается,45 20
7755.team,content-2026-09-25-пул1-oform_1,26.09 23:14,2,120,64,0,,держится,64 56
7863.team,content-2026-09-25-пул5-oform_20,26.09 23:53,2,223,177,0,,снижается,177 46
8202.team,content-2026-09-25-пул1-oform_8,27.09 00:52,2,11,,,,почти без кликов,5 6
8634.team,content-2026-09-25-пул5-oform_11,27.09 01:08,2,266,135,0,,держится,135 131
9235.team,content-2026-09-25-пул5-oform_24,27.09 01:20,2,60,56,0,1,обвал,56 4
9717.team,content-2026-09-25-пул5-oform_6,27.09 01:24,2,1892,1056,0,,держится,1056 836
djta.team,content-2026-09-25-пул5-oform_25,27.09 01:29,2,96,88,0,1,обвал,88 8
efwg.team,content-2026-09-25-пул5-oform_5,27.09 01:39,2,29,24,0,1,обвал,24 5
f5m6.team,content-2026-09-25-пул5-oform_14,27.09 01:43,2,4,,,,почти без кликов,4 0
f7a1.team,content-2026-09-25-пул5-oform_26,27.09 02:23,2,710,515,0,,снижается,515 195
i5v.team,content-2026-09-25-пул5-oform_3,27.09 02:59,2,4558,2483,0,,держится,2483 2075
kqkd.team,content-2026-09-25-пул5-oform_13,27.09 03:15,2,3318,1934,0,,держится,1934 1384
q9a6.team,content-2026-09-25-пул1-oform_7,27.09 03:44,2,288,245,0,1,обвал,245 43
qavi.team,content-2026-09-25-пул5-oform_18,27.09 04:01,2,209,118,0,,держится,118 91
s3c6.team,content-2026-09-25-пул1-oform_5,27.09 04:35,2,54,47,0,1,обвал,47 7
wtey.team,content-2026-09-25-пул1-oform_3,27.09 04:52,2,1,,,,почти без кликов,1 0
0201.team,content-2026-09-25-пул4-oform_6,27.09 05:09,2,380,232,0,,держится,232 148
0228.team,content-2026-09-25-пул4-oform_4,27.09 05:37,2,410,246,0,,держится,246 164
0304.team,content-2026-09-25-пул5-oform_1,27.09 05:53,2,567,494,0,1,обвал,494 73
0507.team,content-2026-09-25-пул4-oform_23,27.09 06:09,2,47,33,0,,снижается,33 14
0582.team,content-2026-09-25-пул4-oform_30,27.09 06:40,2,17,,,,почти без кликов,14 3
0954.team,content-2026-09-25-пул4-oform_21,27.09 06:56,2,3,,,,почти без кликов,2 1
1217.team,content-2026-09-25-пул4-oform_50,27.09 07:13,2,19,,,,почти без кликов,18 1
1658.team,content-2026-09-25-пул4-oform_29,27.09 07:37,2,11,,,,почти без кликов,8 3
2503.team,content-2026-09-25-пул4-oform_31,27.09 07:53,2,3,,,,почти без кликов,2 1
2988.team,content-2026-09-25-пул4-oform_9,27.09 08:09,2,24,23,0,1,обвал,23 1
3166.team,content-2026-09-25-пул4-oform_8,27.09 08:36,2,11,,,,почти без кликов,6 5
3225.team,content-2026-09-25-пул4-oform_18,27.09 08:53,2,9,,,,почти без кликов,6 3
3389.team,content-2026-09-25-пул4-oform_26,27.09 09:09,2,29,21,1,,держится,8 21
4220.team,content-2026-09-25-пул4-oform_48,27.09 09:25,2,1,,,,почти без кликов,0 1
4340.team,content-2026-09-25-пул4-oform_35,27.09 09:41,2,15,,,,почти без кликов,9 6
4577.team,content-2026-09-25-пул4-oform_12,27.09 09:57,2,7,,,,почти без кликов,6 1
4679.team,content-2026-09-25-пул4-oform_39,27.09 10:13,2,12,,,,почти без кликов,4 8
4963.team,content-2026-09-25-пул4-oform_16,27.09 10:38,2,2,,,,почти без кликов,2 0
5093.team,content-2026-09-25-пул5-oform_2,27.09 10:55,2,5,,,,почти без кликов,4 1
5294.team,content-2026-09-25-пул4-oform_41,27.09 11:11,2,5,,,,почти без кликов,4 1
5360.team,content-2026-09-25-пул4-oform_42,27.09 11:27,2,24,21,0,1,обвал,21 3
6216.team,content-2026-09-25-пул4-oform_5,27.09 11:44,2,10,,,,почти без кликов,8 2
6819.team,content-2026-09-25-пул4-oform_14,27.09 12:00,2,9,,,,почти без кликов,2 7
6983.team,content-2026-09-25-пул4-oform_13,27.09 12:16,2,2,,,,почти без кликов,1 1
7660.team,content-2026-09-25-пул4-oform_10,27.09 12:32,2,1,,,,почти без кликов,1 0
7714.team,content-2026-09-25-пул4-oform_43,27.09 12:52,2,18,,,,почти без кликов,17 1
8224.team,content-2026-09-25-пул4-oform_25,27.09 13:35,2,0,,,,почти без кликов,0 0
8279.team,content-2026-09-25-пул4-oform_47,27.09 13:51,2,24,16,0,,держится,16 8
8898.team,content-2026-09-25-пул4-oform_7,27.09 14:07,2,2,,,,почти без кликов,2 0
9022.team,content-2026-09-25-пул4-oform_22,27.09 14:25,2,2,,,,почти без кликов,2 0
9275.team,content-2026-09-25-пул4-oform_19,27.09 14:41,2,3,,,,почти без кликов,3 0
9592.team,content-2026-09-25-пул4-oform_45,27.09 15:02,1,6,,,,почти без кликов,6
9688.team,content-2026-09-25-пул4-oform_33,27.09 15:16,1,0,,,,почти без кликов,0
9856.team,content-2026-09-25-пул4-oform_38,27.09 15:19,1,2,,,,почти без кликов,2
cgve.team,content-2026-09-25-пул4-oform_27,27.09 15:21,1,2,,,,почти без кликов,2
dokt.team,content-2026-09-25-пул4-oform_44,27.09 15:32,1,1,,,,почти без кликов,1
fuhf.team,content-2026-09-25-пул4-oform_40,27.09 16:02,1,8,,,,почти без кликов,8
gakx.team,content-2026-09-25-пул4-oform_15,27.09 16:18,1,5,,,,почти без кликов,5
h2e.team,content-2026-09-25-пул4-oform_36,27.09 16:44,1,1,,,,почти без кликов,1
iean.team,content-2026-09-25-пул4-oform_34,27.09 17:00,1,59,59,0,,держится,59
jtev.team,content-2026-09-25-пул4-oform_24,27.09 17:16,1,15,,,,почти без кликов,15
jvta.team,content-2026-09-25-пул4-oform_17,27.09 17:52,1,0,,,,почти без кликов,0
k1w7.team,content-2026-09-25-пул4-oform_20,27.09 18:08,1,2,,,,почти без кликов,2
l9b8.team,content-2026-09-25-пул4-oform_28,27.09 18:36,1,8,,,,почти без кликов,8
ogei.team,content-2026-09-25-пул4-oform_3,27.09 18:52,1,0,,,,почти без кликов,0
pgub.team,content-2026-09-25-пул4-oform_49,27.09 19:15,1,0,,,,почти без кликов,0
sevv.team,content-2026-09-25-пул4-oform_46,27.09 19:32,1,3,,,,почти без кликов,3
tskm.team,content-2026-09-25-пул4-oform_37,27.09 19:47,1,1,,,,почти без кликов,1
u3w.team,content-2026-09-25-пул4-oform_32,27.09 20:25,1,15,,,,почти без кликов,15
w4p0.team,content-2026-09-25-пул4-oform_11,27.09 20:49,1,182,182,0,,держится,182
0398.team,content-2026-09-26-пул1-oform_40,27.09 21:04,1,0,,,,почти без кликов,0
0560.team,content-2026-09-26-пул1-oform_29,27.09 21:38,1,17,,,,почти без кликов,17
0820.team,content-2026-09-26-пул1-oform_31,27.09 21:54,1,1,,,,почти без кликов,1
1604.team,content-2026-09-26-пул1-oform_12,27.09 22:13,1,41,41,0,,держится,41
1634.team,content-2026-09-26-пул2-oform_4,27.09 22:38,1,115,115,0,,держится,115
1817.team,content-2026-09-26-пул1-oform_44,27.09 22:55,1,17,,,,почти без кликов,17
1894.team,content-2026-09-26-пул2-oform_8,27.09 23:10,1,0,,,,почти без кликов,0
1942.team,content-2026-09-26-пул1-oform_43,27.09 23:39,1,63,63,0,,держится,63
1998.team,content-2026-09-26-пул1-oform_49,27.09 23:55,1,50,50,0,,держится,50
