content,domains,sites,index,reg,fd,cost,income,profit,profit_exp,per_domain,per_domain_exp,cost_per_reg,cost_per_fd
NEW20_4_12pages_withdate,3,618,19.4,5,0,3.0,0,-3.0,37.5,-1.0,12.51,0.6,
content-2026-09-14c-12str-oform,4,824,30.6,6,2,8.0,80,72.0,40.6,18.0,10.16,1.33,4.0
NEW50_2_12pages_nodate_02.09,6,1236,26.9,8,2,8.0,80,72.0,56.9,12.0,9.48,1.0,4.0
archive412_unique12оформлено,12,2471,25.4,16,2,24.0,80,56.0,105.7,4.67,8.81,1.5,11.99
NEW102оформленосдатой,18,3708,15.2,18,7,67.0,280,213.0,78.9,11.83,4.38,3.72,9.57
NEW50_7pages_nodate_01.09,14,2884,20.8,11,1,28.0,40,12.0,61.2,0.86,4.37,2.55,28.0
NEW50_3_12pages_withdate_styled,14,2884,23.2,9,2,22.0,80,58.0,51.0,4.14,3.64,2.44,11.0
NEW50_2_7pages_withdate,6,1236,21.1,4,1,12.0,40,28.0,20.4,4.67,3.4,3.0,12.0
Content_script_12page_08.09,11,2266,13.8,6,0,15.0,0,-15.0,33.6,-1.36,3.06,2.5,
NEW20_4_12pages_nodate,6,1236,17.5,3,1,10.0,40,30.0,14.3,5.0,2.39,3.33,10.0
Generator_11page_test_1…_9 (dorgen com,9,504,33.1,3,0,4.9,0,-4.9,19.4,-0.54,2.16,1.63,
nabory-631-640,6,900,20.7,2,0,4.4,0,-4.4,11.8,-0.73,1.97,2.18,
nabory421425_styled_img,5,1029,16.3,2,1,7.0,40,33.0,9.2,6.6,1.84,3.5,7.0
content-2026-09-14c-7str-oform-2,44,9064,20.0,18,3,66.0,120,54.0,79.9,1.23,1.82,3.67,22.0
NEW50_12pages_withdate_01.09,17,3502,23.6,12,3,67.0,120,53.0,30.3,3.12,1.78,5.58,22.33
Выдача_06.09_12стр,8,1648,13.5,3,0,11.0,0,-11.0,13.3,-1.38,1.66,3.67,
content-2026-09-17-7str-oform-2,48,7256,18.6,14,0,48.3,0,-48.3,65.2,-1.01,1.36,3.45,
NEW50_7pages_withdate_01.09,11,2266,18.4,4,1,20.0,40,20.0,12.4,1.82,1.13,5.0,20.0
nabory274283,10,2060,11.6,3,1,13.0,40,27.0,11.3,2.7,1.13,4.33,13.0
clean12_unique11оформлено,11,2266,22.0,4,1,20.0,40,20.0,12.4,1.82,1.13,5.0,20.0
NEW21_12pages_withdate_styled_img,4,824,28.6,4,1,28.0,40,12.0,4.4,3.0,1.11,7.0,28.0
Generator_346353_styled_img,8,1648,12.4,3,0,16.0,0,-16.0,8.3,-2.0,1.04,5.33,
trikomplektaB,3,618,10.7,1,1,5.0,40,35.0,3.1,11.67,1.04,5.0,5.0
NEW50_3_12pages_nodate_styled,11,2266,18.2,3,0,14.0,0,-14.0,10.3,-1.27,0.94,4.67,
nabory-555-564_styled_img,10,2060,15.8,3,0,15.0,0,-15.0,9.3,-1.5,0.93,5.0,
nabory-621-630,10,1500,30.9,2,0,7.3,0,-7.3,8.9,-0.73,0.89,3.64,
nabory470472_styled_img,3,618,14.1,1,0,6.0,0,-6.0,2.1,-2.0,0.7,6.0,
NEW50_2_12pages_withdate_02.09,17,3501,26.0,5,0,31.0,0,-31.0,9.5,-1.82,0.56,6.2,
content-2026-09-17b-7str-oform,33,5062,21.7,5,1,24.6,40,15.4,16.0,0.47,0.48,4.91,24.57
content-2026-09-14c-7str-oform-1,45,9270,20.6,11,2,72.0,80,8.0,17.2,0.18,0.38,6.55,36.0
NEW20_4_7pages_withdate,5,1030,11.9,1,1,7.0,40,33.0,1.1,6.6,0.22,7.0,7.0
nabory411420_styled_img,10,2060,12.0,2,2,15.0,80,65.0,1.2,6.5,0.12,7.5,7.5
NEW20_3_7pages_withdate_styled_img,4,824,20.6,1,0,8.0,0,-8.0,0.1,-2.0,0.03,8.0,
nabory-601-610,10,2060,8.0,2,1,16.0,40,24.0,0.2,2.4,0.02,8.0,16.0
NEW20_12pages_nodate_оформлено,6,1236,18.0,1,0,9.0,0,-9.0,-0.9,-1.5,-0.15,9.0,
NEW20_7pages_withdate_оформлено,5,1030,9.2,1,0,9.0,0,-9.0,-0.9,-1.8,-0.18,9.0,
content-2026-09-15-7str-oform-1,50,10299,8.6,7,2,69.0,80,11.0,-12.2,0.22,-0.24,9.86,34.5
clean7_part1_50оформлено,50,10300,9.9,10,1,102.0,40,-62.0,-20.9,-1.24,-0.42,10.2,102.0
NEW21_7pages_nodate_styled_img,6,1236,11.2,1,1,11.0,40,29.0,-2.9,4.83,-0.48,11.0,11.0
archive37строформленоv2часть3,45,9270,6.8,8,2,87.0,80,-7.0,-22.1,-0.16,-0.49,10.88,43.5
nabory-535-544_styled_img,10,2060,14.9,1,0,13.0,0,-13.0,-4.9,-1.3,-0.49,13.0,
content-2026-09-14-7str-oform-1,9,1854,7.7,1,0,13.0,0,-13.0,-4.9,-1.44,-0.54,13.0,
content-2026-09-16-7str,42,8372,12.2,5,1,63.4,40,-23.4,-22.8,-0.56,-0.54,12.67,63.37
NEW50_3_7pages_withdate_styled,12,2472,13.9,1,0,15.0,0,-15.0,-6.9,-1.25,-0.57,15.0,
content-2026-09-14-12str-oform,16,3296,14.9,2,0,26.0,0,-26.0,-9.8,-1.62,-0.61,13.0,
content-2026-09-14b-7str-oform-2,51,10505,13.4,7,3,89.0,120,31.0,-32.2,0.61,-0.63,12.71,29.66
nabory-641-650,4,600,29.5,0,0,2.9,0,-2.9,-2.9,-0.73,-0.73,,
archive37строформленоv2часть1,45,9269,6.4,5,2,74.0,80,6.0,-33.5,0.13,-0.74,14.8,37.0
content-2026-09-14-7str-oform-9,29,5974,11.1,4,1,54.0,40,-14.0,-21.6,-0.48,-0.74,13.5,54.0
content-2026-09-15-7str-oform-2,50,10300,12.2,5,2,79.0,80,1.0,-38.5,0.02,-0.77,15.8,39.5
КОНТЕНТ НЕ ЗАПИСАН,73,14737,9.1,7,1,119.1,40,-79.1,-62.3,-1.08,-0.85,17.01,119.08
archive47_unique119оформленочасть1,40,8240,8.3,6,2,84.0,80,-4.0,-35.4,-0.1,-0.88,14.0,42.0
NEW20_12pages_nodate_styled_img,4,824,23.7,3,0,28.0,0,-28.0,-3.7,-7.0,-0.92,9.33,
nabory-545-554_styled_img,10,1948,13.9,0,0,9.5,0,-9.5,-9.5,-0.95,-0.95,,
NEW50_3_7pages_nodate_styled,13,2678,11.5,1,0,21.0,0,-21.0,-12.9,-1.62,-0.99,21.0,
nabory284293,10,2060,6.4,0,0,10.0,0,-10.0,-10.0,-1.0,-1.0,,
NEW20_3_12pages_withdate_styled_img,5,1030,19.9,0,0,5.0,0,-5.0,-5.0,-1.0,-1.0,,
nabory455457_styled_img,3,618,2.3,0,0,3.0,0,-3.0,-3.0,-1.0,-1.0,,
content-2026-09-12-12str-oform,3,618,1.3,0,0,3.0,0,-3.0,-3.0,-1.0,-1.0,,
content-2026-09-12-7str-oform-3,39,8034,5.9,2,0,56.0,0,-56.0,-39.8,-1.44,-1.02,28.0,
content-2026-09-12-7str-oform-2,41,8446,6.6,3,2,67.0,80,13.0,-42.7,0.32,-1.04,22.33,33.5
nabory-611-620,10,1778,7.1,0,0,12.8,0,-12.8,-12.8,-1.28,-1.28,,
nabory294303,10,2060,10.9,0,0,13.0,0,-13.0,-13.0,-1.3,-1.3,,
nabory-525-534_styled_img,10,2060,5.5,0,0,13.0,0,-13.0,-13.0,-1.3,-1.3,,
content-2026-09-14-7str-oform-8,25,5150,9.0,0,0,33.0,0,-33.0,-33.0,-1.32,-1.32,,
nabory400410_styled_img,11,2266,8.3,0,0,15.0,0,-15.0,-15.0,-1.36,-1.36,,
content-2026-09-14b-7str-oform-1,22,4364,9.6,0,0,30.2,0,-30.2,-30.2,-1.37,-1.37,,
archive47_unique119оформленочасть2,24,4943,5.9,2,0,50.0,0,-50.0,-33.8,-2.08,-1.41,25.0,
NEW20_12pages_withdate_оформлено,4,824,15.4,0,0,6.0,0,-6.0,-6.0,-1.5,-1.5,,
nabory-565-580,16,3295,11.3,0,0,24.0,0,-24.0,-24.0,-1.5,-1.5,,
content-2026-09-12-7str-oform-1,41,8445,6.1,3,0,89.0,0,-89.0,-64.7,-2.17,-1.58,29.66,
nabory431435_styled_img,5,1030,12.2,0,0,8.0,0,-8.0,-8.0,-1.6,-1.6,,
NEW20_12pages_withdate_styled_img,6,1236,18.6,2,0,26.0,0,-26.0,-9.8,-4.33,-1.63,13.0,
content-2026-09-15-12str-oform,3,618,5.7,0,0,5.0,0,-5.0,-5.0,-1.67,-1.67,,
content-2026-09-16-12str,6,1236,12.3,0,0,10.0,0,-10.0,-10.0,-1.67,-1.67,,
nabory-591-600,10,2060,9.0,0,0,17.0,0,-17.0,-17.0,-1.7,-1.7,,
nabory-581-590,10,2004,8.3,0,0,17.7,0,-17.7,-17.7,-1.77,-1.77,,
NEW20_4_7pages_nodate,5,1030,7.6,0,0,9.0,0,-9.0,-9.0,-1.8,-1.8,,
archive37строформленоv2часть2,45,9270,5.5,2,1,97.0,40,-57.0,-80.8,-1.27,-1.8,48.5,97.0
nabory-495-499_styled_img,5,1030,6.4,0,0,9.0,0,-9.0,-9.0,-1.8,-1.8,,
NEW102оформленобездаты,42,8652,12.9,10,2,157.0,80,-77.0,-75.9,-1.83,-1.81,15.7,78.5
Generator_385390_styled_img,6,1236,4.5,0,0,11.0,0,-11.0,-11.0,-1.83,-1.83,,
NEW20_3_7pages_nodate_styled_img,6,1235,20.6,0,0,11.0,0,-11.0,-11.0,-1.83,-1.83,,
nabory-500-509_styled_img,10,2060,1.5,0,0,19.0,0,-19.0,-19.0,-1.9,-1.9,,
nabory264268_01.09,4,824,9.8,0,0,8.0,0,-8.0,-8.0,-2.0,-2.0,,
Generator_354359_styled_img,6,1235,5.3,0,0,12.0,0,-12.0,-12.0,-2.0,-2.0,,
trikomplekta,3,618,16.3,0,0,6.0,0,-6.0,-6.0,-2.0,-2.0,,
Generator_370382_styled_img,13,2678,3.2,0,0,26.0,0,-26.0,-26.0,-2.0,-2.0,,
Generator_392396_styled_img,5,1030,10.3,0,0,10.0,0,-10.0,-10.0,-2.0,-2.0,,
struktura8x7,8,1648,15.9,0,0,16.0,0,-16.0,-16.0,-2.0,-2.0,,
troykaC,3,618,10.0,0,0,6.0,0,-6.0,-6.0,-2.0,-2.0,,
nabory436440_styled_img,5,1030,9.3,0,0,10.0,0,-10.0,-10.0,-2.0,-2.0,,
NEW20_7pages_nodate_оформлено,5,1030,8.3,0,0,10.0,0,-10.0,-10.0,-2.0,-2.0,,
nabory441443_styled_img,3,618,6.3,0,0,6.0,0,-6.0,-6.0,-2.0,-2.0,,
nabory464466,3,618,5.8,0,0,6.0,0,-6.0,-6.0,-2.0,-2.0,,
nabory481483_styled_img_dark,3,618,13.8,0,0,6.0,0,-6.0,-6.0,-2.0,-2.0,,
nabory484486_styled_img,3,618,9.7,0,0,6.0,0,-6.0,-6.0,-2.0,-2.0,,
nabory-510-514_styled_img,5,1029,0.7,0,0,10.0,0,-10.0,-10.0,-2.0,-2.0,,
nabory-515-524_styled_img,10,2060,7.4,0,0,20.0,0,-20.0,-20.0,-2.0,-2.0,,
nabory447451_styled_img,5,1030,8.1,0,0,11.0,0,-11.0,-11.0,-2.2,-2.2,,
nabory-490-494_styled_img,5,1030,7.3,0,0,15.0,0,-15.0,-15.0,-3.0,-3.0,,
NEW20_7pages_nodate_styled_img,6,1236,11.7,0,0,22.0,0,-22.0,-22.0,-3.67,-3.67,,
nabory461463_styled_img,3,594,22.2,1,0,20.2,0,-20.2,-12.1,-6.73,-4.03,20.18,
script_yandex_12page,21,4326,9.6,4,0,121.0,0,-121.0,-88.6,-5.76,-4.22,30.25,
NEW50_12pages_nodate_01.09,8,1648,26.6,1,1,56.0,40,-16.0,-47.9,-2.0,-5.99,56.0,56.0
NEW20_7pages_withdate_styled_img,3,618,5.7,0,0,21.0,0,-21.0,-21.0,-7.0,-7.0,,
NEW21_12pages_nodate_styled_img,6,1236,17.0,0,0,42.0,0,-42.0,-42.0,-7.0,-7.0,,
NEW21_7pages_withdate_styled_img,5,1030,8.7,0,0,35.0,0,-35.0,-35.0,-7.0,-7.0,,
NEW20_3_12pages_nodate_styled_img,4,824,28.8,0,0,28.0,0,-28.0,-28.0,-7.0,-7.0,,
