content,rep,rep_day,orig,orig_day,rep_i24,rep_c24,rep_i48,rep_c48,rep_i72,rep_c72,rep_reg,rep_fd,orig_i24,orig_c24,orig_i48,orig_c48,orig_i72,orig_c72,orig_reg,orig_fd
NEW100-оформлено_14,8882.team,2026-09-29,f0e.team,2026-09-23,5.8,3.6,,,,,0,0,28.2,8.0,35.4,10.6,38.8,12.2,2,0
NEW100-оформлено_25,agvl.team,2026-09-29,0237.team,2026-09-22,1.5,3.6,,,,,0,0,20.9,16.5,28.2,20.3,36.9,21.9,2,0
NEW100-оформлено_40,2065.team,2026-09-29,1825.team,2026-09-22,3.9,3.6,,,,,0,0,47.6,16.5,51.9,20.3,52.9,21.9,2,0
NEW100-оформлено_43,0361.team,2026-09-29,9351.team,2026-09-23,1.5,3.6,,,,,0,0,18.4,8.0,24.3,10.6,29.1,12.2,1,1
NEW100-оформлено_6,0810.team,2026-09-29,4434casino.lol,2026-09-22,1.5,3.6,,,,,0,0,24.8,12.1,31.1,15.5,41.7,17.3,1,0
content-2026-09-14b-7str-oform-1_22,e1g4.team,2026-09-29,ltfa.team,2026-09-21,3.4,3.6,,,,,0,0,21.8,17.5,30.1,21.2,31.6,22.2,2,0
content-2026-09-14b-7str-oform-1_23,3102.team,2026-09-29,6223.lol,2026-09-21,0.0,3.6,,,,,0,0,12.1,13.0,14.6,15.8,16.5,16.7,1,1
content-2026-09-17-7str-oform-1_12,3071.team,2026-09-29,2155.lol,2026-09-21,0.5,3.6,,,,,0,0,19.4,13.0,23.8,15.8,25.7,16.7,1,1
content-2026-09-17-7str-oform-1_7,7638.team,2026-09-29,clyr.team,2026-09-21,,3.6,,,,,0,0,27.7,17.5,31.6,21.2,32.0,22.2,3,0
content-2026-09-21-7str-oform-3_40,6381.team,2026-09-29,casinohjn.team,2026-09-22,,3.6,,,,,0,0,24.8,16.5,29.1,20.3,31.6,21.9,2,1
content-2026-09-21b-12str_8,1260.team,2026-09-29,ftcasino.team,2026-09-23,3.4,3.6,,,,,0,0,36.9,8.0,44.7,10.6,52.9,12.2,3,0
content-2026-09-21b-7str-2_29,5833.team,2026-09-29,mujy.team,2026-09-23,,3.6,,,,,0,0,2.4,8.0,2.4,10.6,3.4,12.2,2,0
content-2026-09-23-7str-6-oform_18,bitr.team,2026-09-29,casinowx.team,2026-09-25,,3.6,,,,,0,0,1.0,2.2,1.0,3.0,1.0,3.2,2,0
NEW100-оформлено_38,jazg.team,2026-09-30,2520.lol,2026-09-22,,,,,,,0,0,28.6,12.1,33.0,15.5,33.0,17.3,2,0
NEW100-оформлено_41,kcoi.team,2026-09-30,8096.lol,2026-09-23,,,,,,,0,0,18.0,7.7,25.7,10.2,30.6,12.3,2,1
NEW100-оформлено_46,vxoq.team,2026-09-30,a9i5.team,2026-09-23,,,,,,,0,0,16.0,8.0,21.4,10.6,25.7,12.2,1,1
content-2026-09-21-7str-oform-3_44,e4g4.team,2026-09-30,7472.team,2026-09-22,,,,,,,0,0,18.0,16.5,21.8,20.3,23.8,21.9,3,1
content-2026-09-21b-12str_1,oxkn.team,2026-09-30,1041.team,2026-09-22,,,,,,,0,0,26.7,16.5,31.6,20.3,34.0,21.9,2,0
content-2026-09-21b-7str-2_26,bxul.team,2026-09-30,gccasino.lol,2026-09-23,,,,,,,0,0,17.0,7.7,18.9,10.2,23.3,12.3,1,0
content-2026-09-23-7str-5-oform_44,zrwd.team,2026-09-30,9992.team,2026-09-25,,,,,,,0,0,6.8,2.2,9.7,3.0,9.7,3.2,1,1
content-2026-09-25-пул5-oform_27,m4f6.team,2026-09-30,3681.team,2026-09-26,,,,,,,0,0,25.2,6.4,28.2,7.2,28.2,7.6,1,1
content-2026-09-25-пул5-oform_36,h2s2.team,2026-09-30,cvga.team,2026-09-26,,,,,,,0,0,39.3,6.4,43.2,7.2,45.1,7.6,4,1
