content,domain,launch,index72,reg,fd,already_repeated
NEW100-оформлено_41,8096.lol,2026-09-23,30.6,3,2,
content-2026-09-21-7str-oform-3_44,7472.team,2026-09-22,23.8,3,1,
content-2026-09-21-7str-oform-3_40,casinohjn.team,2026-09-22,31.6,3,1,
content-2026-09-25-пул5-oform_27,3681.team,2026-09-26,,1,1,
content-2026-09-23-7str-5-oform_44,9992.team,2026-09-25,,1,1,
NEW100-оформлено_46,a9i5.team,2026-09-23,25.7,1,1,
NEW100-оформлено_43,9351.team,2026-09-23,29.1,1,1,
content-2026-09-17-7str-oform-1_12,2155.lol,2026-09-21,25.7,1,1,
content-2026-09-14b-7str-oform-1_23,6223.lol,2026-09-21,16.5,1,1,
content-2026-09-25-пул5-oform_36,cvga.team,2026-09-26,,3,0,
content-2026-09-21b-12str_8,ftcasino.team,2026-09-23,52.9,3,0,
content-2026-09-17-7str-oform-1_7,clyr.team,2026-09-21,32.0,3,0,
content-2026-09-23-7str-6-oform_18,casinowx.team,2026-09-25,,2,0,
content-2026-09-21b-12str_1,1041.team,2026-09-22,34.0,2,0,
content-2026-09-21b-7str-2_29,mujy.team,2026-09-23,3.4,2,0,
content-2026-09-21b-7str-2_26,gccasino.lol,2026-09-23,23.3,2,0,
NEW100-оформлено_40,1825.team,2026-09-22,52.9,2,0,
NEW100-оформлено_38,2520.lol,2026-09-22,33.0,2,0,
NEW100-оформлено_25,0237.team,2026-09-22,36.9,2,0,
NEW100-оформлено_14,f0e.team,2026-09-23,38.8,2,0,
NEW100-оформлено_6,4434casino.lol,2026-09-22,41.7,2,0,
content-2026-09-14b-7str-oform-1_22,ltfa.team,2026-09-21,31.6,2,0,
content-2026-09-14b-7str-oform-1_15,jsm.team,2026-09-21,36.9,2,0,
content-2026-09-25-пул5-oform_32,vfge.team,2026-09-26,,1,0,
content-2026-09-25-пул5-oform_31,tisb.team,2026-09-26,,1,0,
content-2026-09-25-пул1-oform_1,7755.team,2026-09-26,,1,0,
content-2026-09-25-пул5-oform_9,3192.team,2026-09-26,,1,0,
content-2026-09-23-7str-5-oform_28,g3j.team,2026-09-25,,1,0,
content-2026-09-14b-7str-oform-1_1,few.team,2026-09-22,35.0,1,0,
content-2026-09-14-7str-oform-9_17,casinomj.lol,2026-09-22,27.7,1,0,
nabory-661-669_7,1079.team,2026-09-22,37.4,1,0,
nabory-661-669_3,i9q.lol,2026-09-22,23.8,1,0,
content-2026-09-21-7str-oform-3_29,9749.team,2026-09-22,40.3,1,0,
content-2026-09-21-7str-oform-3_27,1912.lol,2026-09-22,19.4,1,0,
content-2026-09-21b-12str_3,0265.team,2026-09-22,29.1,1,0,
content-2026-09-21b-12str_2,712casino.team,2026-09-22,29.1,1,0,
content-2026-09-21b-7str-2_45,1503.lol,2026-09-22,15.5,1,0,
content-2026-09-21b-7str-2_43,fklx.lol,2026-09-23,21.8,1,0,
content-2026-09-21b-7str-2_23,4463casino.lol,2026-09-22,16.5,1,0,
content-2026-09-21b-7str-2_18,0789.team,2026-09-22,23.8,1,0,
NEW100-оформлено_48,0990.team,2026-09-22,17.5,1,0,
NEW100-оформлено_35,avjb.lol,2026-09-23,24.8,1,0,
NEW100-оформлено_29,0432.lol,2026-09-22,21.8,1,0,
NEW100-оформлено_24,0857.team,2026-09-22,24.3,1,0,
NEW100-оформлено_18,1785.team,2026-09-22,13.6,1,0,
content-2026-09-22b-12str_7,8869.lol,2026-09-23,38.3,1,0,
content-2026-09-22b-12str_3,6918casino.lol,2026-09-23,38.8,1,0,
content-2026-09-22b-12str_1,8849.lol,2026-09-23,46.1,1,0,
content-2026-09-22b-7str_31,casino929.lol,2026-09-23,13.6,1,0,
content-2026-09-17-7str-oform-1_11,45casino.lol,2026-09-21,18.4,1,0,
content-2026-09-17-7str-oform-1_6,6147.team,2026-09-21,14.6,1,0,
content-2026-09-17-7str-oform-1_1,2749.team,2026-09-21,31.1,1,0,
content-2026-09-14b-7str-oform-1_20,8109.team,2026-09-21,26.7,1,0,
content-2026-09-14b-7str-oform-1_18,z6p5.lol,2026-09-21,12.1,1,0,
content-2026-09-14b-7str-oform-1_11,agcr.team,2026-09-21,24.8,1,0,
content-2026-09-14b-7str-oform-2_21,5496.team,2026-09-24,8.0,4,1,да
content-2026-09-14b-7str-oform-1_19,5656.team,2026-09-21,39.3,2,1,да
content-2026-09-14c-7str-oform-2_24,casinobkm.team,2026-09-24,7.3,1,1,да
content-2026-09-14-7str-oform-8_17,8649.lol,2026-09-21,18.9,1,1,да
content-2026-09-14c-7str-oform-2_17,57casino.team,2026-09-24,16.7,1,0,да
content-2026-09-17-7str-oform-1_34,6119.team,2026-09-24,3.3,1,0,да
